time,home_id,cloud_cover_pct,forecast_for,load_next_w,load_power_now_w,runtime_hours,soc_coulomb_pct,soc_now_percent,soc_physics_pct,solar_next_w,solar_power_now_w,weather_condition,ambient_temp_c,precipitation_prob,generation,load_abs_pct_error,load_error_w,solar_abs_pct_error,solar_error_w
2026-07-29T10:59:18+00:00,home_001,100.0,2026-07-29T11:04:18.302283+00:00,92.25,92.25,17.78,68.3,68.3,68.3,96.2,96.2,Clouds,,,,,,,
2026-07-29T11:04:03+00:00,home_001,100.0,2026-07-29T11:09:03.414572+00:00,114.02,114.02,14.38,68.3,68.3,65.0,131.55,131.55,Clouds,,,,,,,
2026-07-29T11:05:52+00:00,home_001,100.0,2026-07-29T11:10:52.457341+00:00,148.21,177.16,11.06,68.3,68.3,65.0,131.49,131.43,Clouds,,,,,,,
2026-07-29T11:06:01+00:00,home_001,100.0,2026-07-29T11:11:01.645438+00:00,152.47,162.08,10.75,68.3,68.3,65.0,130.47,127.58,Clouds,,,,,,,
2026-07-29T11:06:07+00:00,home_001,100.0,2026-07-29T11:11:07.586862+00:00,160.89,187.09,10.19,68.3,68.3,65.0,132.89,140.2,Clouds,,,,,,,
2026-07-29T11:06:12+00:00,home_001,100.0,2026-07-29T11:11:12.285580+00:00,164.02,175.93,10.0,68.3,68.3,65.0,131.12,124.35,Clouds,,,,,,,
2026-07-29T11:06:17+00:00,home_001,100.0,2026-07-29T11:11:17.287453+00:00,164.42,166.12,9.97,68.3,68.3,65.0,132.02,136.04,Clouds,,,,,,,
2026-07-29T11:06:23+00:00,home_001,100.0,2026-07-29T11:11:23.332369+00:00,167.56,182.43,9.79,68.3,68.3,65.0,130.84,125.45,Clouds,,,,,,,
2026-07-29T11:06:27+00:00,home_001,100.0,2026-07-29T11:11:27.328665+00:00,170.05,188.8,9.64,68.3,68.3,65.0,130.61,128.97,Clouds,,,,,,,
2026-07-29T11:06:32+00:00,home_001,100.0,2026-07-29T11:11:32.296487+00:00,173.38,191.75,9.46,68.3,68.3,65.0,131.65,139.48,Clouds,,,,,,,
2026-07-29T11:06:37+00:00,home_001,100.0,2026-07-29T11:11:37.338708+00:00,172.96,169.92,9.48,68.3,68.3,65.0,131.54,130.44,Clouds,,,,,,,
2026-07-29T11:06:42+00:00,home_001,100.0,2026-07-29T11:11:42.265522+00:00,166.13,137.68,9.87,68.3,68.3,65.0,132.17,140.03,Clouds,,,,,,,
2026-07-29T11:06:47+00:00,home_001,100.0,2026-07-29T11:11:47.307288+00:00,160.65,126.4,10.21,68.3,68.3,65.0,131.91,129.2,Clouds,,,,,,,
2026-07-29T11:06:52+00:00,home_001,100.0,2026-07-29T11:11:52.366438+00:00,169.21,198.98,9.69,68.3,68.3,65.0,132.46,138.75,Clouds,,,,,,,
2026-07-29T11:06:57+00:00,home_001,100.0,2026-07-29T11:11:57.355817+00:00,165.49,153.6,9.91,68.3,68.3,64.9,132.43,137.19,Clouds,,,,,,,
2026-07-29T11:07:02+00:00,home_001,100.0,2026-07-29T11:12:02.363837+00:00,159.27,102.48,10.29,68.3,68.3,64.9,133.07,125.6,Clouds,,,,,,,
2026-07-29T11:07:07+00:00,home_001,100.0,2026-07-29T11:12:07.406960+00:00,134.01,137.42,12.24,68.3,68.3,64.9,133.9,131.32,Clouds,,,,,,,
2026-07-29T11:07:12+00:00,home_001,100.0,2026-07-29T11:12:12.301398+00:00,153.48,97.95,10.68,68.3,68.3,64.9,133.76,127.67,Clouds,,,,,,,
2026-07-29T11:07:17+00:00,home_001,100.0,2026-07-29T11:12:17.303632+00:00,123.12,108.86,13.32,68.3,68.3,64.9,129.76,139.02,Clouds,,,,,,,
2026-07-29T11:07:22+00:00,home_001,100.0,2026-07-29T11:12:22.822386+00:00,166.59,168.82,9.84,68.3,68.3,65.0,130.01,134.51,Clouds,,,,,,,
2026-07-29T11:07:27+00:00,home_001,100.0,2026-07-29T11:12:27.339343+00:00,145.08,130.56,11.3,68.3,68.3,64.9,134.39,130.24,Clouds,,,,,,,
2026-07-29T11:07:32+00:00,home_001,100.0,2026-07-29T11:12:32.394532+00:00,160.85,158.51,10.19,68.3,68.3,64.9,133.88,127.88,Clouds,,,,,,,
2026-07-29T11:07:37+00:00,home_001,100.0,2026-07-29T11:12:37.431076+00:00,143.53,95.01,11.42,68.3,68.3,64.9,129.97,134.36,Clouds,,,,,,,
2026-07-29T11:07:49+00:00,home_001,100.0,2026-07-29T11:12:49.177430+00:00,133.78,128.49,12.26,68.3,68.3,65.0,133.86,128.66,Clouds,,,,,,,
2026-07-29T11:07:50+00:00,home_001,100.0,2026-07-29T11:12:50.816188+00:00,138.26,183.53,11.86,68.3,68.3,65.0,133.6,129.58,Clouds,,,,,,,
2026-07-29T11:07:52+00:00,home_001,100.0,2026-07-29T11:12:52.330464+00:00,138.99,94.52,11.8,68.3,68.3,64.9,129.94,136.51,Clouds,,,,,,,
2026-07-29T11:07:57+00:00,home_001,100.0,2026-07-29T11:12:57.350031+00:00,123.27,171.87,13.3,68.3,68.3,64.9,134.01,130.14,Clouds,,,,,,,
2026-07-29T11:08:02+00:00,home_001,100.0,2026-07-29T11:13:02.521128+00:00,134.63,193.94,12.18,68.3,68.3,64.9,133.54,127.14,Clouds,,,,,,,
2026-07-29T11:08:07+00:00,home_001,100.0,2026-07-29T11:13:07.373383+00:00,149.96,86.79,10.93,68.3,68.3,64.9,129.59,138.94,Clouds,,,,,,,
2026-07-29T11:08:12+00:00,home_001,100.0,2026-07-29T11:13:12.373490+00:00,105.25,164.52,15.58,68.3,68.3,64.9,133.13,130.43,Clouds,,,,,,,
2026-07-29T11:08:17+00:00,home_001,100.0,2026-07-29T11:13:17.530343+00:00,130.19,115.85,12.59,68.3,68.3,64.9,133.11,132.76,Clouds,,,,,,,
2026-07-29T11:08:22+00:00,home_001,100.0,2026-07-29T11:13:22.491472+00:00,129.67,87.28,12.64,68.3,68.3,64.9,129.67,136.84,Clouds,,,,,,,
2026-07-29T11:08:27+00:00,home_001,100.0,2026-07-29T11:13:27.368415+00:00,102.06,114.99,16.06,68.3,68.3,64.9,133.25,131.69,Clouds,,,,,,,
2026-07-29T11:08:32+00:00,home_001,100.0,2026-07-29T11:13:32.470014+00:00,150.59,96.23,10.89,68.3,68.3,64.9,132.78,133.11,Clouds,,,,,,,
2026-07-29T11:08:37+00:00,home_001,100.0,2026-07-29T11:13:37.401438+00:00,111.87,134.86,14.66,68.3,68.3,65.0,132.55,129.31,Clouds,,,,,,,
2026-07-29T11:08:42+00:00,home_001,100.0,2026-07-29T11:13:42.488230+00:00,116.81,87.05,14.04,68.3,68.3,65.0,132.21,127.7,Clouds,,,,,,,
2026-07-29T11:08:47+00:00,home_001,100.0,2026-07-29T11:13:47.510232+00:00,85.79,94.89,19.11,68.3,68.3,65.0,132.7,132.14,Clouds,,,,,,,
2026-07-29T11:08:52+00:00,home_001,100.0,2026-07-29T11:13:52.389329+00:00,154.51,164.16,10.61,68.3,68.3,65.0,130.34,141.4,Clouds,,,,,,,
2026-07-29T11:08:57+00:00,home_001,100.0,2026-07-29T11:13:57.447930+00:00,111.1,93.54,14.76,68.3,68.3,65.0,132.8,129.41,Clouds,,,,,,,
2026-07-29T11:09:02+00:00,home_001,100.0,2026-07-29T11:14:02.651055+00:00,144.38,172.99,11.36,68.3,68.3,65.0,129.78,135.46,Clouds,,,,,,,
2026-07-29T11:09:07+00:00,home_001,100.0,2026-07-29T11:14:07.505448+00:00,124.0,170.17,13.22,68.3,68.3,65.0,130.07,135.64,Clouds,,,,,,,
2026-07-29T11:09:12+00:00,home_001,100.0,2026-07-29T11:14:12.469839+00:00,159.49,179.73,10.28,68.3,68.3,65.0,134.42,130.85,Clouds,,,,,,,
2026-07-29T11:09:17+00:00,home_001,100.0,2026-07-29T11:14:17.517195+00:00,120.15,165.13,13.65,68.3,68.3,64.9,133.05,128.38,Clouds,,,,,,,
2026-07-29T11:09:23+00:00,home_001,100.0,2026-07-29T11:14:23.163434+00:00,146.77,83.24,11.17,68.3,68.3,64.9,130.28,135.6,Clouds,,,,,,,
2026-07-29T11:09:27+00:00,home_001,100.0,2026-07-29T11:14:27.463284+00:00,122.2,86.67,13.42,68.3,68.3,64.9,130.76,134.94,Clouds,,,,,,,
2026-07-29T11:09:32+00:00,home_001,100.0,2026-07-29T11:14:32.455445+00:00,162.1,194.81,10.11,68.3,68.3,65.0,130.1,140.54,Clouds,,,,,,,
2026-07-29T11:09:37+00:00,home_001,100.0,2026-07-29T11:14:37.624977+00:00,147.65,93.05,11.1,68.3,68.3,64.9,132.71,136.38,Clouds,,,,,,,
2026-07-29T11:09:42+00:00,home_001,100.0,2026-07-29T11:14:42.634391+00:00,147.47,83.12,11.12,68.3,68.3,65.0,132.33,133.21,Clouds,,,,,,,
2026-07-29T11:09:47+00:00,home_001,100.0,2026-07-29T11:14:47.499290+00:00,128.1,136.21,12.8,68.3,68.3,65.0,132.06,136.12,Clouds,,,,,,,
2026-07-29T11:09:52+00:00,home_001,100.0,2026-07-29T11:14:52.486470+00:00,129.03,97.71,12.71,68.3,68.3,65.0,131.28,140.02,Clouds,,,,,,,
2026-07-29T11:09:57+00:00,home_001,100.0,2026-07-29T11:14:57.535822+00:00,95.88,163.79,17.1,68.3,68.3,65.0,134.13,129.28,Clouds,,,,,,,
2026-07-29T11:10:02+00:00,home_001,100.0,2026-07-29T11:15:02.504605+00:00,127.66,135.6,12.84,68.3,68.3,65.0,132.22,131.66,Clouds,,,,,,,
2026-07-29T11:10:07+00:00,home_001,100.0,2026-07-29T11:15:07.494138+00:00,115.36,166.61,14.21,68.3,68.3,65.0,134.27,128.32,Clouds,,,,,,,
2026-07-29T11:10:12+00:00,home_001,100.0,2026-07-29T11:15:12.488456+00:00,115.64,90.48,14.18,68.3,68.3,65.0,132.07,128.53,Clouds,,,,,,,
2026-07-29T11:10:17+00:00,home_001,100.0,2026-07-29T11:15:17.469103+00:00,104.74,133.51,15.65,68.3,68.3,65.0,133.73,127.3,Clouds,,,,,,,
2026-07-29T11:10:23+00:00,home_001,100.0,2026-07-29T11:15:23.704003+00:00,148.69,130.08,11.03,68.3,68.3,65.0,131.84,132.86,Clouds,,,,,,,
2026-07-29T11:10:27+00:00,home_001,100.0,2026-07-29T11:15:27.498607+00:00,168.75,195.79,9.72,68.3,68.3,65.0,133.59,135.16,Clouds,,,,,,,
2026-07-29T11:10:32+00:00,home_001,100.0,2026-07-29T11:15:32.552500+00:00,143.86,125.79,11.4,68.3,68.3,65.0,132.06,133.42,Clouds,,,,,,,
2026-07-29T11:10:37+00:00,home_001,100.0,2026-07-29T11:15:37.495666+00:00,156.97,117.08,10.45,68.3,68.3,65.0,133.27,135.16,Clouds,,,,,,,
2026-07-29T11:10:42+00:00,home_001,100.0,2026-07-29T11:15:42.463092+00:00,109.72,153.0,14.94,68.3,68.3,65.0,131.7,127.7,Clouds,,,,,,,
2026-07-29T11:10:47+00:00,home_001,100.0,2026-07-29T11:15:47.608193+00:00,118.62,149.45,13.82,68.3,68.3,65.0,132.2,133.04,Clouds,,,,,,,
2026-07-29T11:10:52+00:00,home_001,100.0,2026-07-29T11:15:52.520609+00:00,135.77,94.4,12.08,68.3,68.3,65.0,132.62,137.15,Clouds,,,,,,,
2026-07-29T11:10:57+00:00,home_001,100.0,2026-07-29T11:15:57.590628+00:00,138.58,201.19,11.83,68.3,68.3,65.0,134.0,134.61,Clouds,,,,,,,
2026-07-29T11:11:02+00:00,home_001,100.0,2026-07-29T11:16:02.569266+00:00,109.24,165.99,15.01,68.3,68.3,64.9,132.94,125.67,Clouds,,,,,,,
2026-07-29T11:11:07+00:00,home_001,100.0,2026-07-29T11:16:07.576053+00:00,157.07,134.36,10.44,68.3,68.3,64.9,131.76,131.25,Clouds,,,,,,,
2026-07-29T11:11:12+00:00,home_001,100.0,2026-07-29T11:16:12.571972+00:00,145.55,173.71,11.26,68.3,68.3,64.9,134.26,131.91,Clouds,,,,,,,
2026-07-29T11:11:17+00:00,home_001,100.0,2026-07-29T11:16:17.622024+00:00,133.22,92.06,12.31,68.3,68.3,64.9,132.01,129.39,Clouds,,,,,,,
2026-07-29T11:11:22+00:00,home_001,100.0,2026-07-29T11:16:22.522812+00:00,141.01,163.41,11.63,68.3,68.3,64.9,131.2,139.0,Clouds,,,,,,,
2026-07-29T11:11:27+00:00,home_001,100.0,2026-07-29T11:16:27.671934+00:00,144.16,202.27,11.37,68.3,68.3,64.9,133.19,130.68,Clouds,,,,,,,
2026-07-29T11:11:32+00:00,home_001,100.0,2026-07-29T11:16:32.556562+00:00,131.99,164.76,12.42,68.3,68.3,64.9,133.25,133.03,Clouds,,,,,,,
2026-07-29T11:11:37+00:00,home_001,100.0,2026-07-29T11:16:37.594474+00:00,165.16,167.21,9.93,68.3,68.3,64.9,131.99,136.9,Clouds,,,,,,,
2026-07-29T11:11:42+00:00,home_001,100.0,2026-07-29T11:16:42.582191+00:00,154.54,145.88,10.61,68.3,68.3,64.9,132.64,126.64,Clouds,,,,,,,
2026-07-29T11:11:47+00:00,home_001,100.0,2026-07-29T11:16:47.562096+00:00,129.8,154.1,12.63,68.3,68.3,64.9,130.89,138.27,Clouds,,,,,,,
2026-07-29T11:11:52+00:00,home_001,100.0,2026-07-29T11:16:52.664688+00:00,161.01,101.01,10.18,68.3,68.3,64.9,132.84,131.76,Clouds,,,,,,,
2026-07-29T11:11:57+00:00,home_001,100.0,2026-07-29T11:16:57.702749+00:00,107.45,153.6,15.26,68.3,68.3,64.9,134.11,132.85,Clouds,,,,,,,
2026-07-29T11:12:02+00:00,home_001,100.0,2026-07-29T11:17:02.631207+00:00,133.81,200.07,12.25,68.3,68.3,64.9,133.25,135.72,Clouds,,,,,,,
2026-07-29T11:12:07+00:00,home_001,100.0,2026-07-29T11:17:07.590622+00:00,136.36,175.92,12.02,68.3,68.3,64.9,133.66,130.36,Clouds,,,,,,,
2026-07-29T11:12:12+00:00,home_001,100.0,2026-07-29T11:17:12.587893+00:00,176.51,200.68,9.29,68.3,68.3,64.9,130.6,141.22,Clouds,,,,,,,
2026-07-29T11:12:17+00:00,home_001,100.0,2026-07-29T11:17:17.531787+00:00,150.45,97.58,10.9,68.3,68.3,64.9,131.5,137.7,Clouds,,,,,,,
2026-07-29T11:12:22+00:00,home_001,100.0,2026-07-29T11:17:22.584006+00:00,137.42,150.05,11.93,68.3,68.3,64.9,133.35,128.71,Clouds,,,,,,,
2026-07-29T11:12:27+00:00,home_001,100.0,2026-07-29T11:17:27.608835+00:00,136.1,136.2,12.05,68.3,68.3,64.9,132.87,125.56,Clouds,,,,,,,
2026-07-29T11:12:32+00:00,home_001,100.0,2026-07-29T11:17:32.631680+00:00,160.68,167.58,10.2,68.3,68.3,64.9,130.71,138.37,Clouds,,,,,,,
2026-07-29T11:12:37+00:00,home_001,100.0,2026-07-29T11:17:37.576777+00:00,163.18,186.71,10.05,68.3,68.3,64.9,133.74,127.35,Clouds,,,,,,,
2026-07-29T11:12:42+00:00,home_001,100.0,2026-07-29T11:17:42.649608+00:00,158.81,180.82,10.32,68.3,68.3,64.9,132.86,136.01,Clouds,,,,,,,
2026-07-29T11:12:47+00:00,home_001,100.0,2026-07-29T11:17:47.586527+00:00,171.51,189.28,9.56,68.3,68.3,64.9,131.61,139.5,Clouds,,,,,,,
2026-07-29T11:12:52+00:00,home_001,100.0,2026-07-29T11:17:52.595932+00:00,159.63,172.97,10.27,68.3,68.3,64.9,133.78,132.92,Clouds,,,,,,,
2026-07-29T11:12:57+00:00,home_001,100.0,2026-07-29T11:17:57.606941+00:00,145.02,195.9,11.31,68.3,68.3,64.9,134.07,131.89,Clouds,,,,,,,
2026-07-29T11:13:02+00:00,home_001,100.0,2026-07-29T11:18:02.618836+00:00,137.46,144.17,11.93,68.3,68.3,64.9,135.25,135.39,Clouds,,,,,,,
2026-07-29T11:13:07+00:00,home_001,100.0,2026-07-29T11:18:07.702153+00:00,140.23,125.16,11.69,68.3,68.3,64.9,133.6,134.47,Clouds,,,,,,,
2026-07-29T11:13:12+00:00,home_001,100.0,2026-07-29T11:18:12.731183+00:00,163.17,193.45,10.05,68.3,68.3,64.9,131.49,134.87,Clouds,,,,,,,
2026-07-29T11:13:17+00:00,home_001,100.0,2026-07-29T11:18:17.617022+00:00,155.03,190.63,10.58,68.3,68.3,64.9,134.04,128.06,Clouds,,,,,,,
2026-07-29T11:13:22+00:00,home_001,100.0,2026-07-29T11:18:22.636883+00:00,137.83,155.55,11.9,68.3,68.3,64.8,133.21,130.3,Clouds,,,,,,,
2026-07-29T11:13:27+00:00,home_001,100.0,2026-07-29T11:18:27.833027+00:00,146.41,152.12,11.2,68.3,68.3,64.8,132.51,134.85,Clouds,,,,,,,
2026-07-29T11:13:32+00:00,home_001,100.0,2026-07-29T11:18:32.633079+00:00,157.93,177.5,10.38,68.3,68.3,64.8,132.43,139.34,Clouds,,,,,,,
2026-07-29T11:13:37+00:00,home_001,100.0,2026-07-29T11:18:37.615612+00:00,166.66,186.44,9.84,68.3,68.3,64.8,133.59,133.05,Clouds,,,,,,,
2026-07-29T11:13:43+00:00,home_001,100.0,2026-07-29T11:18:43.894537+00:00,162.94,84.95,10.06,68.3,68.3,64.8,133.13,139.05,Clouds,,,,,,,
2026-07-29T11:13:53+00:00,home_001,100.0,2026-07-29T11:18:53.507609+00:00,169.5,182.52,9.67,68.3,68.3,64.8,133.17,139.3,Clouds,,,,,,,
2026-07-29T11:13:57+00:00,home_001,100.0,2026-07-29T11:18:57.651257+00:00,172.81,173.21,9.49,68.3,68.3,64.8,134.48,139.09,Clouds,,,,,,,
2026-07-29T11:14:02+00:00,home_001,100.0,2026-07-29T11:19:02.641398+00:00,148.49,195.51,11.04,68.3,68.3,64.8,129.2,136.38,Clouds,,,,,,,
2026-07-29T11:14:07+00:00,home_001,100.0,2026-07-29T11:19:07.637386+00:00,138.31,84.21,11.85,68.3,68.3,64.8,133.84,127.96,Clouds,,,,,,,
2026-07-29T11:14:12+00:00,home_001,100.0,2026-07-29T11:19:12.673027+00:00,162.7,147.71,10.08,68.3,68.3,64.8,134.52,138.6,Clouds,,,,,,,
2026-07-29T11:14:17+00:00,home_001,100.0,2026-07-29T11:19:17.639045+00:00,155.95,146.61,10.51,68.3,68.3,64.8,132.97,134.24,Clouds,,,,,,,
2026-07-29T11:14:22+00:00,home_001,100.0,2026-07-29T11:19:22.663029+00:00,154.93,151.88,10.58,68.3,68.3,64.8,133.12,130.76,Clouds,,,,,,,
2026-07-29T11:14:27+00:00,home_001,100.0,2026-07-29T11:19:27.720092+00:00,138.01,88.75,11.88,68.3,68.3,64.8,134.82,127.19,Clouds,,,,,,,
2026-07-29T11:14:32+00:00,home_001,100.0,2026-07-29T11:19:32.808093+00:00,124.88,112.04,13.13,68.3,68.3,64.8,137.52,127.25,Clouds,,,,,,,
2026-07-29T11:14:37+00:00,home_001,100.0,2026-07-29T11:19:37.647661+00:00,144.69,179.82,11.33,68.3,68.3,64.8,133.5,130.16,Clouds,,,,,,,
2026-07-29T11:14:42+00:00,home_001,100.0,2026-07-29T11:19:42.944564+00:00,131.03,192.7,12.51,68.3,68.3,64.8,131.77,126.25,Clouds,,,,,,,
2026-07-29T11:14:47+00:00,home_001,100.0,2026-07-29T11:19:47.763969+00:00,152.11,91.32,10.78,68.3,68.3,64.8,133.39,130.92,Clouds,,,,,,,
2026-07-29T11:14:52+00:00,home_001,100.0,2026-07-29T11:19:52.698144+00:00,128.53,194.78,12.76,68.3,68.3,64.8,130.9,137.57,Clouds,,,,,,,
2026-07-29T11:14:57+00:00,home_001,100.0,2026-07-29T11:19:57.922759+00:00,135.24,121.35,12.12,68.3,68.3,64.8,132.2,131.72,Clouds,,,,,,,
2026-07-29T11:15:02+00:00,home_001,100.0,2026-07-29T11:20:02.703393+00:00,167.79,162.42,9.77,68.3,68.3,64.8,134.67,140.08,Clouds,,,,,,,
2026-07-29T11:15:07+00:00,home_001,100.0,2026-07-29T11:20:07.715097+00:00,154.19,89.85,10.63,68.3,68.3,64.8,132.44,134.01,Clouds,,,,,,,
2026-07-29T11:15:12+00:00,home_001,100.0,2026-07-29T11:20:12.736472+00:00,111.08,178.6,14.76,68.3,68.3,64.8,133.11,133.73,Clouds,,,,,,,
2026-07-29T11:15:17+00:00,home_001,100.0,2026-07-29T11:20:17.732415+00:00,138.93,180.19,11.8,68.3,68.3,64.8,132.73,131.46,Clouds,,,,,,,
2026-07-29T11:15:22+00:00,home_001,100.0,2026-07-29T11:20:22.712265+00:00,156.78,132.26,10.46,68.3,68.3,64.8,133.2,141.1,Clouds,,,,,,,
2026-07-29T11:15:27+00:00,home_001,100.0,2026-07-29T11:20:27.722112+00:00,142.31,187.06,11.52,68.3,68.3,64.8,133.92,132.28,Clouds,,,,,,,
2026-07-29T11:15:32+00:00,home_001,100.0,2026-07-29T11:20:32.956061+00:00,150.24,189.26,10.91,68.3,68.3,64.8,133.89,133.05,Clouds,,,,,,,
2026-07-29T11:15:37+00:00,home_001,100.0,2026-07-29T11:20:37.717649+00:00,141.15,156.78,11.62,68.3,68.3,64.8,133.81,140.95,Clouds,,,,,,,
2026-07-29T11:15:42+00:00,home_001,100.0,2026-07-29T11:20:42.771273+00:00,173.18,83.35,9.47,68.3,68.3,64.8,134.83,140.69,Clouds,,,,,,,
2026-07-29T11:15:47+00:00,home_001,100.0,2026-07-29T11:20:47.679712+00:00,136.09,167.69,12.05,68.3,68.3,64.8,135.51,138.82,Clouds,,,,,,,
2026-07-29T11:15:52+00:00,home_001,100.0,2026-07-29T11:20:52.820411+00:00,150.81,125.03,10.87,68.3,68.3,64.8,131.76,127.34,Clouds,,,,,,,
2026-07-29T11:15:57+00:00,home_001,100.0,2026-07-29T11:20:57.796179+00:00,154.49,116.82,10.61,68.3,68.3,64.8,133.96,136.82,Clouds,,,,,,,
2026-07-29T11:16:02+00:00,home_001,100.0,2026-07-29T11:21:02.816531+00:00,152.7,113.26,10.74,68.3,68.3,64.8,132.27,134.65,Clouds,,,,,,,
2026-07-29T11:16:07+00:00,home_001,100.0,2026-07-29T11:21:07.781228+00:00,148.46,106.89,11.04,68.3,68.3,64.8,132.76,134.76,Clouds,,,,,,,
2026-07-29T11:16:12+00:00,home_001,100.0,2026-07-29T11:21:12.805033+00:00,112.65,126.62,14.55,68.3,68.3,64.8,132.64,128.19,Clouds,,,,,,,
2026-07-29T11:16:18+00:00,home_001,100.0,2026-07-29T11:21:18.036280+00:00,142.92,186.44,11.47,68.3,68.3,64.8,134.44,134.05,Clouds,,,,,,,
2026-07-29T11:16:22+00:00,home_001,100.0,2026-07-29T11:21:22.816474+00:00,149.39,180.81,10.98,68.3,68.3,64.8,130.6,126.92,Clouds,,,,,,,
2026-07-29T11:16:27+00:00,home_001,100.0,2026-07-29T11:21:27.837710+00:00,130.36,166.83,12.58,68.3,68.3,64.8,134.02,140.03,Clouds,,,,,,,
2026-07-29T11:16:32+00:00,home_001,100.0,2026-07-29T11:21:32.837549+00:00,151.63,163.77,10.81,68.3,68.3,64.8,137.58,131.04,Clouds,,,,,,,
2026-07-29T11:16:37+00:00,home_001,100.0,2026-07-29T11:21:37.765104+00:00,140.26,124.79,11.69,68.3,68.3,64.8,136.34,133.74,Clouds,,,,,,,
2026-07-29T11:16:42+00:00,home_001,100.0,2026-07-29T11:21:42.898404+00:00,139.75,118.17,11.73,68.3,68.3,64.8,132.75,133.91,Clouds,,,,,,,
2026-07-29T11:16:47+00:00,home_001,100.0,2026-07-29T11:21:47.779205+00:00,135.21,161.56,12.13,68.3,68.3,64.8,133.65,125.13,Clouds,,,,,,,
2026-07-29T11:16:52+00:00,home_001,100.0,2026-07-29T11:21:52.920441+00:00,145.89,159.97,11.24,68.3,68.3,64.8,132.13,133.85,Clouds,,,,,,,
2026-07-29T11:16:57+00:00,home_001,100.0,2026-07-29T11:21:57.765504+00:00,141.37,94.88,11.6,68.3,68.3,64.8,132.2,135.1,Clouds,,,,,,,
2026-07-29T11:17:02+00:00,home_001,100.0,2026-07-29T11:22:02.752724+00:00,129.87,198.95,12.63,68.3,68.3,64.8,132.32,134.57,Clouds,,,,,,,
2026-07-29T11:17:07+00:00,home_001,100.0,2026-07-29T11:22:07.865289+00:00,148.19,112.9,11.06,68.3,68.3,64.8,131.92,131.98,Clouds,,,,,,,
2026-07-29T11:17:12+00:00,home_001,100.0,2026-07-29T11:22:12.928377+00:00,149.92,182.03,10.94,68.3,68.3,64.8,133.15,128.19,Clouds,,,,,,,
2026-07-29T11:17:17+00:00,home_001,100.0,2026-07-29T11:22:17.866344+00:00,136.63,94.63,12.0,68.3,68.3,64.8,132.87,126.86,Clouds,,,,,,,
2026-07-29T11:17:22+00:00,home_001,100.0,2026-07-29T11:22:22.947296+00:00,146.32,111.92,11.21,68.3,68.3,64.8,129.37,136.31,Clouds,,,,,,,
2026-07-29T11:17:27+00:00,home_001,100.0,2026-07-29T11:22:27.956600+00:00,150.84,107.75,10.87,68.3,68.3,64.8,133.02,133.15,Clouds,,,,,,,
2026-07-29T11:17:32+00:00,home_001,100.0,2026-07-29T11:22:32.877685+00:00,136.12,94.51,12.05,68.3,68.3,64.8,132.97,136.41,Clouds,,,,,,,
2026-07-29T11:17:37+00:00,home_001,100.0,2026-07-29T11:22:37.783448+00:00,133.09,153.59,12.32,68.3,68.3,64.8,134.57,140.79,Clouds,,,,,,,
2026-07-29T11:17:43+00:00,home_001,100.0,2026-07-29T11:22:43.908224+00:00,140.94,86.05,11.63,68.3,68.3,64.8,132.43,129.34,Clouds,,,,,,,
2026-07-29T11:17:48+00:00,home_001,100.0,2026-07-29T11:22:48.066888+00:00,142.44,109.83,11.51,68.3,68.3,64.8,130.72,138.15,Clouds,,,,,,,
2026-07-29T11:17:59+00:00,home_001,100.0,2026-07-29T11:22:59.765536+00:00,122.42,106.77,13.39,68.3,68.3,64.8,132.73,129.0,Clouds,,,,,,,
2026-07-29T11:18:01+00:00,home_001,100.0,2026-07-29T11:23:01.041384+00:00,114.81,128.46,14.28,68.3,68.3,64.8,132.71,126.82,Clouds,,,,,,,
2026-07-29T11:18:02+00:00,home_001,100.0,2026-07-29T11:23:02.960964+00:00,145.56,87.64,11.26,68.3,68.3,64.8,134.22,139.96,Clouds,,,,,,,
2026-07-29T11:18:07+00:00,home_001,100.0,2026-07-29T11:23:07.883815+00:00,122.81,110.81,13.35,68.3,68.3,64.8,131.94,130.47,Clouds,,,,,,,
2026-07-29T11:18:12+00:00,home_001,100.0,2026-07-29T11:23:12.917069+00:00,133.29,106.03,12.3,68.3,68.3,64.8,131.58,137.08,Clouds,,,,,,,
2026-07-29T11:18:17+00:00,home_001,100.0,2026-07-29T11:23:17.840201+00:00,151.27,188.28,10.84,68.3,68.3,64.8,130.19,138.09,Clouds,,,,,,,
2026-07-29T11:18:22+00:00,home_001,100.0,2026-07-29T11:23:22.891603+00:00,148.31,162.66,11.06,68.3,68.3,64.8,132.05,138.42,Clouds,,,,,,,
2026-07-29T11:18:27+00:00,home_001,100.0,2026-07-29T11:23:27.912644+00:00,121.08,99.17,13.54,68.3,68.3,64.8,133.17,130.53,Clouds,,,,,,,
2026-07-29T11:18:32+00:00,home_001,100.0,2026-07-29T11:23:32.857061+00:00,130.57,82.37,12.56,68.3,68.3,64.8,133.94,133.1,Clouds,,,,,,,
2026-07-29T11:18:37+00:00,home_001,100.0,2026-07-29T11:23:37.884185+00:00,148.89,97.7,11.01,68.3,68.3,64.8,133.68,135.73,Clouds,,,,,,,
2026-07-29T11:18:42+00:00,home_001,100.0,2026-07-29T11:23:42.886546+00:00,141.17,193.31,11.61,68.3,68.3,64.8,133.22,134.6,Clouds,,,,,,,
2026-07-29T11:18:47+00:00,home_001,100.0,2026-07-29T11:23:47.919414+00:00,146.35,122.21,11.2,68.3,68.3,64.8,133.3,134.06,Clouds,,,,,,,
2026-07-29T11:18:52+00:00,home_001,100.0,2026-07-29T11:23:52.856535+00:00,133.23,113.75,12.31,68.3,68.3,64.8,132.95,132.35,Clouds,,,,,,,
2026-07-29T11:18:57+00:00,home_001,100.0,2026-07-29T11:23:57.869518+00:00,117.5,87.89,13.95,68.3,68.3,64.8,130.75,134.05,Clouds,,,,,,,
2026-07-29T11:19:02+00:00,home_001,100.0,2026-07-29T11:24:02.858482+00:00,119.79,160.82,13.69,68.3,68.3,64.8,134.16,132.19,Clouds,,,,,,,
2026-07-29T11:19:07+00:00,home_001,100.0,2026-07-29T11:24:07.872413+00:00,127.24,120.13,12.89,68.3,68.3,64.8,134.22,136.09,Clouds,,,,,,,
2026-07-29T11:19:12+00:00,home_001,100.0,2026-07-29T11:24:12.919722+00:00,109.72,184.85,14.94,68.3,68.3,64.8,133.29,129.18,Clouds,,,,,,,
2026-07-29T11:19:17+00:00,home_001,100.0,2026-07-29T11:24:17.878856+00:00,115.68,148.81,14.17,68.3,68.3,64.8,132.72,131.9,Clouds,,,,,,,
2026-07-29T11:19:22+00:00,home_001,100.0,2026-07-29T11:24:22.855385+00:00,107.72,122.83,15.22,68.3,68.3,64.8,132.64,128.11,Clouds,,,,,,,
2026-07-29T11:19:28+00:00,home_001,100.0,2026-07-29T11:24:28.009184+00:00,119.03,126.26,13.77,68.3,68.3,64.8,133.09,125.65,Clouds,,,,,,,
2026-07-29T11:19:32+00:00,home_001,100.0,2026-07-29T11:24:32.873995+00:00,155.91,101.13,10.52,68.3,68.3,64.8,131.4,139.05,Clouds,,,,,,,
2026-07-29T11:19:37+00:00,home_001,100.0,2026-07-29T11:24:37.924793+00:00,129.7,127.48,12.64,68.3,68.3,64.8,134.35,135.64,Clouds,,,,,,,
2026-07-29T11:19:42+00:00,home_001,100.0,2026-07-29T11:24:42.904053+00:00,165.48,98.92,9.91,68.3,68.3,64.8,132.59,139.08,Clouds,,,,,,,
2026-07-29T11:19:47+00:00,home_001,100.0,2026-07-29T11:24:47.928718+00:00,128.88,168.06,12.72,68.3,68.3,64.8,133.41,136.42,Clouds,,,,,,,
2026-07-29T11:19:52+00:00,home_001,100.0,2026-07-29T11:24:52.921733+00:00,127.04,158.37,12.91,68.3,68.3,64.8,133.34,141.86,Clouds,,,,,,,
2026-07-29T11:19:57+00:00,home_001,100.0,2026-07-29T11:24:57.943584+00:00,128.4,136.06,12.77,68.3,68.3,64.8,134.93,136.47,Clouds,,,,,,,
2026-07-29T11:20:03+00:00,home_001,100.0,2026-07-29T11:25:03.497366+00:00,126.82,203.97,12.93,68.3,68.3,64.8,133.65,127.17,Clouds,,,,,,,
2026-07-29T11:20:07+00:00,home_001,100.0,2026-07-29T11:25:07.903308+00:00,122.55,123.81,13.38,68.3,68.3,64.8,132.91,133.07,Clouds,,,,,,,
2026-07-29T11:20:12+00:00,home_001,100.0,2026-07-29T11:25:12.910653+00:00,117.84,129.81,13.91,68.3,68.3,64.8,130.47,130.2,Clouds,,,,,,,
2026-07-29T11:20:17+00:00,home_001,100.0,2026-07-29T11:25:17.846758+00:00,131.45,180.07,12.47,68.3,68.3,64.8,134.75,140.43,Clouds,,,,,,,
2026-07-29T11:20:24+00:00,home_001,100.0,2026-07-29T11:25:24.029383+00:00,133.93,161.56,12.24,68.3,68.3,64.8,133.46,138.09,Clouds,,,,,,,
2026-07-29T11:20:27+00:00,home_001,100.0,2026-07-29T11:25:27.837086+00:00,140.11,111.79,11.7,68.3,68.3,64.8,133.96,137.01,Clouds,,,,,,,
2026-07-29T11:20:32+00:00,home_001,100.0,2026-07-29T11:25:32.857385+00:00,138.33,130.55,11.85,68.3,68.3,64.8,133.09,130.41,Clouds,,,,,,,
2026-07-29T11:20:37+00:00,home_001,100.0,2026-07-29T11:25:37.896164+00:00,146.72,114.37,11.17,68.3,68.3,64.8,134.55,137.1,Clouds,,,,,,,
2026-07-29T11:20:42+00:00,home_001,100.0,2026-07-29T11:25:42.899672+00:00,127.45,134.59,12.87,68.3,68.3,64.8,134.45,137.38,Clouds,,,,,,,
2026-07-29T11:20:47+00:00,home_001,100.0,2026-07-29T11:25:47.850382+00:00,127.26,168.67,12.88,68.3,68.3,64.8,130.37,131.84,Clouds,,,,,,,
2026-07-29T11:20:52+00:00,home_001,100.0,2026-07-29T11:25:52.935154+00:00,151.47,108.36,10.82,68.3,68.3,64.8,134.21,138.88,Clouds,,,,,,,
2026-07-29T11:20:57+00:00,home_001,100.0,2026-07-29T11:25:57.944648+00:00,124.42,104.07,13.18,68.3,68.3,64.8,134.84,129.85,Clouds,,,,,,,
2026-07-29T11:21:02+00:00,home_001,100.0,2026-07-29T11:26:02.871323+00:00,132.27,93.53,12.4,68.3,68.3,64.8,134.26,138.97,Clouds,,,,,,,
2026-07-29T11:21:07+00:00,home_001,100.0,2026-07-29T11:26:07.897424+00:00,115.4,103.21,14.21,68.3,68.3,64.8,135.53,131.74,Clouds,,,,,,,
2026-07-29T11:21:13+00:00,home_001,100.0,2026-07-29T11:26:13.027539+00:00,106.99,138.88,15.33,68.3,68.3,64.8,134.83,128.13,Clouds,,,,,,,
2026-07-29T11:21:17+00:00,home_001,100.0,2026-07-29T11:26:17.925834+00:00,138.92,196.5,11.8,68.3,68.3,64.8,133.03,135.09,Clouds,,,,,,,
2026-07-29T11:21:23+00:00,home_001,100.0,2026-07-29T11:26:23.019271+00:00,137.99,182.28,11.88,68.3,68.3,64.8,133.69,125.88,Clouds,,,,,,,
2026-07-29T11:21:27+00:00,home_001,100.0,2026-07-29T11:26:27.866929+00:00,112.76,164.26,14.54,68.3,68.3,64.8,132.07,134.16,Clouds,,,,,,,
2026-07-29T11:21:32+00:00,home_001,100.0,2026-07-29T11:26:32.857832+00:00,126.72,137.9,12.94,68.3,68.3,64.8,132.81,130.06,Clouds,,,,,,,
2026-07-29T11:21:37+00:00,home_001,100.0,2026-07-29T11:26:37.862714+00:00,131.34,125.89,12.48,68.3,68.3,64.8,134.83,128.17,Clouds,,,,,,,
2026-07-29T11:21:42+00:00,home_001,100.0,2026-07-29T11:26:42.893683+00:00,134.21,171.0,12.22,68.3,68.3,64.8,132.33,138.34,Clouds,,,,,,,
2026-07-29T11:21:47+00:00,home_001,100.0,2026-07-29T11:26:47.933708+00:00,136.86,145.99,11.98,68.3,68.3,64.8,133.93,138.12,Clouds,,,,,,,
2026-07-29T11:21:52+00:00,home_001,100.0,2026-07-29T11:26:52.963417+00:00,128.57,101.86,12.75,68.3,68.3,64.8,133.86,137.01,Clouds,,,,,,,
2026-07-29T11:21:57+00:00,home_001,100.0,2026-07-29T11:26:57.957192+00:00,158.79,200.54,10.33,68.3,68.3,64.8,134.32,129.2,Clouds,,,,,,,
2026-07-29T11:22:02+00:00,home_001,100.0,2026-07-29T11:27:02.944795+00:00,151.39,177.74,10.83,68.3,68.3,64.8,134.04,141.11,Clouds,,,,,,,
2026-07-29T11:22:07+00:00,home_001,100.0,2026-07-29T11:27:07.963061+00:00,133.51,119.52,12.28,68.3,68.3,64.8,133.89,139.02,Clouds,,,,,,,
2026-07-29T11:22:13+00:00,home_001,100.0,2026-07-29T11:27:13.112070+00:00,136.78,140.97,11.99,68.3,68.3,64.8,135.45,139.97,Clouds,,,,,,,
2026-07-29T11:22:17+00:00,home_001,100.0,2026-07-29T11:27:17.913249+00:00,134.51,136.68,12.19,68.3,68.3,64.8,133.45,133.42,Clouds,,,,,,,
2026-07-29T11:22:23+00:00,home_001,100.0,2026-07-29T11:27:23.121295+00:00,164.61,195.27,9.96,68.3,68.3,64.8,134.86,129.2,Clouds,,,,,,,
2026-07-29T11:22:28+00:00,home_001,100.0,2026-07-29T11:27:28.008691+00:00,148.7,139.5,11.03,68.3,68.3,64.8,132.84,134.36,Clouds,,,,,,,
2026-07-29T11:22:33+00:00,home_001,100.0,2026-07-29T11:27:33.961506+00:00,126.26,160.34,12.99,68.3,68.3,64.8,135.66,128.54,Clouds,,,,,,,
2026-07-29T11:22:37+00:00,home_001,100.0,2026-07-29T11:27:37.979220+00:00,161.83,175.17,10.13,68.3,68.3,64.8,134.33,129.4,Clouds,,,,,,,
2026-07-29T11:22:42+00:00,home_001,100.0,2026-07-29T11:27:42.967981+00:00,134.16,188.41,12.22,68.3,68.3,64.8,132.06,131.24,Clouds,,,,,,,
2026-07-29T11:22:47+00:00,home_001,100.0,2026-07-29T11:27:47.991131+00:00,135.93,184.47,12.06,68.3,68.3,64.8,135.8,141.1,Clouds,,,,,,,
2026-07-29T11:22:53+00:00,home_001,100.0,2026-07-29T11:27:53.129741+00:00,171.26,197.09,9.57,68.3,68.3,64.8,132.06,134.14,Clouds,,,,,,,
2026-07-29T11:22:58+00:00,home_001,100.0,2026-07-29T11:27:58.152201+00:00,156.46,180.3,10.48,68.3,68.3,64.8,134.37,129.24,Clouds,,,,,,,
2026-07-29T11:23:03+00:00,home_001,100.0,2026-07-29T11:28:03.064119+00:00,172.45,189.37,9.51,68.3,68.3,64.8,132.31,134.75,Clouds,,,,,,,
2026-07-29T11:23:08+00:00,home_001,100.0,2026-07-29T11:28:08.114031+00:00,141.6,93.77,11.58,68.3,68.3,64.8,134.06,136.01,Clouds,,,,,,,
2026-07-29T11:23:13+00:00,home_001,100.0,2026-07-29T11:28:13.132022+00:00,124.23,83.1,13.2,68.3,68.3,64.8,133.37,135.68,Clouds,,,,,,,
2026-07-29T11:23:18+00:00,home_001,100.0,2026-07-29T11:28:18.012868+00:00,154.86,126.0,10.59,68.3,68.3,64.8,134.89,128.65,Clouds,,,,,,,
2026-07-29T11:23:22+00:00,home_001,100.0,2026-07-29T11:28:22.998396+00:00,152.53,140.71,10.75,68.3,68.3,64.8,132.9,129.27,Clouds,,,,,,,
2026-07-29T11:23:28+00:00,home_001,100.0,2026-07-29T11:28:28.006611+00:00,146.57,165.35,11.19,68.3,68.3,64.8,131.45,126.63,Clouds,,,,,,,
2026-07-29T11:23:32+00:00,home_001,100.0,2026-07-29T11:28:32.989258+00:00,142.53,138.87,11.5,68.3,68.3,64.8,130.42,131.41,Clouds,,,,,,,
2026-07-29T11:23:38+00:00,home_001,100.0,2026-07-29T11:28:38.106064+00:00,138.95,89.97,11.8,68.3,68.3,64.8,134.31,141.26,Clouds,,,,,,,
2026-07-29T11:23:43+00:00,home_001,100.0,2026-07-29T11:28:43.017664+00:00,136.79,155.91,11.99,68.3,68.3,64.8,133.24,135.16,Clouds,,,,,,,
2026-07-29T11:23:48+00:00,home_001,100.0,2026-07-29T11:28:48.089780+00:00,144.45,117.67,11.35,68.3,68.3,64.8,132.21,126.81,Clouds,,,,,,,
2026-07-29T11:23:53+00:00,home_001,100.0,2026-07-29T11:28:53.110584+00:00,131.72,133.6,12.45,68.3,68.3,64.8,134.67,131.32,Clouds,,,,,,,
2026-07-29T11:23:58+00:00,home_001,100.0,2026-07-29T11:28:58.038251+00:00,131.47,85.43,12.47,68.3,68.3,64.8,133.86,137.67,Clouds,,,,,,,
2026-07-29T11:24:03+00:00,home_001,100.0,2026-07-29T11:29:03.223853+00:00,130.43,114.48,12.57,68.3,68.3,64.8,129.79,124.56,Clouds,,,,,,,
2026-07-29T11:24:08+00:00,home_001,100.0,2026-07-29T11:29:08.299040+00:00,129.76,132.62,12.64,68.3,68.3,64.8,133.59,137.44,Clouds,,,,,,,
2026-07-29T11:24:13+00:00,home_001,100.0,2026-07-29T11:29:13.625671+00:00,122.69,100.26,13.36,68.3,68.3,64.8,133.65,134.51,Clouds,,,,,,,
2026-07-29T11:24:18+00:00,home_001,100.0,2026-07-29T11:29:18.140445+00:00,123.58,183.0,13.27,68.3,68.3,64.8,134.09,127.79,Clouds,,,,,,,
2026-07-29T11:24:23+00:00,home_001,100.0,2026-07-29T11:29:23.084748+00:00,136.77,201.75,11.99,68.3,68.3,64.8,133.21,131.93,Clouds,,,,,,,
2026-07-29T11:24:28+00:00,home_001,100.0,2026-07-29T11:29:28.089654+00:00,135.93,149.66,12.06,68.3,68.3,64.8,134.79,141.55,Clouds,,,,,,,
2026-07-29T11:24:34+00:00,home_001,100.0,2026-07-29T11:29:34.139461+00:00,128.45,125.63,12.76,68.3,68.3,64.8,133.66,127.91,Clouds,,,,,,,
2026-07-29T11:24:38+00:00,home_001,100.0,2026-07-29T11:29:38.025973+00:00,134.56,116.81,12.19,68.3,68.3,64.8,131.97,135.51,Clouds,,,,,,,
2026-07-29T11:24:45+00:00,home_001,100.0,2026-07-29T11:29:45.217482+00:00,143.85,177.11,11.4,68.3,68.3,64.8,134.75,133.56,Clouds,,,,,,,
2026-07-29T11:24:48+00:00,home_001,100.0,2026-07-29T11:29:48.089314+00:00,131.42,128.33,12.48,68.3,68.3,64.8,135.51,131.76,Clouds,,,,,,,
2026-07-29T11:24:53+00:00,home_001,100.0,2026-07-29T11:29:53.153413+00:00,147.15,139.97,11.14,68.3,68.3,64.8,134.0,137.42,Clouds,,,,,,,
2026-07-29T11:24:58+00:00,home_001,100.0,2026-07-29T11:29:58.125108+00:00,136.25,117.05,12.03,68.3,68.3,64.8,133.68,131.78,Clouds,,,,,,,
2026-07-29T11:25:03+00:00,home_001,100.0,2026-07-29T11:30:03.114366+00:00,127.71,87.27,12.84,68.3,68.3,64.8,131.41,126.88,Clouds,,,,,,,
2026-07-29T11:25:08+00:00,home_001,100.0,2026-07-29T11:30:08.090297+00:00,146.94,168.66,11.16,68.3,68.3,64.8,133.38,138.77,Clouds,,,,,,,
2026-07-29T11:25:13+00:00,home_001,100.0,2026-07-29T11:30:13.112242+00:00,125.03,169.39,13.11,68.3,68.3,64.8,132.56,133.03,Clouds,,,,,,,
2026-07-29T11:25:18+00:00,home_001,100.0,2026-07-29T11:30:18.240062+00:00,162.63,184.59,10.08,68.3,68.3,64.8,133.44,129.17,Clouds,,,,,,,
2026-07-29T11:25:23+00:00,home_001,100.0,2026-07-29T11:30:23.116450+00:00,120.99,149.41,13.55,68.3,68.3,64.8,134.1,128.04,Clouds,,,,,,,
2026-07-29T11:25:28+00:00,home_001,100.0,2026-07-29T11:30:28.089430+00:00,144.1,118.77,11.38,68.3,68.3,64.8,133.39,131.58,Clouds,,,,,,,
2026-07-29T11:25:33+00:00,home_001,100.0,2026-07-29T11:30:33.099400+00:00,149.21,177.73,10.99,68.3,68.3,64.8,134.5,128.3,Clouds,,,,,,,
2026-07-29T11:25:38+00:00,home_001,100.0,2026-07-29T11:30:38.135455+00:00,151.62,124.53,10.81,68.3,68.3,64.8,134.71,141.24,Clouds,,,,,,,
2026-07-29T11:25:43+00:00,home_001,100.0,2026-07-29T11:30:43.345703+00:00,132.22,118.4,12.4,68.3,68.3,64.8,133.2,133.0,Clouds,,,,,,,
2026-07-29T11:25:48+00:00,home_001,100.0,2026-07-29T11:30:48.088470+00:00,148.2,185.08,11.06,68.3,68.3,64.8,134.85,131.46,Clouds,,,,,,,
2026-07-29T11:25:53+00:00,home_001,100.0,2026-07-29T11:30:53.209599+00:00,135.25,83.96,12.12,68.3,68.3,64.8,133.72,129.11,Clouds,,,,,,,
2026-07-29T11:25:58+00:00,home_001,100.0,2026-07-29T11:30:58.113736+00:00,122.62,163.75,13.37,68.3,68.3,64.8,134.62,139.48,Clouds,,,,,,,
2026-07-29T11:26:03+00:00,home_001,100.0,2026-07-29T11:31:03.121401+00:00,151.51,149.04,10.82,68.3,68.3,64.8,130.21,129.54,Clouds,,,,,,,
2026-07-29T11:26:08+00:00,home_001,100.0,2026-07-29T11:31:08.375900+00:00,133.05,159.46,12.32,68.3,68.3,64.8,132.04,134.69,Clouds,,,,,,,
2026-07-29T11:26:13+00:00,home_001,100.0,2026-07-29T11:31:13.661182+00:00,136.57,178.22,12.01,68.3,68.3,64.8,133.3,136.38,Clouds,,,,,,,
2026-07-29T11:26:18+00:00,home_001,100.0,2026-07-29T11:31:18.166304+00:00,154.97,172.82,10.58,68.3,68.3,64.8,130.7,126.87,Clouds,,,,,,,
2026-07-29T11:26:23+00:00,home_001,100.0,2026-07-29T11:31:23.174355+00:00,132.94,82.61,12.33,68.3,68.3,64.8,133.1,138.27,Clouds,,,,,,,
2026-07-29T11:26:28+00:00,home_001,100.0,2026-07-29T11:31:28.120733+00:00,132.28,152.11,12.39,68.3,68.3,64.8,134.22,126.38,Clouds,,,,,,,
2026-07-29T11:26:33+00:00,home_001,100.0,2026-07-29T11:31:33.221745+00:00,133.19,177.85,12.31,68.3,68.3,64.8,132.51,131.87,Clouds,,,,,,,
2026-07-29T11:26:38+00:00,home_001,100.0,2026-07-29T11:31:38.136521+00:00,136.3,144.39,12.03,68.3,68.3,64.8,130.86,130.0,Clouds,,,,,,,
2026-07-29T11:26:43+00:00,home_001,100.0,2026-07-29T11:31:43.147718+00:00,142.88,172.7,11.48,68.3,68.3,64.8,133.56,135.28,Clouds,,,,,,,
2026-07-29T11:26:48+00:00,home_001,100.0,2026-07-29T11:31:48.177881+00:00,161.51,181.16,10.15,68.3,68.3,64.8,131.79,135.68,Clouds,,,,,,,
2026-07-29T11:26:53+00:00,home_001,100.0,2026-07-29T11:31:53.192310+00:00,151.72,144.88,10.81,68.3,68.3,64.8,134.19,135.82,Clouds,,,,,,,
2026-07-29T11:26:58+00:00,home_001,100.0,2026-07-29T11:31:58.218169+00:00,132.98,134.09,12.33,68.3,68.3,64.8,133.84,137.31,Clouds,,,,,,,
2026-07-29T11:27:03+00:00,home_001,100.0,2026-07-29T11:32:03.222969+00:00,149.12,121.96,10.99,68.3,68.3,64.8,133.88,132.95,Clouds,,,,,,,
2026-07-29T11:27:08+00:00,home_001,100.0,2026-07-29T11:32:08.178254+00:00,135.07,198.81,12.14,68.3,68.3,64.8,133.22,128.74,Clouds,,,,,,,
2026-07-29T11:27:13+00:00,home_001,100.0,2026-07-29T11:32:13.256906+00:00,148.71,117.67,11.03,68.3,68.3,64.8,130.72,133.96,Clouds,,,,,,,
2026-07-29T11:27:20+00:00,home_001,100.0,2026-07-29T11:32:20.589449+00:00,139.91,96.58,11.72,68.3,68.3,64.8,132.74,130.63,Clouds,,,,,,,
2026-07-29T11:27:23+00:00,home_001,100.0,2026-07-29T11:32:23.370222+00:00,153.17,136.67,10.7,68.3,68.3,64.8,132.28,132.31,Clouds,,,,,,,
2026-07-29T11:27:28+00:00,home_001,100.0,2026-07-29T11:32:28.234314+00:00,146.01,162.53,11.23,68.3,68.3,64.8,134.01,140.35,Clouds,,,,,,,
2026-07-29T11:27:33+00:00,home_001,100.0,2026-07-29T11:32:33.292014+00:00,147.14,168.17,11.14,68.3,68.3,64.8,134.56,131.49,Clouds,,,,,,,
2026-07-29T11:27:38+00:00,home_001,100.0,2026-07-29T11:32:38.219641+00:00,148.44,112.27,11.05,68.3,68.3,64.8,135.15,126.86,Clouds,,,,,,,
2026-07-29T11:27:43+00:00,home_001,100.0,2026-07-29T11:32:43.223515+00:00,150.89,167.43,10.87,68.3,68.3,64.8,133.15,137.52,Clouds,,,,,,,
2026-07-29T11:27:48+00:00,home_001,100.0,2026-07-29T11:32:48.280592+00:00,145.0,170.37,11.31,68.3,68.3,64.8,134.06,138.07,Clouds,,,,,,,
2026-07-29T11:27:53+00:00,home_001,100.0,2026-07-29T11:32:53.297306+00:00,152.64,147.08,10.74,68.3,68.3,64.8,135.15,129.18,Clouds,,,,,,,
2026-07-29T11:29:16+00:00,home_001,100.0,2026-07-29T11:34:16.105026+00:00,144.87,123.8,11.32,68.3,68.3,64.8,131.42,126.53,Clouds,,,,,,,
2026-07-29T11:29:18+00:00,home_001,100.0,2026-07-29T11:34:18.667658+00:00,152.81,199.3,10.73,68.3,68.3,64.8,133.64,138.5,Clouds,,,,,,,
2026-07-29T11:29:23+00:00,home_001,100.0,2026-07-29T11:34:23.644182+00:00,136.18,146.95,12.04,68.3,68.3,64.7,131.43,133.89,Clouds,,,,,,,
2026-07-29T11:29:28+00:00,home_001,100.0,2026-07-29T11:34:28.664422+00:00,154.88,127.95,10.59,68.3,68.3,64.7,133.42,141.82,Clouds,,,,,,,
2026-07-29T11:29:33+00:00,home_001,100.0,2026-07-29T11:34:33.712235+00:00,126.64,109.2,12.95,68.3,68.3,64.7,132.93,139.78,Clouds,,,,,,,
2026-07-29T11:29:38+00:00,home_001,100.0,2026-07-29T11:34:38.663269+00:00,145.73,181.39,11.25,68.3,68.3,64.7,134.21,138.41,Clouds,,,,,,,
2026-07-29T11:29:43+00:00,home_001,100.0,2026-07-29T11:34:43.667892+00:00,139.83,109.08,11.73,68.3,68.3,64.7,130.5,131.9,Clouds,,,,,,,
2026-07-29T11:29:48+00:00,home_001,100.0,2026-07-29T11:34:48.664481+00:00,135.9,155.41,12.06,68.3,68.3,64.7,133.39,136.34,Clouds,,,,,,,
2026-07-29T11:29:53+00:00,home_001,100.0,2026-07-29T11:34:53.684073+00:00,142.13,160.31,11.54,68.3,68.3,64.7,131.63,135.12,Clouds,,,,,,,
2026-07-29T11:29:58+00:00,home_001,100.0,2026-07-29T11:34:58.715983+00:00,144.22,189.48,11.37,68.3,68.3,64.7,133.45,131.79,Clouds,,,,,,,
2026-07-29T11:30:03+00:00,home_001,100.0,2026-07-29T11:35:03.747486+00:00,166.14,85.67,9.87,68.3,68.3,64.7,134.73,129.86,Clouds,,,,,,,
2026-07-29T11:30:08+00:00,home_001,100.0,2026-07-29T11:35:08.722186+00:00,148.28,197.44,11.06,68.3,68.3,64.7,133.59,139.51,Clouds,,,,,,,
2026-07-29T11:30:13+00:00,home_001,100.0,2026-07-29T11:35:13.808656+00:00,146.05,156.39,11.23,68.3,68.3,64.7,132.99,134.74,Clouds,,,,,,,
2026-07-29T11:30:18+00:00,home_001,100.0,2026-07-29T11:35:18.749346+00:00,143.26,90.69,11.44,68.3,68.3,64.7,133.04,129.57,Clouds,,,,,,,
2026-07-29T11:30:23+00:00,home_001,100.0,2026-07-29T11:35:23.779204+00:00,170.68,103.32,9.61,68.3,68.3,64.7,135.27,126.59,Clouds,,,,,,,
2026-07-29T11:30:28+00:00,home_001,100.0,2026-07-29T11:35:28.786816+00:00,163.69,136.78,10.02,68.3,68.3,64.7,133.22,131.91,Clouds,,,,,,,
2026-07-29T11:30:33+00:00,home_001,100.0,2026-07-29T11:35:33.778184+00:00,177.5,85.67,9.24,68.3,68.3,64.7,132.6,141.15,Clouds,,,,,,,
2026-07-29T11:30:38+00:00,home_001,100.0,2026-07-29T11:35:38.807144+00:00,142.94,204.19,11.47,68.3,68.3,64.7,134.27,134.83,Clouds,,,,,,,
2026-07-29T11:30:43+00:00,home_001,100.0,2026-07-29T11:35:43.785188+00:00,134.92,125.5,12.15,68.3,68.3,64.7,133.83,139.76,Clouds,,,,,,,
2026-07-29T11:30:48+00:00,home_001,100.0,2026-07-29T11:35:48.815937+00:00,173.47,164.72,9.45,68.3,68.3,64.7,132.98,141.89,Clouds,,,,,,,
2026-07-29T11:30:53+00:00,home_001,100.0,2026-07-29T11:35:53.815171+00:00,129.05,189.6,12.7,68.3,68.3,64.7,132.85,132.49,Clouds,,,,,,,
2026-07-29T11:30:58+00:00,home_001,100.0,2026-07-29T11:35:58.803723+00:00,136.6,174.16,12.0,68.3,68.3,64.7,132.66,133.91,Clouds,,,,,,,
2026-07-29T11:31:03+00:00,home_001,100.0,2026-07-29T11:36:03.827830+00:00,138.85,177.22,11.81,68.3,68.3,64.7,131.66,128.41,Clouds,,,,,,,
2026-07-29T11:31:08+00:00,home_001,100.0,2026-07-29T11:36:08.834626+00:00,159.26,183.1,10.3,68.3,68.3,64.7,130.94,129.76,Clouds,,,,,,,
2026-07-29T11:31:13+00:00,home_001,100.0,2026-07-29T11:36:13.842638+00:00,146.37,149.16,11.2,68.3,68.3,64.7,134.36,140.35,Clouds,,,,,,,
2026-07-29T11:31:18+00:00,home_001,100.0,2026-07-29T11:36:18.850408+00:00,134.85,152.34,12.16,68.3,68.3,64.7,133.54,139.19,Clouds,,,,,,,
2026-07-29T11:31:23+00:00,home_001,100.0,2026-07-29T11:36:23.849265+00:00,146.05,129.91,11.23,68.3,68.3,64.7,133.7,134.54,Clouds,,,,,,,
2026-07-29T11:31:28+00:00,home_001,100.0,2026-07-29T11:36:28.922082+00:00,135.94,107.36,12.06,68.3,68.3,64.7,131.5,129.86,Clouds,,,,,,,
2026-07-29T11:31:33+00:00,home_001,100.0,2026-07-29T11:36:33.842783+00:00,141.6,179.8,11.58,68.3,68.3,64.7,134.1,127.48,Clouds,,,,,,,
2026-07-29T11:31:38+00:00,home_001,100.0,2026-07-29T11:36:38.851842+00:00,139.99,138.86,11.71,68.3,68.3,64.7,132.8,138.68,Clouds,,,,,,,
2026-07-29T11:31:43+00:00,home_001,100.0,2026-07-29T11:36:43.858455+00:00,134.75,116.43,12.17,68.3,68.3,64.7,133.52,137.5,Clouds,,,,,,,
2026-07-29T11:31:48+00:00,home_001,100.0,2026-07-29T11:36:48.871960+00:00,119.58,138.98,13.71,68.3,68.3,64.7,132.95,126.61,Clouds,,,,,,,
2026-07-29T11:31:53+00:00,home_001,100.0,2026-07-29T11:36:53.876792+00:00,155.15,85.42,10.57,68.3,68.3,64.7,130.83,137.67,Clouds,,,,,,,
2026-07-29T11:31:58+00:00,home_001,100.0,2026-07-29T11:36:58.885480+00:00,140.74,132.37,11.65,68.3,68.3,64.7,131.8,136.63,Clouds,,,,,,,
2026-07-29T11:32:03+00:00,home_001,100.0,2026-07-29T11:37:03.937297+00:00,142.1,176.12,11.54,68.3,68.3,64.7,133.18,133.5,Clouds,,,,,,,
2026-07-29T11:32:08+00:00,home_001,100.0,2026-07-29T11:37:08.928666+00:00,143.9,164.48,11.39,68.3,68.3,64.7,132.88,136.75,Clouds,,,,,,,
2026-07-29T11:32:14+00:00,home_001,100.0,2026-07-29T11:37:14.012258+00:00,171.07,196.59,9.58,68.3,68.3,64.7,133.75,135.0,Clouds,,,,,,,
2026-07-29T11:32:18+00:00,home_001,100.0,2026-07-29T11:37:18.975562+00:00,161.86,195.36,10.13,68.3,68.3,64.7,134.01,131.86,Clouds,,,,,,,
2026-07-29T11:32:23+00:00,home_001,100.0,2026-07-29T11:37:23.937346+00:00,149.37,161.78,10.98,68.3,68.3,64.7,132.89,133.54,Clouds,,,,,,,
2026-07-29T11:32:28+00:00,home_001,100.0,2026-07-29T11:37:28.916133+00:00,139.1,97.56,11.79,68.3,68.3,64.7,133.77,126.82,Clouds,,,,,,,
2026-07-29T11:32:33+00:00,home_001,100.0,2026-07-29T11:37:33.922340+00:00,151.91,103.2,10.79,68.3,68.3,64.7,135.11,139.71,Clouds,,,,,,,
2026-07-29T11:32:38+00:00,home_001,100.0,2026-07-29T11:37:38.949034+00:00,135.99,86.89,12.06,68.3,68.3,64.7,133.81,126.27,Clouds,,,,,,,
2026-07-29T11:32:43+00:00,home_001,100.0,2026-07-29T11:37:43.970554+00:00,152.42,181.14,10.76,68.3,68.3,64.7,133.66,137.33,Clouds,,,,,,,
2026-07-29T11:32:49+00:00,home_001,100.0,2026-07-29T11:37:49.010656+00:00,155.84,200.63,10.52,68.3,68.3,64.7,133.73,134.31,Clouds,,,,,,,
2026-07-29T11:32:53+00:00,home_001,100.0,2026-07-29T11:37:53.986650+00:00,109.88,139.47,14.92,68.3,68.3,64.7,135.8,126.13,Clouds,,,,,,,
2026-07-29T11:32:59+00:00,home_001,100.0,2026-07-29T11:37:59.008328+00:00,146.92,176.73,11.16,68.3,68.3,64.7,132.67,133.51,Clouds,,,,,,,
2026-07-29T11:33:03+00:00,home_001,100.0,2026-07-29T11:38:03.999885+00:00,135.2,145.85,12.13,68.3,68.3,64.7,132.45,131.36,Clouds,,,,,,,
2026-07-29T11:33:09+00:00,home_001,100.0,2026-07-29T11:38:09.056191+00:00,153.95,100.62,10.65,68.3,68.3,64.7,133.79,133.18,Clouds,,,,,,,
2026-07-29T11:33:13+00:00,home_001,100.0,2026-07-29T11:38:13.987312+00:00,134.77,152.1,12.17,68.3,68.3,64.7,132.16,127.97,Clouds,,,,,,,
2026-07-29T11:33:19+00:00,home_001,100.0,2026-07-29T11:38:19.076499+00:00,148.36,194.87,11.05,68.3,68.3,64.7,133.77,129.12,Clouds,,,,,,,
2026-07-29T11:33:24+00:00,home_001,100.0,2026-07-29T11:38:24.056038+00:00,148.45,88.61,11.04,68.3,68.3,64.7,136.12,126.68,Clouds,,,,,,,
2026-07-29T11:33:29+00:00,home_001,100.0,2026-07-29T11:38:29.024907+00:00,144.23,111.16,11.37,68.3,68.3,64.7,133.37,134.84,Clouds,,,,,,,
2026-07-29T11:33:34+00:00,home_001,100.0,2026-07-29T11:38:34.051695+00:00,136.63,160.55,12.0,68.3,68.3,64.7,131.5,128.97,Clouds,,,,,,,
2026-07-29T11:33:39+00:00,home_001,100.0,2026-07-29T11:38:39.061898+00:00,135.31,105.03,12.12,68.3,68.3,64.7,131.73,137.75,Clouds,,,,,,,
2026-07-29T11:33:44+00:00,home_001,100.0,2026-07-29T11:38:44.080747+00:00,143.88,109.08,11.4,68.3,68.3,64.7,133.95,129.75,Clouds,,,,,,,
2026-07-29T11:33:49+00:00,home_001,100.0,2026-07-29T11:38:49.062051+00:00,142.31,124.4,11.52,68.3,68.3,64.7,132.45,128.23,Clouds,,,,,,,
2026-07-29T11:33:54+00:00,home_001,100.0,2026-07-29T11:38:54.118142+00:00,146.96,197.08,11.16,68.3,68.3,64.7,131.71,132.73,Clouds,,,,,,,
2026-07-29T11:33:59+00:00,home_001,100.0,2026-07-29T11:38:59.137936+00:00,143.81,160.43,11.4,68.3,68.3,64.7,133.32,138.64,Clouds,,,,,,,
2026-07-29T11:34:04+00:00,home_001,100.0,2026-07-29T11:39:04.082595+00:00,140.54,116.92,11.67,68.3,68.3,64.7,131.74,131.98,Clouds,,,,,,,
2026-07-29T11:34:09+00:00,home_001,100.0,2026-07-29T11:39:09.107517+00:00,131.58,168.03,12.46,68.3,68.3,64.7,135.15,130.3,Clouds,,,,,,,
2026-07-29T11:34:14+00:00,home_001,100.0,2026-07-29T11:39:14.097849+00:00,150.52,125.99,10.89,68.3,68.3,64.7,131.96,128.18,Clouds,,,,,,,
2026-07-29T11:34:19+00:00,home_001,100.0,2026-07-29T11:39:19.093094+00:00,147.32,143.88,11.13,68.3,68.3,64.7,132.72,132.41,Clouds,,,,,,,
2026-07-29T11:34:24+00:00,home_001,100.0,2026-07-29T11:39:24.082565+00:00,158.78,108.96,10.33,68.3,68.3,64.7,131.91,129.56,Clouds,,,,,,,
2026-07-29T11:34:29+00:00,home_001,100.0,2026-07-29T11:39:29.138537+00:00,152.98,188.25,10.72,68.3,68.3,64.7,133.02,128.76,Clouds,,,,,,,
2026-07-29T11:34:34+00:00,home_001,100.0,2026-07-29T11:39:34.144086+00:00,106.58,158.96,15.38,68.3,68.3,64.7,130.22,127.03,Clouds,,,,,,,
2026-07-29T11:34:39+00:00,home_001,100.0,2026-07-29T11:39:39.137474+00:00,150.45,108.22,10.9,68.3,68.3,64.7,133.0,136.99,Clouds,,,,,,,
2026-07-29T11:34:44+00:00,home_001,100.0,2026-07-29T11:39:44.370442+00:00,149.88,171.95,10.94,68.3,68.3,64.7,131.4,129.17,Clouds,,,,,,,
2026-07-29T11:34:49+00:00,home_001,100.0,2026-07-29T11:39:49.187182+00:00,154.32,198.04,10.62,68.3,68.3,64.6,133.58,133.73,Clouds,,,,,,,
2026-07-29T11:34:54+00:00,home_001,100.0,2026-07-29T11:39:54.161290+00:00,141.68,149.76,11.57,68.3,68.3,64.6,133.32,128.23,Clouds,,,,,,,
2026-07-29T11:34:59+00:00,home_001,100.0,2026-07-29T11:39:59.172631+00:00,144.37,99.63,11.36,68.3,68.3,64.6,131.9,134.35,Clouds,,,,,,,
2026-07-29T11:35:04+00:00,home_001,100.0,2026-07-29T11:40:04.179193+00:00,154.1,101.84,10.64,68.3,68.3,64.6,131.5,132.9,Clouds,,,,,,,
2026-07-29T11:35:09+00:00,home_001,100.0,2026-07-29T11:40:09.188461+00:00,132.02,109.93,12.42,68.3,68.3,64.6,132.98,128.42,Clouds,,,,,,,
2026-07-29T11:35:14+00:00,home_001,100.0,2026-07-29T11:40:14.194987+00:00,132.68,143.02,12.36,68.3,68.3,64.6,132.81,131.92,Clouds,,,,,,,
2026-07-29T11:35:19+00:00,home_001,100.0,2026-07-29T11:40:19.184945+00:00,132.78,96.69,12.35,68.3,68.3,64.6,129.86,132.74,Clouds,,,,,,,
2026-07-29T11:35:24+00:00,home_001,100.0,2026-07-29T11:40:24.208320+00:00,159.26,185.19,10.3,68.3,68.3,64.7,132.16,135.63,Clouds,,,,,,,
2026-07-29T11:35:29+00:00,home_001,100.0,2026-07-29T11:40:29.270814+00:00,143.54,150.37,11.42,68.3,68.3,64.6,132.72,134.84,Clouds,,,,,,,
2026-07-29T11:35:34+00:00,home_001,100.0,2026-07-29T11:40:34.385027+00:00,129.06,170.84,12.7,68.3,68.3,64.6,135.14,139.01,Clouds,,,,,,,
2026-07-29T11:35:39+00:00,home_001,100.0,2026-07-29T11:40:39.283219+00:00,158.42,145.34,10.35,68.3,68.3,64.6,134.18,135.72,Clouds,,,,,,,
2026-07-29T11:35:44+00:00,home_001,100.0,2026-07-29T11:40:44.228734+00:00,141.25,82.72,11.61,68.3,68.3,64.6,134.86,129.85,Clouds,,,,,,,
2026-07-29T11:35:49+00:00,home_001,100.0,2026-07-29T11:40:49.299843+00:00,149.25,150.74,10.99,68.3,68.3,64.6,132.07,130.71,Clouds,,,,,,,
2026-07-29T11:35:54+00:00,home_001,100.0,2026-07-29T11:40:54.368390+00:00,132.66,123.53,12.36,68.3,68.3,64.6,132.46,133.88,Clouds,,,,,,,
2026-07-29T11:35:59+00:00,home_001,100.0,2026-07-29T11:40:59.270060+00:00,147.99,128.31,11.08,68.3,68.3,64.6,132.92,136.33,Clouds,,,,,,,
2026-07-29T11:36:04+00:00,home_001,100.0,2026-07-29T11:41:04.271562+00:00,129.57,138.85,12.65,68.3,68.3,64.6,133.51,136.27,Clouds,,,,,,,
2026-07-29T11:36:09+00:00,home_001,100.0,2026-07-29T11:41:09.288469+00:00,130.52,118.63,12.56,68.3,68.3,64.6,133.02,137.38,Clouds,,,,,,,
2026-07-29T11:36:14+00:00,home_001,100.0,2026-07-29T11:41:14.597693+00:00,157.13,188.85,10.43,68.3,68.3,64.6,133.9,140.14,Clouds,,,,,,,
2026-07-29T11:36:19+00:00,home_001,100.0,2026-07-29T11:41:19.313026+00:00,151.55,90.93,10.82,68.3,68.3,64.6,133.38,130.31,Clouds,,,,,,,
2026-07-29T11:36:24+00:00,home_001,100.0,2026-07-29T11:41:24.291218+00:00,141.57,129.29,11.58,68.3,68.3,64.6,133.71,127.12,Clouds,,,,,,,
2026-07-29T11:36:29+00:00,home_001,100.0,2026-07-29T11:41:29.347660+00:00,131.98,83.95,12.42,68.3,68.3,64.6,132.67,136.52,Clouds,,,,,,,
2026-07-29T11:36:34+00:00,home_001,100.0,2026-07-29T11:41:34.337427+00:00,128.69,120.6,12.74,68.3,68.3,64.7,132.36,129.97,Clouds,,,,,,,
2026-07-29T11:36:39+00:00,home_001,100.0,2026-07-29T11:41:39.329617+00:00,136.65,109.94,12.0,68.3,68.3,64.7,133.17,131.59,Clouds,,,,,,,
2026-07-29T11:36:44+00:00,home_001,100.0,2026-07-29T11:41:44.337480+00:00,130.74,147.44,12.54,68.3,68.3,64.7,134.73,132.13,Clouds,,,,,,,
2026-07-29T11:36:49+00:00,home_001,100.0,2026-07-29T11:41:49.379870+00:00,130.55,94.74,12.56,68.3,68.3,64.7,132.14,129.89,Clouds,,,,,,,
2026-07-29T11:36:54+00:00,home_001,100.0,2026-07-29T11:41:54.326362+00:00,114.04,120.35,14.38,68.3,68.3,64.7,132.04,124.81,Clouds,,,,,,,
2026-07-29T11:36:59+00:00,home_001,100.0,2026-07-29T11:41:59.345042+00:00,121.78,102.22,13.46,68.3,68.3,64.7,133.24,128.79,Clouds,,,,,,,
2026-07-29T11:37:04+00:00,home_001,100.0,2026-07-29T11:42:04.403211+00:00,163.13,184.57,10.05,68.3,68.3,64.7,132.89,134.69,Clouds,,,,,,,
2026-07-29T11:37:09+00:00,home_001,100.0,2026-07-29T11:42:09.395509+00:00,144.47,104.67,11.35,68.3,68.3,64.7,132.45,134.14,Clouds,,,,,,,
2026-07-29T11:37:14+00:00,home_001,100.0,2026-07-29T11:42:14.447500+00:00,123.58,184.45,13.27,68.3,68.3,64.7,133.42,132.7,Clouds,,,,,,,
2026-07-29T11:37:19+00:00,home_001,100.0,2026-07-29T11:42:19.407398+00:00,142.37,126.97,11.52,68.3,68.3,64.7,132.98,140.59,Clouds,,,,,,,
2026-07-29T11:37:24+00:00,home_001,100.0,2026-07-29T11:42:24.402766+00:00,131.7,86.77,12.45,68.3,68.3,64.7,132.77,137.97,Clouds,,,,,,,
2026-07-29T11:37:29+00:00,home_001,100.0,2026-07-29T11:42:29.474755+00:00,143.05,104.79,11.46,68.3,68.3,64.7,132.75,136.49,Clouds,,,,,,,
2026-07-29T11:37:34+00:00,home_001,100.0,2026-07-29T11:42:34.402679+00:00,115.53,169.01,14.19,68.3,68.3,64.7,133.09,129.59,Clouds,,,,,,,
2026-07-29T11:37:39+00:00,home_001,100.0,2026-07-29T11:42:39.521117+00:00,126.32,90.69,12.98,68.3,68.3,64.7,132.27,128.45,Clouds,,,,,,,
2026-07-29T11:37:44+00:00,home_001,100.0,2026-07-29T11:42:44.530717+00:00,143.71,131.38,11.41,68.3,68.3,64.7,132.87,127.9,Clouds,,,,,,,
2026-07-29T11:37:49+00:00,home_001,100.0,2026-07-29T11:42:49.546761+00:00,138.62,157.37,11.83,68.3,68.3,64.7,132.8,129.28,Clouds,,,,,,,
2026-07-29T11:37:54+00:00,home_001,100.0,2026-07-29T11:42:54.547190+00:00,143.2,122.07,11.45,68.3,68.3,64.7,135.0,141.06,Clouds,,,,,,,
2026-07-29T11:37:59+00:00,home_001,100.0,2026-07-29T11:42:59.505366+00:00,139.69,92.41,11.74,68.3,68.3,64.7,135.36,140.96,Clouds,,,,,,,
2026-07-29T11:38:04+00:00,home_001,100.0,2026-07-29T11:43:04.500007+00:00,128.95,117.05,12.71,68.3,68.3,64.7,130.66,131.19,Clouds,,,,,,,
2026-07-29T11:38:09+00:00,home_001,100.0,2026-07-29T11:43:09.507404+00:00,134.12,129.3,12.22,68.3,68.3,64.7,132.48,126.26,Clouds,,,,,,,
2026-07-29T11:38:14+00:00,home_001,100.0,2026-07-29T11:43:14.821998+00:00,128.15,102.22,12.79,68.3,68.3,64.7,131.27,128.28,Clouds,,,,,,,
2026-07-29T11:38:19+00:00,home_001,100.0,2026-07-29T11:43:19.552259+00:00,146.47,93.88,11.19,68.3,68.3,64.7,131.84,135.82,Clouds,,,,,,,
2026-07-29T11:38:24+00:00,home_001,100.0,2026-07-29T11:43:24.548314+00:00,100.57,196.34,16.3,68.3,68.3,64.7,132.28,126.77,Clouds,,,,,,,
2026-07-29T11:38:29+00:00,home_001,100.0,2026-07-29T11:43:29.538396+00:00,123.38,124.03,13.29,68.3,68.3,64.7,135.05,140.08,Clouds,,,,,,,
2026-07-29T11:38:34+00:00,home_001,100.0,2026-07-29T11:43:34.593429+00:00,151.72,82.61,10.81,68.3,68.3,64.7,133.07,141.48,Clouds,,,,,,,
2026-07-29T11:38:39+00:00,home_001,100.0,2026-07-29T11:43:39.602930+00:00,122.56,160.06,13.38,68.3,68.3,64.7,131.97,126.12,Clouds,,,,,,,
2026-07-29T11:38:44+00:00,home_001,100.0,2026-07-29T11:43:44.644010+00:00,110.84,136.65,14.79,68.3,68.3,64.7,132.53,129.53,Clouds,,,,,,,
2026-07-29T11:38:49+00:00,home_001,100.0,2026-07-29T11:43:49.632043+00:00,133.13,173.18,12.32,68.3,68.3,64.7,132.34,136.15,Clouds,,,,,,,
2026-07-29T11:38:54+00:00,home_001,100.0,2026-07-29T11:43:54.575521+00:00,121.76,92.41,13.47,68.3,68.3,64.7,130.82,128.3,Clouds,,,,,,,
2026-07-29T11:38:59+00:00,home_001,100.0,2026-07-29T11:43:59.616988+00:00,147.97,178.08,11.08,68.3,68.3,64.7,134.66,138.38,Clouds,,,,,,,
2026-07-29T11:39:04+00:00,home_001,100.0,2026-07-29T11:44:04.691736+00:00,136.55,148.42,12.01,68.3,68.3,64.7,132.5,129.93,Clouds,,,,,,,
2026-07-29T11:39:09+00:00,home_001,100.0,2026-07-29T11:44:09.619405+00:00,146.51,89.96,11.19,68.3,68.3,64.7,132.64,133.49,Clouds,,,,,,,
2026-07-29T11:39:14+00:00,home_001,100.0,2026-07-29T11:44:14.609807+00:00,122.41,103.07,13.39,68.3,68.3,64.7,133.66,140.89,Clouds,,,,,,,
2026-07-29T11:39:19+00:00,home_001,100.0,2026-07-29T11:44:19.651371+00:00,128.2,102.09,12.79,68.3,68.3,64.7,133.44,128.85,Clouds,,,,,,,
2026-07-29T11:39:24+00:00,home_001,100.0,2026-07-29T11:44:24.772562+00:00,126.18,89.59,12.99,68.3,68.3,64.7,133.9,139.87,Clouds,,,,,,,
2026-07-29T11:39:29+00:00,home_001,100.0,2026-07-29T11:44:29.730971+00:00,143.84,83.83,11.4,68.3,68.3,64.7,134.02,137.23,Clouds,,,,,,,
2026-07-29T11:39:34+00:00,home_001,100.0,2026-07-29T11:44:34.709015+00:00,131.7,157.98,12.45,68.3,68.3,64.7,132.03,135.93,Clouds,,,,,,,
2026-07-29T11:39:39+00:00,home_001,100.0,2026-07-29T11:44:39.648425+00:00,121.62,145.36,13.48,68.3,68.3,64.7,131.19,133.1,Clouds,,,,,,,
2026-07-29T11:39:44+00:00,home_001,100.0,2026-07-29T11:44:44.629770+00:00,123.06,182.37,13.32,68.3,68.3,64.7,135.3,129.13,Clouds,,,,,,,
2026-07-29T11:39:49+00:00,home_001,100.0,2026-07-29T11:44:49.659518+00:00,133.62,93.15,12.27,68.3,68.3,64.7,132.46,137.74,Clouds,,,,,,,
2026-07-29T11:39:54+00:00,home_001,100.0,2026-07-29T11:44:54.768774+00:00,137.42,179.92,11.93,68.3,68.3,64.7,132.59,135.87,Clouds,,,,,,,
2026-07-29T11:39:59+00:00,home_001,100.0,2026-07-29T11:44:59.699390+00:00,136.15,130.16,12.04,68.3,68.3,64.7,132.92,131.96,Clouds,,,,,,,
2026-07-29T11:40:04+00:00,home_001,100.0,2026-07-29T11:45:04.708236+00:00,141.79,172.44,11.56,68.3,68.3,64.7,134.62,136.22,Clouds,,,,,,,
2026-07-29T11:40:09+00:00,home_001,100.0,2026-07-29T11:45:09.714936+00:00,148.24,100.74,11.06,68.3,68.3,64.7,132.41,132.46,Clouds,,,,,,,
2026-07-29T11:40:14+00:00,home_001,100.0,2026-07-29T11:45:14.741189+00:00,111.89,179.67,14.65,68.3,68.3,64.7,134.82,132.62,Clouds,,,,,,,
2026-07-29T11:40:19+00:00,home_001,100.0,2026-07-29T11:45:19.987849+00:00,112.5,132.12,14.57,68.3,68.3,64.7,133.21,137.68,Clouds,,,,,,,
2026-07-29T11:40:24+00:00,home_001,100.0,2026-07-29T11:45:24.773188+00:00,139.5,100.5,11.75,68.3,68.3,64.7,133.64,130.43,Clouds,,,,,,,
2026-07-29T11:40:29+00:00,home_001,100.0,2026-07-29T11:45:29.772180+00:00,118.19,112.27,13.87,68.3,68.3,64.7,134.83,128.62,Clouds,,,,,,,
2026-07-29T11:40:34+00:00,home_001,100.0,2026-07-29T11:45:34.817707+00:00,109.16,165.95,15.02,68.3,68.3,64.7,131.24,126.43,Clouds,,,,,,,
2026-07-29T11:40:40+00:00,home_001,100.0,2026-07-29T11:45:40.352524+00:00,124.28,129.67,13.19,68.3,68.3,64.7,133.29,126.53,Clouds,,,,,,,
2026-07-29T11:40:44+00:00,home_001,100.0,2026-07-29T11:45:44.849490+00:00,136.43,92.78,12.02,68.3,68.3,64.7,132.77,140.19,Clouds,,,,,,,
2026-07-29T11:40:49+00:00,home_001,100.0,2026-07-29T11:45:49.862562+00:00,145.1,169.75,11.3,68.3,68.3,64.7,135.61,141.82,Clouds,,,,,,,
2026-07-29T11:40:54+00:00,home_001,100.0,2026-07-29T11:45:54.783651+00:00,131.66,168.64,12.45,68.3,68.3,64.7,133.72,137.68,Clouds,,,,,,,
2026-07-29T11:40:59+00:00,home_001,100.0,2026-07-29T11:45:59.904304+00:00,146.24,179.55,11.21,68.3,68.3,64.7,132.28,129.97,Clouds,,,,,,,
2026-07-29T11:41:04+00:00,home_001,100.0,2026-07-29T11:46:04.800254+00:00,115.28,172.32,14.22,68.3,68.3,64.7,132.67,129.06,Clouds,,,,,,,
2026-07-29T11:41:09+00:00,home_001,100.0,2026-07-29T11:46:09.828400+00:00,135.21,176.12,12.13,68.3,68.3,64.7,134.31,131.76,Clouds,,,,,,,
2026-07-29T11:41:14+00:00,home_001,100.0,2026-07-29T11:46:14.960538+00:00,139.36,117.05,11.77,68.3,68.3,64.7,134.23,137.37,Clouds,,,,,,,
2026-07-29T11:41:19+00:00,home_001,100.0,2026-07-29T11:46:19.873416+00:00,141.44,187.27,11.59,68.3,68.3,64.7,134.98,126.02,Clouds,,,,,,,
2026-07-29T11:41:24+00:00,home_001,100.0,2026-07-29T11:46:24.847312+00:00,136.93,138.49,11.97,68.3,68.3,64.7,133.09,132.12,Clouds,,,,,,,
2026-07-29T11:41:29+00:00,home_001,100.0,2026-07-29T11:46:29.875696+00:00,149.71,139.23,10.95,68.3,68.3,64.7,134.07,138.24,Clouds,,,,,,,
2026-07-29T11:41:34+00:00,home_001,100.0,2026-07-29T11:46:34.882291+00:00,128.99,119.37,12.71,68.3,68.3,64.7,137.53,141.52,Clouds,,,,,,,
2026-07-29T11:41:39+00:00,home_001,100.0,2026-07-29T11:46:39.887272+00:00,129.65,186.54,12.65,68.3,68.3,64.7,133.64,126.46,Clouds,,,,,,,
2026-07-29T11:41:44+00:00,home_001,100.0,2026-07-29T11:46:44.980369+00:00,139.5,90.07,11.75,68.3,68.3,64.6,133.54,138.2,Clouds,,,,,,,
2026-07-29T11:41:49+00:00,home_001,100.0,2026-07-29T11:46:49.967183+00:00,153.02,89.71,10.71,68.3,68.3,64.7,133.77,132.16,Clouds,,,,,,,
2026-07-29T11:41:54+00:00,home_001,100.0,2026-07-29T11:46:54.923590+00:00,125.8,96.94,13.03,68.3,68.3,64.7,133.51,129.25,Clouds,,,,,,,
2026-07-29T11:42:00+00:00,home_001,100.0,2026-07-29T11:47:00.128086+00:00,150.51,166.07,10.89,68.3,68.3,64.7,132.05,128.37,Clouds,,,,,,,
2026-07-29T11:42:04+00:00,home_001,100.0,2026-07-29T11:47:04.928463+00:00,143.45,103.69,11.43,68.3,68.3,64.7,135.67,141.78,Clouds,,,,,,,
2026-07-29T11:42:09+00:00,home_001,100.0,2026-07-29T11:47:09.922260+00:00,144.82,118.52,11.32,68.3,68.3,64.7,129.86,129.12,Clouds,,,,,,,
2026-07-29T11:42:14+00:00,home_001,100.0,2026-07-29T11:47:14.963232+00:00,140.87,175.63,11.64,68.3,68.3,64.7,133.89,138.84,Clouds,,,,,,,
2026-07-29T11:42:19+00:00,home_001,100.0,2026-07-29T11:47:19.970278+00:00,140.87,90.2,11.64,68.3,68.3,64.7,133.48,128.01,Clouds,,,,,,,
2026-07-29T11:42:24+00:00,home_001,100.0,2026-07-29T11:47:24.991967+00:00,144.98,105.65,11.31,68.3,68.3,64.7,133.59,135.93,Clouds,,,,,,,
2026-07-29T11:42:29+00:00,home_001,100.0,2026-07-29T11:47:29.987274+00:00,142.67,200.26,11.49,68.3,68.3,64.7,136.32,126.7,Clouds,,,,,,,
2026-07-29T11:42:34+00:00,home_001,100.0,2026-07-29T11:47:34.961120+00:00,140.44,112.27,11.67,68.3,68.3,64.7,133.64,136.94,Clouds,,,,,,,
2026-07-29T11:42:40+00:00,home_001,100.0,2026-07-29T11:47:40.049530+00:00,136.59,170.24,12.0,68.3,68.3,64.7,132.21,130.88,Clouds,,,,,,,
2026-07-29T11:42:44+00:00,home_001,100.0,2026-07-29T11:47:44.995420+00:00,140.72,118.52,11.65,68.3,68.3,64.7,134.43,128.29,Clouds,,,,,,,
2026-07-29T11:42:55+00:00,home_001,100.0,2026-07-29T11:47:55.527439+00:00,136.64,126.73,12.0,68.3,68.3,64.7,134.46,133.95,Clouds,,,,,,,
2026-07-29T11:43:00+00:00,home_001,100.0,2026-07-29T11:48:00.210252+00:00,122.19,185.56,13.42,68.3,68.3,64.7,133.94,127.16,Clouds,,,,,,,
2026-07-29T11:43:05+00:00,home_001,100.0,2026-07-29T11:48:05.009783+00:00,145.25,92.66,11.29,68.3,68.3,64.7,134.05,137.07,Clouds,,,,,,,
2026-07-29T11:43:10+00:00,home_001,100.0,2026-07-29T11:48:10.067786+00:00,130.34,155.9,12.58,68.3,68.3,64.7,130.95,131.11,Clouds,,,,,,,
2026-07-29T11:43:15+00:00,home_001,100.0,2026-07-29T11:48:15.043582+00:00,149.71,125.38,10.95,68.3,68.3,64.7,132.19,133.45,Clouds,,,,,,,
2026-07-29T11:43:20+00:00,home_001,100.0,2026-07-29T11:48:20.075711+00:00,139.62,204.55,11.74,68.3,68.3,64.7,134.09,134.9,Clouds,,,,,,,
2026-07-29T11:43:25+00:00,home_001,100.0,2026-07-29T11:48:25.077791+00:00,129.53,186.05,12.66,68.3,68.3,64.7,134.26,138.08,Clouds,,,,,,,
2026-07-29T11:43:30+00:00,home_001,100.0,2026-07-29T11:48:30.147050+00:00,140.78,139.83,11.65,68.3,68.3,64.6,133.59,128.55,Clouds,,,,,,,
2026-07-29T11:43:35+00:00,home_001,100.0,2026-07-29T11:48:35.108175+00:00,138.08,181.01,11.87,68.3,68.3,64.6,133.42,139.8,Clouds,,,,,,,
2026-07-29T11:43:40+00:00,home_001,100.0,2026-07-29T11:48:40.146816+00:00,150.93,161.89,10.86,68.3,68.3,64.6,133.41,138.57,Clouds,,,,,,,
2026-07-29T11:43:45+00:00,home_001,100.0,2026-07-29T11:48:45.121945+00:00,150.95,112.75,10.86,68.3,68.3,64.6,132.88,136.53,Clouds,,,,,,,
2026-07-29T11:43:50+00:00,home_001,100.0,2026-07-29T11:48:50.164420+00:00,145.85,104.29,11.24,68.3,68.3,64.6,133.44,131.33,Clouds,,,,,,,
2026-07-29T11:43:55+00:00,home_001,100.0,2026-07-29T11:48:55.205521+00:00,120.04,132.11,13.66,68.3,68.3,64.6,133.17,138.75,Clouds,,,,,,,
2026-07-29T11:44:00+00:00,home_001,100.0,2026-07-29T11:49:00.179893+00:00,146.79,83.33,11.17,68.3,68.3,64.6,134.6,133.04,Clouds,,,,,,,
2026-07-29T11:44:05+00:00,home_001,100.0,2026-07-29T11:49:05.235142+00:00,134.05,112.88,12.23,68.3,68.3,64.7,131.44,130.38,Clouds,,,,,,,
2026-07-29T11:44:10+00:00,home_001,100.0,2026-07-29T11:49:10.182575+00:00,154.98,103.56,10.58,68.3,68.3,64.7,132.05,133.04,Clouds,,,,,,,
2026-07-29T11:44:15+00:00,home_001,100.0,2026-07-29T11:49:15.187839+00:00,118.62,170.24,13.82,68.3,68.3,64.7,133.65,128.67,Clouds,,,,,,,
2026-07-29T11:44:20+00:00,home_001,100.0,2026-07-29T11:49:20.180821+00:00,119.52,176.24,13.72,68.3,68.3,64.7,132.03,125.92,Clouds,,,,,,,
2026-07-29T11:44:25+00:00,home_001,100.0,2026-07-29T11:49:25.204094+00:00,154.94,186.03,10.58,68.3,68.3,64.6,131.83,132.06,Clouds,,,,,,,
2026-07-29T11:44:30+00:00,home_001,100.0,2026-07-29T11:49:30.208413+00:00,118.55,116.91,13.83,68.3,68.3,64.6,134.01,129.34,Clouds,,,,,,,
2026-07-29T11:44:41+00:00,home_001,100.0,2026-07-29T11:49:41.528432+00:00,137.27,138.85,11.94,68.3,68.3,64.6,134.88,140.37,Clouds,,,,,,,
2026-07-29T11:44:45+00:00,home_001,100.0,2026-07-29T11:49:45.259753+00:00,127.38,125.25,12.87,68.3,68.3,64.6,135.4,138.77,Clouds,,,,,,,
2026-07-29T11:44:50+00:00,home_001,100.0,2026-07-29T11:49:50.268998+00:00,146.38,115.93,11.2,68.3,68.3,64.6,133.8,134.35,Clouds,,,,,,,
2026-07-29T11:44:55+00:00,home_001,100.0,2026-07-29T11:49:55.286053+00:00,147.62,201.47,11.11,68.3,68.3,64.6,134.46,134.87,Clouds,,,,,,,
2026-07-29T11:45:00+00:00,home_001,100.0,2026-07-29T11:50:00.410364+00:00,135.47,108.33,12.1,68.3,68.3,64.6,133.76,139.61,Clouds,,,,,,,
2026-07-29T11:45:05+00:00,home_001,100.0,2026-07-29T11:50:05.374289+00:00,125.69,144.61,13.04,68.3,68.3,64.6,131.93,135.28,Clouds,,,,,,,
2026-07-29T11:45:10+00:00,home_001,100.0,2026-07-29T11:50:10.323828+00:00,139.76,111.52,11.73,68.3,68.3,64.6,133.87,140.39,Clouds,,,,,,,
2026-07-29T11:45:15+00:00,home_001,100.0,2026-07-29T11:50:15.291067+00:00,139.75,172.06,11.73,68.3,68.3,64.6,135.98,141.13,Clouds,,,,,,,
2026-07-29T11:45:20+00:00,home_001,100.0,2026-07-29T11:50:20.303283+00:00,127.81,195.47,12.83,68.3,68.3,64.6,131.61,138.59,Clouds,,,,,,,
2026-07-29T11:45:25+00:00,home_001,100.0,2026-07-29T11:50:25.311661+00:00,143.68,144.85,11.41,68.3,68.3,64.6,135.22,139.91,Clouds,,,,,,,
2026-07-29T11:45:30+00:00,home_001,100.0,2026-07-29T11:50:30.445565+00:00,147.64,97.18,11.11,68.3,68.3,64.6,131.26,133.92,Clouds,,,,,,,
2026-07-29T11:45:35+00:00,home_001,100.0,2026-07-29T11:50:35.347943+00:00,137.89,151.47,11.89,68.3,68.3,64.6,132.82,132.09,Clouds,,,,,,,
2026-07-29T11:45:40+00:00,home_001,100.0,2026-07-29T11:50:40.471754+00:00,141.79,89.71,11.56,68.3,68.3,64.6,132.61,137.68,Clouds,,,,,,,
2026-07-29T11:45:45+00:00,home_001,100.0,2026-07-29T11:50:45.357331+00:00,125.44,120.96,13.07,68.3,68.3,64.6,134.5,139.99,Clouds,,,,,,,
2026-07-29T11:45:50+00:00,home_001,100.0,2026-07-29T11:50:50.361031+00:00,133.42,160.42,12.29,68.3,68.3,64.6,131.68,130.46,Clouds,,,,,,,
2026-07-29T11:45:55+00:00,home_001,100.0,2026-07-29T11:50:55.373477+00:00,121.04,92.28,13.55,68.3,68.3,64.6,134.33,125.58,Clouds,,,,,,,
2026-07-29T11:46:00+00:00,home_001,100.0,2026-07-29T11:51:00.406075+00:00,123.71,152.7,13.25,68.3,68.3,64.6,133.97,132.33,Clouds,,,,,,,
2026-07-29T11:46:05+00:00,home_001,100.0,2026-07-29T11:51:05.372461+00:00,136.91,140.32,11.98,68.3,68.3,64.6,131.87,130.06,Clouds,,,,,,,
2026-07-29T11:46:10+00:00,home_001,100.0,2026-07-29T11:51:10.380048+00:00,122.1,184.93,13.43,68.3,68.3,64.6,134.65,139.52,Clouds,,,,,,,
2026-07-29T11:46:15+00:00,home_001,100.0,2026-07-29T11:51:15.400947+00:00,132.43,157.48,12.38,68.3,68.3,64.6,133.89,129.27,Clouds,,,,,,,
2026-07-29T11:46:20+00:00,home_001,100.0,2026-07-29T11:51:20.460084+00:00,148.36,180.39,11.05,68.3,68.3,64.6,131.81,130.17,Clouds,,,,,,,
2026-07-29T11:46:25+00:00,home_001,100.0,2026-07-29T11:51:25.435190+00:00,168.79,189.46,9.71,68.3,68.3,64.6,134.77,128.68,Clouds,,,,,,,
2026-07-29T11:46:30+00:00,home_001,100.0,2026-07-29T11:51:30.471577+00:00,131.61,112.13,12.46,68.3,68.3,64.6,134.28,133.29,Clouds,,,,,,,
2026-07-29T11:46:35+00:00,home_001,100.0,2026-07-29T11:51:35.476453+00:00,148.1,146.69,11.07,68.3,68.3,64.6,133.07,126.16,Clouds,,,,,,,
2026-07-29T11:46:40+00:00,home_001,100.0,2026-07-29T11:51:40.470854+00:00,138.46,163.97,11.84,68.3,68.3,64.6,133.12,135.42,Clouds,,,,,,,
2026-07-29T11:46:45+00:00,home_001,100.0,2026-07-29T11:51:45.435484+00:00,122.49,191.91,13.39,68.3,68.3,64.6,134.74,130.92,Clouds,,,,,,,
2026-07-29T11:46:50+00:00,home_001,100.0,2026-07-29T11:51:50.442660+00:00,133.71,114.71,12.26,68.3,68.3,64.6,136.73,127.7,Clouds,,,,,,,
2026-07-29T11:46:55+00:00,home_001,100.0,2026-07-29T11:51:55.450607+00:00,148.35,169.73,11.05,68.3,68.3,64.6,131.34,134.58,Clouds,,,,,,,
2026-07-29T11:47:00+00:00,home_001,100.0,2026-07-29T11:52:00.521227+00:00,145.64,123.28,11.26,68.3,68.3,64.6,133.02,141.3,Clouds,,,,,,,
2026-07-29T11:47:05+00:00,home_001,100.0,2026-07-29T11:52:05.469101+00:00,157.89,178.8,10.38,68.3,68.3,64.6,136.4,141.74,Clouds,,,,,,,
2026-07-29T11:47:10+00:00,home_001,100.0,2026-07-29T11:52:10.457724+00:00,156.79,125.49,10.46,68.3,68.3,64.6,134.89,140.09,Clouds,,,,,,,
2026-07-29T11:47:15+00:00,home_001,100.0,2026-07-29T11:52:15.520038+00:00,142.78,146.45,11.48,68.3,68.3,64.6,134.08,127.2,Clouds,,,,,,,
2026-07-29T11:47:20+00:00,home_001,100.0,2026-07-29T11:52:20.473570+00:00,154.17,114.95,10.63,68.3,68.3,64.6,131.97,130.18,Clouds,,,,,,,
2026-07-29T11:47:25+00:00,home_001,100.0,2026-07-29T11:52:25.494118+00:00,148.19,194.85,11.06,68.3,68.3,64.6,134.89,131.51,Clouds,,,,,,,
2026-07-29T11:47:30+00:00,home_001,100.0,2026-07-29T11:52:30.557590+00:00,133.7,197.06,12.26,68.3,68.3,64.6,135.44,134.5,Clouds,,,,,,,
2026-07-29T11:47:35+00:00,home_001,100.0,2026-07-29T11:52:35.486833+00:00,145.15,173.9,11.3,68.3,68.3,64.6,131.75,137.05,Clouds,,,,,,,
2026-07-29T11:47:40+00:00,home_001,100.0,2026-07-29T11:52:40.480190+00:00,165.59,117.28,9.9,68.3,68.3,64.6,133.95,131.86,Clouds,,,,,,,
2026-07-29T11:47:45+00:00,home_001,100.0,2026-07-29T11:52:45.506567+00:00,154.82,198.16,10.59,68.3,68.3,64.6,134.31,135.25,Clouds,,,,,,,
2026-07-29T11:47:50+00:00,home_001,100.0,2026-07-29T11:52:50.524774+00:00,147.21,121.2,11.14,68.3,68.3,64.6,136.58,142.27,Clouds,,,,,,,
2026-07-29T11:47:55+00:00,home_001,100.0,2026-07-29T11:52:55.619365+00:00,139.27,145.47,11.77,68.3,68.3,64.6,133.74,137.45,Clouds,,,,,,,
2026-07-29T11:48:00+00:00,home_001,100.0,2026-07-29T11:53:00.525085+00:00,142.55,119.49,11.5,68.3,68.3,64.6,132.9,138.61,Clouds,,,,,,,
2026-07-29T11:48:05+00:00,home_001,100.0,2026-07-29T11:53:05.519666+00:00,130.74,203.31,12.54,68.3,68.3,64.6,136.37,135.72,Clouds,,,,,,,
2026-07-29T11:48:10+00:00,home_001,100.0,2026-07-29T11:53:10.521744+00:00,144.65,157.23,11.33,68.3,68.3,64.6,131.49,131.65,Clouds,,,,,,,
2026-07-29T11:48:15+00:00,home_001,100.0,2026-07-29T11:53:15.529610+00:00,145.58,177.45,11.26,68.3,68.3,64.6,129.55,129.29,Clouds,,,,,,,
2026-07-29T11:48:20+00:00,home_001,100.0,2026-07-29T11:53:20.509095+00:00,166.48,122.92,9.85,68.3,68.3,64.6,132.78,128.94,Clouds,,,,,,,
2026-07-29T11:48:25+00:00,home_001,100.0,2026-07-29T11:53:25.529702+00:00,148.18,123.16,11.06,68.3,68.3,64.6,131.92,128.69,Clouds,,,,,,,
2026-07-29T11:48:30+00:00,home_001,100.0,2026-07-29T11:53:30.553211+00:00,130.8,148.9,12.53,68.3,68.3,64.6,131.9,127.6,Clouds,,,,,,,
2026-07-29T11:48:35+00:00,home_001,100.0,2026-07-29T11:53:35.578693+00:00,155.95,203.43,10.51,68.3,68.3,64.6,133.92,127.72,Clouds,,,,,,,
2026-07-29T11:48:40+00:00,home_001,100.0,2026-07-29T11:53:40.587726+00:00,134.47,97.42,12.19,68.3,68.3,64.5,132.81,129.25,Clouds,,,,,,,
2026-07-29T11:48:45+00:00,home_001,100.0,2026-07-29T11:53:45.610633+00:00,162.39,100.11,10.1,68.3,68.3,64.5,132.51,134.91,Clouds,,,,,,,
2026-07-29T11:48:50+00:00,home_001,100.0,2026-07-29T11:53:50.652505+00:00,140.5,133.94,11.67,68.3,68.3,64.5,132.98,126.44,Clouds,,,,,,,
2026-07-29T11:48:55+00:00,home_001,100.0,2026-07-29T11:53:55.627537+00:00,133.94,137.37,12.24,68.3,68.3,64.5,132.91,136.6,Clouds,,,,,,,
2026-07-29T11:49:00+00:00,home_001,100.0,2026-07-29T11:54:00.600724+00:00,143.5,102.32,11.43,68.3,68.3,64.5,131.6,133.71,Clouds,,,,,,,
2026-07-29T11:49:05+00:00,home_001,100.0,2026-07-29T11:54:05.595868+00:00,128.96,179.17,12.71,68.3,68.3,64.6,131.51,127.51,Clouds,,,,,,,
2026-07-29T11:49:10+00:00,home_001,100.0,2026-07-29T11:54:10.601402+00:00,117.53,162.0,13.95,68.3,68.3,64.5,130.98,129.59,Clouds,,,,,,,
2026-07-29T11:49:15+00:00,home_001,100.0,2026-07-29T11:54:15.626888+00:00,133.14,173.52,12.31,68.3,68.3,64.5,132.68,137.12,Clouds,,,,,,,
2026-07-29T11:49:20+00:00,home_001,100.0,2026-07-29T11:54:20.659557+00:00,142.07,163.35,11.54,68.3,68.3,64.5,134.45,137.42,Clouds,,,,,,,
2026-07-29T11:49:25+00:00,home_001,100.0,2026-07-29T11:54:25.646308+00:00,143.18,120.46,11.45,68.3,68.3,64.5,130.89,137.64,Clouds,,,,,,,
2026-07-29T11:49:30+00:00,home_001,100.0,2026-07-29T11:54:30.651646+00:00,137.87,100.36,11.89,68.3,68.3,64.5,134.59,138.83,Clouds,,,,,,,
2026-07-29T11:49:35+00:00,home_001,100.0,2026-07-29T11:54:35.625601+00:00,158.17,131.12,10.37,68.3,68.3,64.5,133.54,132.92,Clouds,,,,,,,
2026-07-29T11:49:40+00:00,home_001,100.0,2026-07-29T11:54:40.716873+00:00,134.55,117.64,12.19,68.3,68.3,64.5,133.49,136.59,Clouds,,,,,,,
2026-07-29T11:49:45+00:00,home_001,100.0,2026-07-29T11:54:45.699352+00:00,136.48,121.68,12.01,68.3,68.3,64.5,133.11,129.13,Clouds,,,,,,,
2026-07-29T11:49:50+00:00,home_001,100.0,2026-07-29T11:54:50.739509+00:00,142.21,142.15,11.53,68.3,68.3,64.5,135.88,139.09,Clouds,,,,,,,
2026-07-29T11:49:55+00:00,home_001,100.0,2026-07-29T11:54:55.724026+00:00,147.84,107.96,11.09,68.3,68.3,64.5,134.67,139.96,Clouds,,,,,,,
2026-07-29T11:50:00+00:00,home_001,100.0,2026-07-29T11:55:00.720750+00:00,145.38,189.69,11.28,68.3,68.3,64.5,131.26,130.78,Clouds,,,,,,,
2026-07-29T11:50:05+00:00,home_001,100.0,2026-07-29T11:55:05.696793+00:00,144.28,116.54,11.36,68.3,68.3,64.5,133.63,129.6,Clouds,,,,,,,
2026-07-29T11:50:10+00:00,home_001,100.0,2026-07-29T11:55:10.696272+00:00,129.44,134.55,12.67,68.3,68.3,64.5,131.6,135.38,Clouds,,,,,,,
2026-07-29T11:50:15+00:00,home_001,100.0,2026-07-29T11:55:15.743964+00:00,117.23,154.4,13.99,68.3,68.3,64.5,130.69,127.34,Clouds,,,,,,,
2026-07-29T11:50:20+00:00,home_001,100.0,2026-07-29T11:55:20.972432+00:00,139.22,172.17,11.78,68.3,68.3,64.5,134.75,138.71,Clouds,,,,,,,
2026-07-29T11:50:25+00:00,home_001,100.0,2026-07-29T11:55:25.769820+00:00,154.43,105.26,10.62,68.3,68.3,64.5,132.31,139.88,Clouds,,,,,,,
2026-07-29T11:50:30+00:00,home_001,100.0,2026-07-29T11:55:30.806886+00:00,143.37,87.74,11.44,68.3,68.3,64.5,132.73,132.72,Clouds,,,,,,,
2026-07-29T11:50:35+00:00,home_001,100.0,2026-07-29T11:55:35.799799+00:00,130.85,103.18,12.53,68.3,68.3,64.5,132.62,138.12,Clouds,,,,,,,
2026-07-29T11:50:40+00:00,home_001,100.0,2026-07-29T11:55:40.836157+00:00,147.17,193.0,11.14,68.3,68.3,64.5,132.88,138.46,Clouds,,,,,,,
2026-07-29T11:50:45+00:00,home_001,100.0,2026-07-29T11:55:45.931510+00:00,147.78,86.76,11.09,68.3,68.3,64.5,132.55,126.61,Clouds,,,,,,,
2026-07-29T11:50:50+00:00,home_001,100.0,2026-07-29T11:55:50.826566+00:00,139.62,101.34,11.74,68.3,68.3,64.5,126.38,125.9,Clouds,,,,,,,
2026-07-29T11:50:55+00:00,home_001,100.0,2026-07-29T11:55:55.848704+00:00,148.73,138.48,11.02,68.3,68.3,64.6,134.66,128.8,Clouds,,,,,,,
2026-07-29T11:51:00+00:00,home_001,100.0,2026-07-29T11:56:00.825366+00:00,135.32,174.01,12.12,68.3,68.3,64.5,133.07,133.49,Clouds,,,,,,,
2026-07-29T11:51:05+00:00,home_001,100.0,2026-07-29T11:56:05.817217+00:00,153.24,128.54,10.7,68.3,68.3,64.5,133.88,131.13,Clouds,,,,,,,
2026-07-29T11:51:10+00:00,home_001,100.0,2026-07-29T11:56:10.823254+00:00,139.51,178.91,11.75,68.3,68.3,64.5,132.3,132.78,Clouds,,,,,,,
2026-07-29T11:51:15+00:00,home_001,100.0,2026-07-29T11:56:15.854466+00:00,146.61,198.64,11.18,68.3,68.3,64.5,136.83,141.14,Clouds,,,,,,,
2026-07-29T11:51:20+00:00,home_001,100.0,2026-07-29T11:56:20.827826+00:00,137.57,200.23,11.92,68.3,68.3,64.5,133.33,126.86,Clouds,,,,,,,
2026-07-29T11:51:25+00:00,home_001,100.0,2026-07-29T11:56:25.890515+00:00,141.35,133.69,11.6,68.3,68.3,64.5,131.01,135.85,Clouds,,,,,,,
2026-07-29T11:51:30+00:00,home_001,100.0,2026-07-29T11:56:30.882514+00:00,146.38,129.65,11.2,68.3,68.3,64.5,133.86,135.64,Clouds,,,,,,,
2026-07-29T11:51:35+00:00,home_001,100.0,2026-07-29T11:56:35.899872+00:00,157.04,200.6,10.44,68.3,68.3,64.5,134.29,127.6,Clouds,,,,,,,
2026-07-29T11:51:40+00:00,home_001,100.0,2026-07-29T11:56:40.914977+00:00,165.43,181.6,9.91,68.3,68.3,64.5,133.89,130.79,Clouds,,,,,,,
2026-07-29T11:51:45+00:00,home_001,100.0,2026-07-29T11:56:45.934407+00:00,145.81,162.73,11.24,68.3,68.3,64.5,133.73,130.46,Clouds,,,,,,,
2026-07-29T11:51:50+00:00,home_001,100.0,2026-07-29T11:56:50.917122+00:00,131.2,86.15,12.5,68.3,68.3,64.5,134.18,130.9,Clouds,,,,,,,
2026-07-29T11:51:55+00:00,home_001,100.0,2026-07-29T11:56:55.899032+00:00,139.38,144.11,11.76,68.3,68.3,64.5,133.61,133.0,Clouds,,,,,,,
2026-07-29T11:52:00+00:00,home_001,100.0,2026-07-29T11:57:00.985614+00:00,139.85,113.84,11.72,68.3,68.3,64.5,133.39,137.68,Clouds,,,,,,,
2026-07-29T11:52:05+00:00,home_001,100.0,2026-07-29T11:57:05.936262+00:00,139.53,100.11,11.75,68.3,68.3,64.5,134.22,138.87,Clouds,,,,,,,
2026-07-29T11:52:10+00:00,home_001,100.0,2026-07-29T11:57:10.939234+00:00,143.27,129.65,11.44,68.3,68.3,64.5,132.5,136.48,Clouds,,,,,,,
2026-07-29T11:52:15+00:00,home_001,100.0,2026-07-29T11:57:15.975702+00:00,130.72,187.24,12.54,68.3,68.3,64.5,133.82,138.64,Clouds,,,,,,,
2026-07-29T11:52:20+00:00,home_001,100.0,2026-07-29T11:57:20.956050+00:00,150.05,155.5,10.93,68.3,68.3,64.5,132.67,124.99,Clouds,,,,,,,
2026-07-29T11:52:25+00:00,home_001,100.0,2026-07-29T11:57:25.962579+00:00,148.68,145.58,11.03,68.3,68.3,64.5,131.91,132.74,Clouds,,,,,,,
2026-07-29T11:52:31+00:00,home_001,100.0,2026-07-29T11:57:31.003614+00:00,134.56,145.33,12.18,68.3,68.3,64.5,132.38,131.05,Clouds,,,,,,,
2026-07-29T11:52:36+00:00,home_001,100.0,2026-07-29T11:57:36.036370+00:00,134.18,201.09,12.22,68.3,68.3,64.5,131.08,136.46,Clouds,,,,,,,
2026-07-29T11:52:41+00:00,home_001,100.0,2026-07-29T11:57:41.051900+00:00,145.78,98.28,11.25,68.3,68.3,64.5,130.78,136.34,Clouds,,,,,,,
2026-07-29T11:52:46+00:00,home_001,100.0,2026-07-29T11:57:46.042022+00:00,152.15,116.41,10.78,68.3,68.3,64.5,135.55,140.66,Clouds,,,,,,,
2026-07-29T11:52:51+00:00,home_001,100.0,2026-07-29T11:57:51.047299+00:00,127.22,173.64,12.89,68.3,68.3,64.5,130.96,127.87,Clouds,,,,,,,
2026-07-29T11:52:56+00:00,home_001,100.0,2026-07-29T11:57:56.036271+00:00,167.65,185.28,9.78,68.3,68.3,64.5,134.53,141.13,Clouds,,,,,,,
2026-07-29T11:53:01+00:00,home_001,100.0,2026-07-29T11:58:01.067853+00:00,142.2,96.68,11.53,68.3,68.3,64.5,131.01,128.11,Clouds,,,,,,,
2026-07-29T11:53:06+00:00,home_001,100.0,2026-07-29T11:58:06.077152+00:00,134.35,129.28,12.2,68.3,68.3,64.5,132.98,134.16,Clouds,,,,,,,
2026-07-29T11:53:11+00:00,home_001,100.0,2026-07-29T11:58:11.037121+00:00,130.23,169.72,12.59,68.3,68.3,64.5,136.63,140.55,Clouds,,,,,,,
2026-07-29T11:53:16+00:00,home_001,100.0,2026-07-29T11:58:16.073272+00:00,146.58,179.77,11.19,68.3,68.3,64.5,135.33,139.69,Clouds,,,,,,,
2026-07-29T11:53:21+00:00,home_001,100.0,2026-07-29T11:58:21.051639+00:00,142.73,173.27,11.49,68.3,68.3,64.5,133.89,131.25,Clouds,,,,,,,
2026-07-29T11:53:26+00:00,home_001,100.0,2026-07-29T11:58:26.104744+00:00,147.22,192.63,11.14,68.3,68.3,64.5,132.14,130.57,Clouds,,,,,,,
2026-07-29T11:53:31+00:00,home_001,100.0,2026-07-29T11:58:31.121842+00:00,155.48,170.21,10.55,68.3,68.3,64.5,133.74,127.85,Clouds,,,,,,,
2026-07-29T11:53:36+00:00,home_001,100.0,2026-07-29T11:58:36.105036+00:00,150.29,140.92,10.91,68.3,68.3,64.5,133.68,132.38,Clouds,,,,,,,
2026-07-29T11:53:41+00:00,home_001,100.0,2026-07-29T11:58:41.119607+00:00,138.38,158.69,11.85,68.3,68.3,64.5,132.93,131.25,Clouds,,,,,,,
2026-07-29T11:53:46+00:00,home_001,100.0,2026-07-29T11:58:46.167786+00:00,163.66,99.14,10.02,68.3,68.3,64.5,133.0,139.76,Clouds,,,,,,,
2026-07-29T11:53:51+00:00,home_001,100.0,2026-07-29T11:58:51.188666+00:00,154.73,175.23,10.6,68.3,68.3,64.5,134.3,139.76,Clouds,,,,,,,
2026-07-29T11:53:56+00:00,home_001,100.0,2026-07-29T11:58:56.217974+00:00,133.06,94.72,12.32,68.3,68.3,64.5,133.06,140.13,Clouds,,,,,,,
2026-07-29T11:54:01+00:00,home_001,100.0,2026-07-29T11:59:01.145773+00:00,149.97,107.1,10.93,68.3,68.3,64.5,132.0,134.25,Clouds,,,,,,,
2026-07-29T11:54:06+00:00,home_001,100.0,2026-07-29T11:59:06.156979+00:00,141.85,139.33,11.56,68.3,68.3,64.5,134.16,126.5,Clouds,,,,,,,
2026-07-29T11:54:11+00:00,home_001,100.0,2026-07-29T11:59:11.147101+00:00,135.01,186.26,12.14,68.3,68.3,64.5,132.18,140.81,Clouds,,,,,,,
2026-07-29T11:54:16+00:00,home_001,100.0,2026-07-29T11:59:16.256617+00:00,138.47,99.38,11.84,68.3,68.3,64.5,133.64,138.09,Clouds,,,,,,,
2026-07-29T11:54:21+00:00,home_001,100.0,2026-07-29T11:59:21.201475+00:00,140.31,179.77,11.69,68.3,68.3,64.5,134.58,128.25,Clouds,,,,,,,
2026-07-29T11:54:26+00:00,home_001,100.0,2026-07-29T11:59:26.187815+00:00,140.44,109.18,11.67,68.3,68.3,64.5,133.44,130.08,Clouds,,,,,,,
2026-07-29T11:54:31+00:00,home_001,100.0,2026-07-29T11:59:31.212012+00:00,133.01,164.45,12.33,68.3,68.3,64.5,133.87,136.74,Clouds,,,,,,,
2026-07-29T11:54:36+00:00,home_001,100.0,2026-07-29T11:59:36.216538+00:00,131.21,162.37,12.5,68.3,68.3,64.5,133.4,132.33,Clouds,,,,,,,
2026-07-29T11:54:41+00:00,home_001,100.0,2026-07-29T11:59:41.293115+00:00,152.67,124.99,10.74,68.3,68.3,64.5,133.59,131.34,Clouds,,,,,,,
2026-07-29T11:54:46+00:00,home_001,100.0,2026-07-29T11:59:46.282354+00:00,140.79,146.19,11.65,68.3,68.3,64.5,133.81,136.48,Clouds,,,,,,,
2026-07-29T11:54:51+00:00,home_001,100.0,2026-07-29T11:59:51.242569+00:00,135.73,99.87,12.08,68.3,68.3,64.5,132.72,129.94,Clouds,,,,,,,
2026-07-29T11:54:56+00:00,home_001,100.0,2026-07-29T11:59:56.251273+00:00,135.69,138.1,12.08,68.3,68.3,64.5,137.58,140.69,Clouds,,,,,,,
2026-07-29T11:55:01+00:00,home_001,100.0,2026-07-29T12:00:01.305946+00:00,133.32,142.02,12.3,68.3,68.3,64.5,135.07,135.05,Clouds,,,,,,,
2026-07-29T11:55:06+00:00,home_001,100.0,2026-07-29T12:00:06.335910+00:00,138.97,88.11,11.8,68.3,68.3,64.5,135.09,127.29,Clouds,,,,,,,
2026-07-29T11:55:11+00:00,home_001,100.0,2026-07-29T12:00:11.358725+00:00,130.93,159.67,12.52,68.3,68.3,64.5,131.86,133.63,Clouds,,,,,,,
2026-07-29T11:55:16+00:00,home_001,100.0,2026-07-29T12:00:16.329975+00:00,142.4,193.98,11.51,68.3,68.3,64.5,136.12,139.43,Clouds,,,,,,,
2026-07-29T11:55:21+00:00,home_001,100.0,2026-07-29T12:00:21.369218+00:00,142.67,92.89,11.49,68.3,68.3,64.5,131.62,136.12,Clouds,,,,,,,
2026-07-29T11:55:26+00:00,home_001,100.0,2026-07-29T12:00:26.345826+00:00,144.04,117.03,11.38,68.3,68.3,64.5,134.31,141.29,Clouds,,,,,,,
2026-07-29T11:55:31+00:00,home_001,100.0,2026-07-29T12:00:31.434524+00:00,156.55,86.51,10.47,68.3,68.3,64.5,133.6,134.23,Clouds,,,,,,,
2026-07-29T11:55:36+00:00,home_001,100.0,2026-07-29T12:00:36.381596+00:00,131.93,98.77,12.43,68.3,68.3,64.5,132.86,135.6,Clouds,,,,,,,
2026-07-29T11:55:41+00:00,home_001,100.0,2026-07-29T12:00:41.371468+00:00,121.21,95.95,13.53,68.3,68.3,64.5,131.63,126.04,Clouds,,,,,,,
2026-07-29T11:55:46+00:00,home_001,100.0,2026-07-29T12:00:46.410624+00:00,126.28,142.64,12.98,68.3,68.3,64.5,133.06,134.69,Clouds,,,,,,,
2026-07-29T11:55:51+00:00,home_001,100.0,2026-07-29T12:00:51.401047+00:00,129.43,188.34,12.67,68.3,68.3,64.5,133.47,128.49,Clouds,,,,,,,
2026-07-29T11:55:56+00:00,home_001,100.0,2026-07-29T12:00:56.379651+00:00,132.38,137.98,12.39,68.3,68.3,64.5,136.66,137.85,Clouds,,,,,,,
2026-07-29T11:56:01+00:00,home_001,100.0,2026-07-29T12:01:01.434702+00:00,132.74,117.39,12.35,68.3,68.3,64.5,133.15,134.88,Clouds,,,,,,,
2026-07-29T11:56:06+00:00,home_001,100.0,2026-07-29T12:01:06.429768+00:00,136.05,119.72,12.05,68.3,68.3,64.5,133.8,132.55,Clouds,,,,,,,
2026-07-29T11:56:11+00:00,home_001,100.0,2026-07-29T12:01:11.446990+00:00,151.79,137.0,10.8,68.3,68.3,64.5,133.56,129.29,Clouds,,,,,,,
2026-07-29T11:56:16+00:00,home_001,100.0,2026-07-29T12:01:16.475830+00:00,136.96,97.05,11.97,68.3,68.3,64.5,135.36,128.09,Clouds,,,,,,,
2026-07-29T11:56:21+00:00,home_001,100.0,2026-07-29T12:01:21.446896+00:00,127.67,86.88,12.84,68.3,68.3,64.5,132.83,132.83,Clouds,,,,,,,
2026-07-29T11:56:26+00:00,home_001,100.0,2026-07-29T12:01:26.494202+00:00,126.73,142.02,12.94,68.3,68.3,64.5,134.82,137.9,Clouds,,,,,,,
2026-07-29T11:56:31+00:00,home_001,100.0,2026-07-29T12:01:31.547607+00:00,124.89,87.74,13.13,68.3,68.3,64.5,134.86,137.09,Clouds,,,,,,,
2026-07-29T11:56:36+00:00,home_001,100.0,2026-07-29T12:01:36.476199+00:00,128.9,89.58,12.72,68.3,68.3,64.5,133.31,137.57,Clouds,,,,,,,
2026-07-29T11:56:41+00:00,home_001,100.0,2026-07-29T12:01:41.467795+00:00,116.99,86.76,14.01,68.3,68.3,64.5,132.72,135.93,Clouds,,,,,,,
2026-07-29T11:56:46+00:00,home_001,100.0,2026-07-29T12:01:46.507968+00:00,137.64,104.77,11.91,68.3,68.3,64.5,134.85,137.64,Clouds,,,,,,,
2026-07-29T11:56:51+00:00,home_001,100.0,2026-07-29T12:01:51.527673+00:00,141.01,157.95,11.63,68.3,68.3,64.5,133.56,128.88,Clouds,,,,,,,
2026-07-29T11:56:56+00:00,home_001,100.0,2026-07-29T12:01:56.632032+00:00,147.25,182.71,11.13,68.3,68.3,64.5,133.79,129.66,Clouds,,,,,,,
2026-07-29T11:57:01+00:00,home_001,100.0,2026-07-29T12:02:01.671823+00:00,163.09,167.39,10.05,68.3,68.3,64.5,134.3,135.94,Clouds,,,,,,,
2026-07-29T11:57:06+00:00,home_001,100.0,2026-07-29T12:02:06.539250+00:00,138.1,117.52,11.87,68.3,68.3,64.5,132.97,131.29,Clouds,,,,,,,
2026-07-29T11:57:11+00:00,home_001,100.0,2026-07-29T12:02:11.613482+00:00,145.87,129.53,11.24,68.3,68.3,64.5,134.03,129.43,Clouds,,,,,,,
2026-07-29T11:57:16+00:00,home_001,100.0,2026-07-29T12:02:16.560779+00:00,146.87,203.54,11.16,68.3,68.3,64.5,132.46,133.71,Clouds,,,,,,,
2026-07-29T11:57:21+00:00,home_001,100.0,2026-07-29T12:02:21.566250+00:00,117.73,114.21,13.93,68.3,68.3,64.5,133.88,138.94,Clouds,,,,,,,
2026-07-29T11:57:27+00:00,home_001,100.0,2026-07-29T12:02:27.416826+00:00,150.6,172.17,10.89,68.3,68.3,64.5,134.16,130.8,Clouds,,,,,,,
2026-07-29T11:57:31+00:00,home_001,100.0,2026-07-29T12:02:31.575889+00:00,153.25,171.8,10.7,68.3,68.3,64.5,132.6,127.56,Clouds,,,,,,,
2026-07-29T11:57:36+00:00,home_001,100.0,2026-07-29T12:02:36.583928+00:00,138.86,152.19,11.81,68.3,68.3,64.5,134.63,130.31,Clouds,,,,,,,
2026-07-29T11:57:41+00:00,home_001,100.0,2026-07-29T12:02:41.585343+00:00,137.57,105.51,11.92,68.3,68.3,64.5,133.4,137.08,Clouds,,,,,,,
2026-07-29T11:57:46+00:00,home_001,100.0,2026-07-29T12:02:46.597973+00:00,153.35,203.05,10.69,68.3,68.3,64.5,133.47,126.95,Clouds,,,,,,,
2026-07-29T11:57:51+00:00,home_001,100.0,2026-07-29T12:02:51.590190+00:00,160.27,181.73,10.23,68.3,68.3,64.5,136.65,140.22,Clouds,,,,,,,
2026-07-29T11:57:56+00:00,home_001,100.0,2026-07-29T12:02:56.628842+00:00,144.64,203.91,11.34,68.3,68.3,64.5,131.87,136.16,Clouds,,,,,,,
2026-07-29T11:58:01+00:00,home_001,100.0,2026-07-29T12:03:01.600842+00:00,139.0,188.34,11.8,68.3,68.3,64.5,133.94,128.94,Clouds,,,,,,,
2026-07-29T11:58:06+00:00,home_001,100.0,2026-07-29T12:03:06.644365+00:00,148.7,159.53,11.03,68.3,68.3,64.4,130.76,132.37,Clouds,,,,,,,
2026-07-29T11:58:11+00:00,home_001,100.0,2026-07-29T12:03:11.585958+00:00,145.25,93.0,11.29,68.3,68.3,64.4,134.95,139.84,Clouds,,,,,,,
2026-07-29T11:58:16+00:00,home_001,100.0,2026-07-29T12:03:16.623634+00:00,139.73,182.34,11.73,68.3,68.3,64.5,134.8,140.18,Clouds,,,,,,,
2026-07-29T11:58:21+00:00,home_001,100.0,2026-07-29T12:03:21.615257+00:00,138.68,178.53,11.82,68.3,68.3,64.4,132.81,133.47,Clouds,,,,,,,
2026-07-29T11:58:26+00:00,home_001,100.0,2026-07-29T12:03:26.637699+00:00,145.17,123.75,11.29,68.3,68.3,64.4,133.0,131.13,Clouds,,,,,,,
2026-07-29T11:58:31+00:00,home_001,100.0,2026-07-29T12:03:31.663329+00:00,136.9,129.27,11.98,68.3,68.3,64.4,134.08,133.9,Clouds,,,,,,,
2026-07-29T11:58:36+00:00,home_001,100.0,2026-07-29T12:03:36.655422+00:00,163.62,107.83,10.02,68.3,68.3,64.4,131.26,136.27,Clouds,,,,,,,
2026-07-29T11:58:41+00:00,home_001,100.0,2026-07-29T12:03:41.679759+00:00,143.54,131.97,11.42,68.3,68.3,64.4,132.94,132.94,Clouds,,,,,,,
2026-07-29T11:58:46+00:00,home_001,100.0,2026-07-29T12:03:46.696368+00:00,143.01,111.87,11.46,68.3,68.3,64.4,133.76,126.98,Clouds,,,,,,,
2026-07-29T11:58:51+00:00,home_001,100.0,2026-07-29T12:03:51.695579+00:00,167.09,84.18,9.81,68.3,68.3,64.4,137.04,140.85,Clouds,,,,,,,
2026-07-29T11:58:56+00:00,home_001,100.0,2026-07-29T12:03:56.736212+00:00,147.79,92.89,11.09,68.3,68.3,64.5,136.2,141.52,Clouds,,,,,,,
2026-07-29T11:59:01+00:00,home_001,100.0,2026-07-29T12:04:01.680581+00:00,154.1,199.37,10.64,68.3,68.3,64.5,133.26,131.5,Clouds,,,,,,,
2026-07-29T11:59:06+00:00,home_001,100.0,2026-07-29T12:04:06.760747+00:00,148.03,186.38,11.08,68.3,68.3,64.5,135.03,139.03,Clouds,,,,,,,
2026-07-29T11:59:11+00:00,home_001,100.0,2026-07-29T12:04:11.695946+00:00,166.43,201.19,9.85,68.3,68.3,64.4,136.18,127.05,Clouds,,,,,,,
2026-07-29T11:59:16+00:00,home_001,100.0,2026-07-29T12:04:16.736899+00:00,138.12,122.53,11.87,68.3,68.3,64.4,132.96,131.98,Clouds,,,,,,,
2026-07-29T11:59:21+00:00,home_001,100.0,2026-07-29T12:04:21.810152+00:00,132.4,177.3,12.38,68.3,68.3,64.4,134.32,136.16,Clouds,,,,,,,
2026-07-29T11:59:26+00:00,home_001,100.0,2026-07-29T12:04:26.737109+00:00,139.09,82.22,11.79,68.3,68.3,64.4,134.13,140.66,Clouds,,,,,,,
2026-07-29T11:59:31+00:00,home_001,100.0,2026-07-29T12:04:31.779566+00:00,137.04,132.94,11.96,68.3,68.3,64.4,134.24,135.01,Clouds,,,,,,,
2026-07-29T11:59:36+00:00,home_001,100.0,2026-07-29T12:04:36.784631+00:00,125.55,167.5,13.06,68.3,68.3,64.4,132.42,125.97,Clouds,,,,,,,
2026-07-29T11:59:41+00:00,home_001,100.0,2026-07-29T12:04:41.775084+00:00,137.92,185.26,11.89,68.3,68.3,64.4,133.96,127.19,Clouds,,,,,,,
2026-07-29T11:59:46+00:00,home_001,100.0,2026-07-29T12:04:46.878673+00:00,169.08,187.72,9.7,68.3,68.3,64.4,134.64,140.9,Clouds,,,,,,,
2026-07-29T11:59:51+00:00,home_001,100.0,2026-07-29T12:04:51.826641+00:00,128.16,149.61,12.79,68.3,68.3,64.4,133.01,135.05,Clouds,,,,,,,
2026-07-29T11:59:56+00:00,home_001,100.0,2026-07-29T12:04:56.815260+00:00,142.35,163.94,11.52,68.3,68.3,64.4,133.41,131.98,Clouds,,,,,,,
2026-07-29T12:00:01+00:00,home_001,100.0,2026-07-29T12:05:01.967490+00:00,846.52,181.96,1.94,68.3,68.3,64.4,290.89,144.02,Clouds,,,,,,,
2026-07-29T12:00:06+00:00,home_001,100.0,2026-07-29T12:05:06.896309+00:00,163.3,188.7,10.04,68.3,68.3,64.4,134.34,149.16,Clouds,,,,,,,
2026-07-29T12:00:11+00:00,home_001,100.0,2026-07-29T12:05:11.920378+00:00,317.41,188.33,5.17,68.3,68.3,64.4,188.17,140.62,Clouds,,,,,,,
2026-07-29T12:00:16+00:00,home_001,100.0,2026-07-29T12:05:16.913324+00:00,288.12,122.04,5.69,68.3,68.3,64.4,134.57,145.4,Clouds,,,,,,,
2026-07-29T12:00:21+00:00,home_001,100.0,2026-07-29T12:05:21.936726+00:00,348.98,114.93,4.7,68.3,68.3,64.4,252.84,144.71,Clouds,,,,,,,
2026-07-29T12:00:26+00:00,home_001,100.0,2026-07-29T12:05:26.950894+00:00,192.06,148.26,8.54,68.3,68.3,64.4,135.58,150.63,Clouds,,,,,,,
2026-07-29T12:00:31+00:00,home_001,100.0,2026-07-29T12:05:31.921170+00:00,150.1,94.35,10.92,68.3,68.3,64.4,183.95,145.0,Clouds,,,,,,,
2026-07-29T12:00:36+00:00,home_001,100.0,2026-07-29T12:05:36.992950+00:00,143.16,97.9,11.45,68.3,68.3,64.4,134.91,149.49,Clouds,,,,,,,
2026-07-29T12:00:41+00:00,home_001,100.0,2026-07-29T12:05:41.999421+00:00,195.28,107.34,8.4,68.3,68.3,64.4,135.71,150.48,Clouds,,,,,,,
2026-07-29T12:00:46+00:00,home_001,100.0,2026-07-29T12:05:46.913085+00:00,121.29,91.78,13.52,68.3,68.3,64.4,136.14,144.89,Clouds,,,,,,,
2026-07-29T12:00:51+00:00,home_001,100.0,2026-07-29T12:05:51.930102+00:00,134.71,170.19,12.17,68.3,68.3,64.4,135.93,148.61,Clouds,,,,,,,
2026-07-29T12:00:57+00:00,home_001,100.0,2026-07-29T12:05:57.057561+00:00,143.86,126.94,11.4,68.3,68.3,64.4,137.76,150.93,Clouds,,,,,,,
2026-07-29T12:01:01+00:00,home_001,100.0,2026-07-29T12:06:01.986646+00:00,140.52,144.34,11.67,68.3,68.3,64.4,138.06,151.57,Clouds,,,,,,,
2026-07-29T12:01:06+00:00,home_001,100.0,2026-07-29T12:06:06.977006+00:00,232.62,150.71,7.05,68.3,68.3,64.4,135.65,138.8,Clouds,,,,,,,
2026-07-29T12:01:11+00:00,home_001,100.0,2026-07-29T12:06:11.984770+00:00,213.38,165.66,7.68,68.3,68.3,64.4,135.33,148.59,Clouds,,,,,,,
2026-07-29T12:01:17+00:00,home_001,100.0,2026-07-29T12:06:17.030865+00:00,223.38,91.28,7.34,68.3,68.3,64.4,161.19,139.91,Clouds,,,,,,,
2026-07-29T12:01:22+00:00,home_001,100.0,2026-07-29T12:06:22.168589+00:00,241.69,123.63,6.78,68.3,68.3,64.4,134.77,147.23,Clouds,,,,,,,
2026-07-29T12:01:27+00:00,home_001,100.0,2026-07-29T12:06:27.044751+00:00,120.72,111.87,13.58,68.3,68.3,64.4,137.45,141.74,Clouds,,,,,,,
2026-07-29T12:01:32+00:00,home_001,100.0,2026-07-29T12:06:32.032831+00:00,126.83,132.21,12.93,68.3,68.3,64.4,137.43,141.2,Clouds,,,,,,,
2026-07-29T12:01:37+00:00,home_001,100.0,2026-07-29T12:06:37.052546+00:00,127.42,163.46,12.87,68.3,68.3,64.4,138.3,150.52,Clouds,,,,,,,
2026-07-29T12:01:42+00:00,home_001,100.0,2026-07-29T12:06:42.001015+00:00,168.51,172.52,9.73,68.3,68.3,64.4,137.39,149.18,Clouds,,,,,,,
2026-07-29T12:01:47+00:00,home_001,100.0,2026-07-29T12:06:47.041255+00:00,269.93,192.13,6.07,68.3,68.3,64.4,155.63,137.38,Clouds,,,,,,,
2026-07-29T12:01:52+00:00,home_001,100.0,2026-07-29T12:06:52.065191+00:00,143.15,139.32,11.45,68.3,68.3,64.4,136.85,142.37,Clouds,,,,,,,
2026-07-29T12:01:57+00:00,home_001,100.0,2026-07-29T12:06:57.057848+00:00,154.68,190.66,10.6,68.3,68.3,64.4,137.87,142.51,Clouds,,,,,,,
2026-07-29T12:02:02+00:00,home_001,100.0,2026-07-29T12:07:02.066699+00:00,136.51,163.33,12.01,68.3,68.3,64.4,139.64,141.23,Clouds,,,,,,,
2026-07-29T12:02:07+00:00,home_001,100.0,2026-07-29T12:07:07.073525+00:00,225.26,154.51,7.28,68.3,68.3,64.4,136.81,144.52,Clouds,,,,,,,
2026-07-29T12:02:12+00:00,home_001,100.0,2026-07-29T12:07:12.098557+00:00,148.36,158.8,11.05,68.3,68.3,64.4,138.84,146.01,Clouds,,,,,,,
2026-07-29T12:02:17+00:00,home_001,100.0,2026-07-29T12:07:17.122865+00:00,154.29,125.72,10.63,68.3,68.3,64.4,139.68,145.91,Clouds,,,,,,,
2026-07-29T12:02:22+00:00,home_001,100.0,2026-07-29T12:07:22.149956+00:00,177.87,99.25,9.22,68.3,68.3,64.4,137.35,143.94,Clouds,,,,,,,
2026-07-29T12:02:27+00:00,home_001,100.0,2026-07-29T12:07:27.119709+00:00,271.97,163.7,6.03,68.3,68.3,64.4,137.36,139.8,Clouds,,,,,,,
2026-07-29T12:02:32+00:00,home_001,100.0,2026-07-29T12:07:32.081085+00:00,159.83,134.05,10.26,68.3,68.3,64.4,135.29,147.69,Clouds,,,,,,,
2026-07-29T12:02:37+00:00,home_001,100.0,2026-07-29T12:07:37.120538+00:00,123.84,108.19,13.24,68.3,68.3,64.4,138.01,142.66,Clouds,,,,,,,
2026-07-29T12:02:42+00:00,home_001,100.0,2026-07-29T12:07:42.095964+00:00,158.13,84.79,10.37,68.3,68.3,64.4,137.93,148.53,Clouds,,,,,,,
2026-07-29T12:02:47+00:00,home_001,100.0,2026-07-29T12:07:47.209939+00:00,172.73,92.14,9.49,68.3,68.3,64.4,139.39,140.4,Clouds,,,,,,,
2026-07-29T12:02:52+00:00,home_001,100.0,2026-07-29T12:07:52.114381+00:00,157.52,195.31,10.41,68.3,68.3,64.4,134.75,142.55,Clouds,,,,,,,
2026-07-29T12:02:57+00:00,home_001,100.0,2026-07-29T12:07:57.121695+00:00,134.01,160.27,12.23,68.3,68.3,64.4,169.02,136.99,Clouds,,,,,,,
2026-07-29T12:03:02+00:00,home_001,100.0,2026-07-29T12:08:02.144772+00:00,133.51,156.84,12.28,68.3,68.3,64.4,140.73,145.87,Clouds,,,,,,,
2026-07-29T12:03:07+00:00,home_001,100.0,2026-07-29T12:08:07.199727+00:00,214.24,186.86,7.65,68.3,68.3,64.4,137.94,140.88,Clouds,,,,,,,
2026-07-29T12:03:12+00:00,home_001,100.0,2026-07-29T12:08:12.159126+00:00,158.64,89.45,10.34,68.3,68.3,64.4,138.96,145.95,Clouds,,,,,,,
2026-07-29T12:03:17+00:00,home_001,100.0,2026-07-29T12:08:17.168361+00:00,120.1,132.33,13.65,68.3,68.3,64.4,140.1,141.1,Clouds,,,,,,,
2026-07-29T12:03:22+00:00,home_001,100.0,2026-07-29T12:08:22.255811+00:00,140.0,143.73,11.71,68.3,68.3,64.4,95.85,140.36,Clouds,,,,,,,
2026-07-29T12:03:27+00:00,home_001,100.0,2026-07-29T12:08:27.183792+00:00,161.18,187.23,10.17,68.3,68.3,64.4,84.25,142.91,Clouds,,,,,,,
2026-07-29T12:03:32+00:00,home_001,100.0,2026-07-29T12:08:32.173545+00:00,194.98,194.94,8.41,68.3,68.3,64.4,125.31,138.53,Clouds,,,,,,,
2026-07-29T12:03:37+00:00,home_001,100.0,2026-07-29T12:08:37.185791+00:00,155.67,126.33,10.53,68.3,68.3,64.4,141.52,145.3,Clouds,,,,,,,
2026-07-29T12:03:42+00:00,home_001,100.0,2026-07-29T12:08:42.192985+00:00,137.39,131.97,11.93,68.3,68.3,64.4,141.38,141.95,Clouds,,,,,,,
2026-07-29T12:03:47+00:00,home_001,100.0,2026-07-29T12:08:47.279954+00:00,134.7,104.15,12.17,68.3,68.3,64.4,140.58,140.38,Clouds,,,,,,,
2026-07-29T12:03:52+00:00,home_001,100.0,2026-07-29T12:08:52.277070+00:00,127.66,87.12,12.84,68.3,68.3,64.4,141.36,142.21,Clouds,,,,,,,
2026-07-29T12:03:57+00:00,home_001,100.0,2026-07-29T12:08:57.189897+00:00,162.88,192.0,10.07,68.3,68.3,64.4,143.98,150.0,Clouds,,,,,,,
2026-07-29T12:04:02+00:00,home_001,100.0,2026-07-29T12:09:02.190251+00:00,152.0,91.9,10.79,68.3,68.3,64.4,141.81,143.36,Clouds,,,,,,,
2026-07-29T12:04:07+00:00,home_001,100.0,2026-07-29T12:09:07.202746+00:00,121.61,171.79,13.48,68.3,68.3,64.4,143.67,149.59,Clouds,,,,,,,
2026-07-29T12:04:12+00:00,home_001,100.0,2026-07-29T12:09:12.241187+00:00,192.75,83.93,8.51,68.3,68.3,64.4,143.44,137.78,Clouds,,,,,,,
2026-07-29T12:04:17+00:00,home_001,100.0,2026-07-29T12:09:17.234733+00:00,135.8,160.15,12.07,68.3,68.3,64.4,142.14,139.25,Clouds,,,,,,,
2026-07-29T12:04:22+00:00,home_001,100.0,2026-07-29T12:09:22.268468+00:00,111.6,163.82,14.69,68.3,68.3,64.4,142.32,144.33,Clouds,,,,,,,
2026-07-29T12:04:27+00:00,home_001,100.0,2026-07-29T12:09:27.232308+00:00,149.44,196.78,10.97,68.3,68.3,64.4,138.77,138.24,Clouds,,,,,,,
2026-07-29T12:04:32+00:00,home_001,100.0,2026-07-29T12:09:32.305758+00:00,153.66,185.51,10.67,68.3,68.3,64.4,141.88,141.07,Clouds,,,,,,,
2026-07-29T12:04:37+00:00,home_001,100.0,2026-07-29T12:09:37.345111+00:00,165.98,135.52,9.88,68.3,68.3,64.4,140.12,138.85,Clouds,,,,,,,
2026-07-29T12:04:42+00:00,home_001,100.0,2026-07-29T12:09:42.261124+00:00,145.33,108.81,11.28,68.3,68.3,64.4,144.44,145.59,Clouds,,,,,,,
2026-07-29T12:04:47+00:00,home_001,100.0,2026-07-29T12:09:47.312191+00:00,130.98,140.05,12.52,68.3,68.3,64.4,143.25,148.9,Clouds,,,,,,,
2026-07-29T12:04:52+00:00,home_001,100.0,2026-07-29T12:09:52.275958+00:00,133.79,120.2,12.25,68.3,68.3,64.4,139.44,139.55,Clouds,,,,,,,
2026-07-29T12:04:57+00:00,home_001,100.0,2026-07-29T12:09:57.280001+00:00,151.77,199.11,10.8,68.3,68.3,64.4,139.59,142.57,Clouds,,,,,,,
2026-07-29T12:05:02+00:00,home_001,100.0,2026-07-29T12:10:02.308397+00:00,182.06,202.91,9.01,68.3,68.3,64.4,146.4,149.04,Clouds,,,,,,,
2026-07-29T12:05:07+00:00,home_001,100.0,2026-07-29T12:10:07.281708+00:00,155.71,94.35,10.53,68.3,68.3,64.4,143.05,145.36,Clouds,,,,,,,
2026-07-29T12:05:12+00:00,home_001,100.0,2026-07-29T12:10:12.323202+00:00,183.28,189.68,8.95,68.3,68.3,64.4,143.07,144.71,Clouds,,,,,,,
2026-07-29T12:05:17+00:00,home_001,100.0,2026-07-29T12:10:17.311151+00:00,134.88,191.64,12.16,68.3,68.3,64.4,144.79,150.21,Clouds,,,,,,,
2026-07-29T12:05:22+00:00,home_001,100.0,2026-07-29T12:10:22.337140+00:00,156.03,177.06,10.51,68.3,68.3,64.4,140.66,138.39,Clouds,,,,,,,
2026-07-29T12:05:27+00:00,home_001,100.0,2026-07-29T12:10:27.377873+00:00,158.38,186.0,10.35,68.3,68.3,64.4,143.44,149.3,Clouds,,,,,,,
2026-07-29T12:05:32+00:00,home_001,100.0,2026-07-29T12:10:32.418358+00:00,158.2,169.34,10.36,68.3,68.3,64.4,142.94,142.4,Clouds,,,,,,,
2026-07-29T12:05:37+00:00,home_001,100.0,2026-07-29T12:10:37.343261+00:00,204.68,196.17,8.01,68.3,68.3,64.4,144.25,150.32,Clouds,,,,,,,
2026-07-29T12:05:42+00:00,home_001,100.0,2026-07-29T12:10:42.383499+00:00,161.9,122.9,10.13,68.3,68.3,64.4,143.13,140.18,Clouds,,,,,,,
2026-07-29T12:05:47+00:00,home_001,100.0,2026-07-29T12:10:47.457682+00:00,160.14,189.19,10.24,68.3,68.3,64.4,142.79,149.93,Clouds,,,,,,,
2026-07-29T12:05:52+00:00,home_001,100.0,2026-07-29T12:10:52.388114+00:00,162.5,112.48,10.09,68.3,68.3,64.4,144.23,142.44,Clouds,,,,,,,
2026-07-29T12:05:57+00:00,home_001,100.0,2026-07-29T12:10:57.377087+00:00,141.63,136.62,11.58,68.3,68.3,64.4,144.59,140.93,Clouds,,,,,,,
2026-07-29T12:06:02+00:00,home_001,100.0,2026-07-29T12:11:02.624239+00:00,201.01,89.45,8.16,68.3,68.3,64.4,143.05,146.51,Clouds,,,,,,,
2026-07-29T12:06:07+00:00,home_001,100.0,2026-07-29T12:11:07.424841+00:00,130.92,141.03,12.52,68.3,68.3,64.4,143.22,147.82,Clouds,,,,,,,
2026-07-29T12:06:12+00:00,home_001,100.0,2026-07-29T12:11:12.441608+00:00,140.53,123.63,11.67,68.3,68.3,64.4,143.98,143.0,Clouds,,,,,,,
2026-07-29T12:06:17+00:00,home_001,100.0,2026-07-29T12:11:17.471076+00:00,103.05,176.2,15.91,68.3,68.3,64.4,143.09,151.43,Clouds,,,,,,,
2026-07-29T12:06:22+00:00,home_001,100.0,2026-07-29T12:11:22.788345+00:00,136.46,101.33,12.02,68.3,68.3,64.4,144.16,142.88,Clouds,,,,,,,
2026-07-29T12:06:27+00:00,home_001,100.0,2026-07-29T12:11:27.415810+00:00,130.58,133.68,12.56,68.3,68.3,64.4,143.99,143.84,Clouds,,,,,,,
2026-07-29T12:06:32+00:00,home_001,100.0,2026-07-29T12:11:32.416636+00:00,145.62,190.78,11.26,68.3,68.3,64.4,142.76,145.93,Clouds,,,,,,,
2026-07-29T12:06:37+00:00,home_001,100.0,2026-07-29T12:11:37.440666+00:00,155.13,105.13,10.57,68.3,68.3,64.4,143.04,148.22,Clouds,,,,,,,
2026-07-29T12:06:42+00:00,home_001,100.0,2026-07-29T12:11:42.464035+00:00,135.75,179.26,12.08,68.3,68.3,64.4,142.86,141.43,Clouds,,,,,,,
2026-07-29T12:06:47+00:00,home_001,100.0,2026-07-29T12:11:47.457344+00:00,142.74,203.52,11.49,68.3,68.3,64.4,142.5,141.16,Clouds,,,,,,,
2026-07-29T12:06:52+00:00,home_001,100.0,2026-07-29T12:11:52.495941+00:00,150.46,117.51,10.9,68.3,68.3,64.4,144.26,150.67,Clouds,,,,,,,
2026-07-29T12:06:57+00:00,home_001,100.0,2026-07-29T12:11:57.507655+00:00,135.04,191.27,12.14,68.3,68.3,64.4,146.18,149.16,Clouds,,,,,,,
2026-07-29T12:07:02+00:00,home_001,100.0,2026-07-29T12:12:02.499706+00:00,160.49,139.56,10.22,68.3,68.3,64.4,139.76,138.23,Clouds,,,,,,,
2026-07-29T12:07:07+00:00,home_001,100.0,2026-07-29T12:12:07.554009+00:00,157.1,94.35,10.44,68.3,68.3,64.4,143.13,146.44,Clouds,,,,,,,
2026-07-29T12:07:12+00:00,home_001,100.0,2026-07-29T12:12:12.555631+00:00,132.99,177.55,12.33,68.3,68.3,64.4,142.91,144.57,Clouds,,,,,,,
2026-07-29T12:07:17+00:00,home_001,100.0,2026-07-29T12:12:17.597138+00:00,137.77,190.66,11.9,68.3,68.3,64.4,144.16,141.71,Clouds,,,,,,,
2026-07-29T12:07:22+00:00,home_001,100.0,2026-07-29T12:12:22.559315+00:00,167.25,90.06,9.8,68.3,68.3,64.4,145.28,145.87,Clouds,,,,,,,
2026-07-29T12:07:27+00:00,home_001,100.0,2026-07-29T12:12:27.538151+00:00,141.36,201.19,11.6,68.3,68.3,64.4,142.5,148.19,Clouds,,,,,,,
2026-07-29T12:07:32+00:00,home_001,100.0,2026-07-29T12:12:32.570660+00:00,154.22,124.49,10.63,68.3,68.3,64.4,147.19,150.18,Clouds,,,,,,,
2026-07-29T12:07:37+00:00,home_001,100.0,2026-07-29T12:12:37.663559+00:00,131.38,191.39,12.48,68.3,68.3,64.4,144.67,142.81,Clouds,,,,,,,
2026-07-29T12:07:42+00:00,home_001,100.0,2026-07-29T12:12:42.560131+00:00,153.9,124.0,10.65,68.3,68.3,64.4,140.62,147.15,Clouds,,,,,,,
2026-07-29T12:07:47+00:00,home_001,100.0,2026-07-29T12:12:47.569313+00:00,134.0,170.93,12.24,68.3,68.3,64.4,144.47,149.42,Clouds,,,,,,,
2026-07-29T12:07:52+00:00,home_001,100.0,2026-07-29T12:12:52.590319+00:00,155.94,131.97,10.51,68.3,68.3,64.4,144.89,144.36,Clouds,,,,,,,
2026-07-29T12:07:57+00:00,home_001,100.0,2026-07-29T12:12:57.616050+00:00,144.04,113.95,11.38,68.3,68.3,64.4,144.19,152.74,Clouds,,,,,,,
2026-07-29T12:08:02+00:00,home_001,100.0,2026-07-29T12:13:02.597405+00:00,151.94,107.58,10.79,68.3,68.3,64.4,145.44,145.83,Clouds,,,,,,,
2026-07-29T12:08:07+00:00,home_001,100.0,2026-07-29T12:13:07.615366+00:00,162.38,107.09,10.1,68.3,68.3,64.4,146.92,145.25,Clouds,,,,,,,
2026-07-29T12:08:12+00:00,home_001,100.0,2026-07-29T12:13:12.625005+00:00,131.08,148.75,12.51,68.3,68.3,64.4,142.04,141.85,Clouds,,,,,,,
2026-07-29T12:08:17+00:00,home_001,100.0,2026-07-29T12:13:17.682491+00:00,147.16,148.75,11.14,68.3,68.3,64.4,144.92,147.76,Clouds,,,,,,,
2026-07-29T12:08:22+00:00,home_001,100.0,2026-07-29T12:13:22.642155+00:00,168.2,189.55,9.75,68.3,68.3,64.4,139.95,140.22,Clouds,,,,,,,
2026-07-29T12:08:27+00:00,home_001,100.0,2026-07-29T12:13:27.662727+00:00,142.84,144.22,11.48,68.3,68.3,64.4,144.56,140.41,Clouds,,,,,,,
2026-07-29T12:08:32+00:00,home_001,100.0,2026-07-29T12:13:32.641728+00:00,144.46,95.82,11.35,68.3,68.3,64.4,140.18,141.96,Clouds,,,,,,,
2026-07-29T12:08:37+00:00,home_001,100.0,2026-07-29T12:13:37.684720+00:00,142.31,186.37,11.52,68.3,68.3,64.4,142.52,145.94,Clouds,,,,,,,
2026-07-29T12:08:42+00:00,home_001,100.0,2026-07-29T12:13:42.655130+00:00,145.29,194.09,11.28,68.3,68.3,64.4,144.77,151.28,Clouds,,,,,,,
2026-07-29T12:08:47+00:00,home_001,100.0,2026-07-29T12:13:47.697533+00:00,139.77,154.75,11.73,68.3,68.3,64.4,143.7,146.57,Clouds,,,,,,,
2026-07-29T12:08:52+00:00,home_001,100.0,2026-07-29T12:13:52.711452+00:00,182.0,204.38,9.01,68.3,68.3,64.4,142.94,144.78,Clouds,,,,,,,
2026-07-29T12:08:57+00:00,home_001,100.0,2026-07-29T12:13:57.711590+00:00,208.63,194.21,7.86,68.3,68.3,64.4,138.54,136.66,Clouds,,,,,,,
2026-07-29T12:09:02+00:00,home_001,100.0,2026-07-29T12:14:02.655616+00:00,136.84,129.76,11.98,68.3,68.3,64.4,141.35,140.6,Clouds,,,,,,,
2026-07-29T12:09:07+00:00,home_001,100.0,2026-07-29T12:14:07.681038+00:00,136.14,116.65,12.04,68.3,68.3,64.4,143.95,152.78,Clouds,,,,,,,
2026-07-29T12:09:12+00:00,home_001,100.0,2026-07-29T12:14:12.706127+00:00,135.66,130.25,12.09,68.3,68.3,64.4,142.89,144.61,Clouds,,,,,,,
2026-07-29T12:09:17+00:00,home_001,100.0,2026-07-29T12:14:17.694473+00:00,147.76,117.14,11.1,68.3,68.3,64.4,143.42,140.14,Clouds,,,,,,,
2026-07-29T12:09:22+00:00,home_001,100.0,2026-07-29T12:14:22.719717+00:00,147.33,113.34,11.13,68.3,68.3,64.4,139.92,142.94,Clouds,,,,,,,
2026-07-29T12:09:27+00:00,home_001,100.0,2026-07-29T12:14:27.744975+00:00,152.24,98.27,10.77,68.3,68.3,64.4,143.2,143.43,Clouds,,,,,,,
2026-07-29T12:09:32+00:00,home_001,100.0,2026-07-29T12:14:32.751090+00:00,159.64,126.33,10.27,68.3,68.3,64.4,142.32,136.99,Clouds,,,,,,,
2026-07-29T12:09:37+00:00,home_001,100.0,2026-07-29T12:14:37.728724+00:00,140.22,185.14,11.69,68.3,68.3,64.4,141.99,139.54,Clouds,,,,,,,
2026-07-29T12:09:42+00:00,home_001,100.0,2026-07-29T12:14:42.735351+00:00,173.2,170.32,9.47,68.3,68.3,64.4,135.2,135.53,Clouds,,,,,,,
2026-07-29T12:09:47+00:00,home_001,100.0,2026-07-29T12:14:47.778173+00:00,143.41,150.96,11.43,68.3,68.3,64.4,144.45,148.82,Clouds,,,,,,,
2026-07-29T12:09:52+00:00,home_001,100.0,2026-07-29T12:14:52.820680+00:00,141.98,109.3,11.55,68.3,68.3,64.4,139.81,144.44,Clouds,,,,,,,
2026-07-29T12:09:57+00:00,home_001,100.0,2026-07-29T12:14:57.756635+00:00,164.38,91.04,9.97,68.3,68.3,64.4,145.99,147.55,Clouds,,,,,,,
2026-07-29T12:10:02+00:00,home_001,100.0,2026-07-29T12:15:02.785398+00:00,154.96,173.26,10.58,68.3,68.3,64.4,142.23,146.2,Clouds,,,,,,,
2026-07-29T12:10:07+00:00,home_001,100.0,2026-07-29T12:15:07.776756+00:00,151.47,101.94,10.82,68.3,68.3,64.4,143.29,143.48,Clouds,,,,,,,
2026-07-29T12:10:12+00:00,home_001,100.0,2026-07-29T12:15:12.801675+00:00,146.97,191.27,11.16,68.3,68.3,64.4,141.81,144.04,Clouds,,,,,,,
2026-07-29T12:10:17+00:00,home_001,100.0,2026-07-29T12:15:17.808772+00:00,151.43,95.08,10.83,68.3,68.3,64.4,139.03,141.16,Clouds,,,,,,,
2026-07-29T12:10:22+00:00,home_001,100.0,2026-07-29T12:15:22.817224+00:00,141.92,104.15,11.55,68.3,68.3,64.4,143.51,148.25,Clouds,,,,,,,
2026-07-29T12:10:27+00:00,home_001,100.0,2026-07-29T12:15:27.794037+00:00,145.51,119.47,11.27,68.3,68.3,64.4,144.7,151.31,Clouds,,,,,,,
2026-07-29T12:10:32+00:00,home_001,100.0,2026-07-29T12:15:32.815515+00:00,140.46,137.23,11.67,68.3,68.3,64.4,143.27,146.01,Clouds,,,,,,,
2026-07-29T12:10:37+00:00,home_001,100.0,2026-07-29T12:15:37.888506+00:00,144.52,196.54,11.34,68.3,68.3,64.4,143.89,147.6,Clouds,,,,,,,
2026-07-29T12:10:42+00:00,home_001,100.0,2026-07-29T12:15:42.817473+00:00,136.65,153.9,12.0,68.3,68.3,64.4,141.4,139.01,Clouds,,,,,,,
2026-07-29T12:10:47+00:00,home_001,100.0,2026-07-29T12:15:47.847150+00:00,159.24,136.87,10.3,68.3,68.3,64.4,140.85,147.42,Clouds,,,,,,,
2026-07-29T12:10:52+00:00,home_001,100.0,2026-07-29T12:15:52.864755+00:00,141.34,119.71,11.6,68.3,68.3,64.4,146.63,148.77,Clouds,,,,,,,
2026-07-29T12:10:57+00:00,home_001,100.0,2026-07-29T12:15:57.904503+00:00,136.15,144.34,12.04,68.3,68.3,64.4,148.97,153.32,Clouds,,,,,,,
2026-07-29T12:11:02+00:00,home_001,100.0,2026-07-29T12:16:02.864659+00:00,147.03,126.08,11.15,68.3,68.3,64.4,148.45,148.34,Clouds,,,,,,,
2026-07-29T12:11:07+00:00,home_001,100.0,2026-07-29T12:16:07.857235+00:00,129.6,125.47,12.65,68.3,68.3,64.4,147.09,149.39,Clouds,,,,,,,
2026-07-29T12:11:12+00:00,home_001,100.0,2026-07-29T12:16:12.849754+00:00,128.08,95.21,12.8,68.3,68.3,64.4,142.68,140.89,Clouds,,,,,,,
2026-07-29T12:11:17+00:00,home_001,100.0,2026-07-29T12:16:17.876728+00:00,115.79,136.13,14.16,68.3,68.3,64.4,142.25,139.44,Clouds,,,,,,,
2026-07-29T12:11:22+00:00,home_001,100.0,2026-07-29T12:16:22.976350+00:00,142.52,126.57,11.5,68.3,68.3,64.4,141.41,144.09,Clouds,,,,,,,
2026-07-29T12:11:27+00:00,home_001,100.0,2026-07-29T12:16:27.887292+00:00,144.18,93.49,11.37,68.3,68.3,64.4,143.53,151.12,Clouds,,,,,,,
2026-07-29T12:11:32+00:00,home_001,100.0,2026-07-29T12:16:32.933831+00:00,120.77,132.33,13.58,68.3,68.3,64.4,128.29,147.36,Clouds,,,,,,,
2026-07-29T12:11:37+00:00,home_001,100.0,2026-07-29T12:16:37.900563+00:00,131.44,127.31,12.47,68.3,68.3,64.4,146.9,149.08,Clouds,,,,,,,
2026-07-29T12:11:42+00:00,home_001,100.0,2026-07-29T12:16:42.915605+00:00,180.59,112.24,9.08,68.3,68.3,64.4,141.55,137.83,Clouds,,,,,,,
2026-07-29T12:11:47+00:00,home_001,100.0,2026-07-29T12:16:47.906229+00:00,133.58,101.58,12.27,68.3,68.3,64.4,143.73,152.56,Clouds,,,,,,,
2026-07-29T12:11:52+00:00,home_001,100.0,2026-07-29T12:16:52.955185+00:00,128.97,108.44,12.71,68.3,68.3,64.4,144.0,145.89,Clouds,,,,,,,
2026-07-29T12:11:57+00:00,home_001,100.0,2026-07-29T12:16:57.938352+00:00,137.27,100.61,11.94,68.3,68.3,64.5,144.53,144.09,Clouds,,,,,,,
2026-07-29T12:12:02+00:00,home_001,100.0,2026-07-29T12:17:02.945225+00:00,133.24,117.88,12.31,68.3,68.3,64.5,142.66,142.9,Clouds,,,,,,,
2026-07-29T12:12:07+00:00,home_001,100.0,2026-07-29T12:17:07.954192+00:00,134.02,151.83,12.23,68.3,68.3,64.5,142.82,145.41,Clouds,,,,,,,
2026-07-29T12:12:12+00:00,home_001,100.0,2026-07-29T12:17:12.995261+00:00,147.95,177.68,11.08,68.3,68.3,64.5,143.64,148.96,Clouds,,,,,,,
2026-07-29T12:12:17+00:00,home_001,100.0,2026-07-29T12:17:17.976473+00:00,116.02,87.98,14.13,68.3,68.3,64.5,139.3,141.77,Clouds,,,,,,,
2026-07-29T12:12:23+00:00,home_001,100.0,2026-07-29T12:17:23.028867+00:00,138.02,155.01,11.88,68.3,68.3,64.5,145.97,143.02,Clouds,,,,,,,
2026-07-29T12:12:27+00:00,home_001,100.0,2026-07-29T12:17:27.999625+00:00,141.83,106.12,11.56,68.3,68.3,64.5,143.95,145.09,Clouds,,,,,,,
2026-07-29T12:12:33+00:00,home_001,100.0,2026-07-29T12:17:33.073237+00:00,134.66,152.93,12.18,68.3,68.3,64.5,141.73,138.94,Clouds,,,,,,,
2026-07-29T12:12:38+00:00,home_001,100.0,2026-07-29T12:17:38.019379+00:00,153.81,165.92,10.66,68.3,68.3,64.5,141.96,148.37,Clouds,,,,,,,
2026-07-29T12:12:43+00:00,home_001,100.0,2026-07-29T12:17:43.030823+00:00,133.04,142.39,12.32,68.3,68.3,64.5,143.47,146.24,Clouds,,,,,,,
2026-07-29T12:12:48+00:00,home_001,100.0,2026-07-29T12:17:48.022237+00:00,159.81,149.13,10.26,68.3,68.3,64.5,144.94,149.27,Clouds,,,,,,,
2026-07-29T12:12:53+00:00,home_001,100.0,2026-07-29T12:17:53.024185+00:00,130.43,147.91,12.57,68.3,68.3,64.5,143.18,141.42,Clouds,,,,,,,
2026-07-29T12:12:58+00:00,home_001,100.0,2026-07-29T12:17:58.071424+00:00,122.76,122.54,13.36,68.3,68.3,64.5,141.3,149.25,Clouds,,,,,,,
2026-07-29T12:13:03+00:00,home_001,100.0,2026-07-29T12:18:03.082092+00:00,142.14,145.82,11.53,68.3,68.3,64.5,143.75,147.61,Clouds,,,,,,,
2026-07-29T12:13:08+00:00,home_001,100.0,2026-07-29T12:18:08.070027+00:00,151.15,203.91,10.85,68.3,68.3,64.5,142.16,142.0,Clouds,,,,,,,
2026-07-29T12:13:13+00:00,home_001,100.0,2026-07-29T12:18:13.087423+00:00,151.78,106.24,10.8,68.3,68.3,64.5,144.01,149.37,Clouds,,,,,,,
2026-07-29T12:13:18+00:00,home_001,100.0,2026-07-29T12:18:18.083225+00:00,154.74,177.93,10.6,68.3,68.3,64.5,143.36,150.91,Clouds,,,,,,,
2026-07-29T12:13:23+00:00,home_001,100.0,2026-07-29T12:18:23.121347+00:00,135.92,113.96,12.06,68.3,68.3,64.5,143.64,142.31,Clouds,,,,,,,
2026-07-29T12:13:28+00:00,home_001,100.0,2026-07-29T12:18:28.123579+00:00,172.97,181.36,9.48,68.3,68.3,64.5,142.95,152.84,Clouds,,,,,,,
2026-07-29T12:13:33+00:00,home_001,100.0,2026-07-29T12:18:33.187512+00:00,133.19,155.87,12.31,68.3,68.3,64.5,143.42,149.05,Clouds,,,,,,,
2026-07-29T12:13:38+00:00,home_001,100.0,2026-07-29T12:18:38.128046+00:00,130.16,166.65,12.6,68.3,68.3,64.5,146.56,141.98,Clouds,,,,,,,
2026-07-29T12:13:43+00:00,home_001,100.0,2026-07-29T12:18:43.215770+00:00,145.76,198.64,11.25,68.3,68.3,64.5,143.44,149.06,Clouds,,,,,,,
2026-07-29T12:13:48+00:00,home_001,100.0,2026-07-29T12:18:48.239819+00:00,141.41,127.2,11.59,68.3,68.3,64.5,146.14,149.61,Clouds,,,,,,,
2026-07-29T12:13:53+00:00,home_001,100.0,2026-07-29T12:18:53.160982+00:00,181.52,182.22,9.03,68.3,68.3,64.5,144.56,137.08,Clouds,,,,,,,
2026-07-29T12:13:58+00:00,home_001,100.0,2026-07-29T12:18:58.145211+00:00,150.62,87.98,10.89,68.3,68.3,64.4,144.5,148.8,Clouds,,,,,,,
2026-07-29T12:14:03+00:00,home_001,100.0,2026-07-29T12:19:03.187606+00:00,153.75,137.25,10.66,68.3,68.3,64.5,143.26,144.07,Clouds,,,,,,,
2026-07-29T12:14:08+00:00,home_001,100.0,2026-07-29T12:19:08.165891+00:00,138.73,191.53,11.82,68.3,68.3,64.5,143.75,148.34,Clouds,,,,,,,
2026-07-29T12:14:13+00:00,home_001,100.0,2026-07-29T12:19:13.266764+00:00,153.44,156.85,10.68,68.3,68.3,64.5,143.33,146.54,Clouds,,,,,,,
2026-07-29T12:14:18+00:00,home_001,100.0,2026-07-29T12:19:18.207404+00:00,150.16,114.58,10.92,68.3,68.3,64.5,146.21,141.63,Clouds,,,,,,,
2026-07-29T12:14:23+00:00,home_001,100.0,2026-07-29T12:19:23.217240+00:00,138.63,108.2,11.83,68.3,68.3,64.5,139.92,138.52,Clouds,,,,,,,
2026-07-29T12:14:28+00:00,home_001,100.0,2026-07-29T12:19:28.255540+00:00,126.76,186.26,12.93,68.3,68.3,64.5,143.63,141.77,Clouds,,,,,,,
2026-07-29T12:14:33+00:00,home_001,100.0,2026-07-29T12:19:33.232702+00:00,143.77,153.79,11.4,68.3,68.3,64.5,143.75,144.67,Clouds,,,,,,,
2026-07-29T12:14:38+00:00,home_001,100.0,2026-07-29T12:19:38.238415+00:00,133.38,182.95,12.29,68.3,68.3,64.5,142.52,138.05,Clouds,,,,,,,
2026-07-29T12:14:43+00:00,home_001,100.0,2026-07-29T12:19:43.265630+00:00,137.34,98.39,11.94,68.3,68.3,64.4,144.02,150.32,Clouds,,,,,,,
2026-07-29T12:14:48+00:00,home_001,100.0,2026-07-29T12:19:48.245096+00:00,148.13,112.49,11.07,68.3,68.3,64.5,140.26,144.33,Clouds,,,,,,,
2026-07-29T12:14:53+00:00,home_001,100.0,2026-07-29T12:19:53.266982+00:00,156.98,136.51,10.44,68.3,68.3,64.5,143.9,142.0,Clouds,,,,,,,
2026-07-29T12:14:58+00:00,home_001,100.0,2026-07-29T12:19:58.255165+00:00,147.95,133.45,11.08,68.3,68.3,64.5,143.19,139.31,Clouds,,,,,,,
2026-07-29T12:15:03+00:00,home_001,100.0,2026-07-29T12:20:03.316619+00:00,143.49,192.88,11.43,68.3,68.3,64.5,143.12,142.97,Clouds,,,,,,,
2026-07-29T12:15:08+00:00,home_001,100.0,2026-07-29T12:20:08.288269+00:00,153.55,156.24,10.68,68.3,68.3,64.5,142.64,145.31,Clouds,,,,,,,
2026-07-29T12:15:13+00:00,home_001,100.0,2026-07-29T12:20:13.324288+00:00,149.15,145.2,10.99,68.3,68.3,64.4,142.34,148.65,Clouds,,,,,,,
2026-07-29T12:15:18+00:00,home_001,100.0,2026-07-29T12:20:18.273810+00:00,140.16,157.71,11.7,68.3,68.3,64.5,143.11,142.04,Clouds,,,,,,,
2026-07-29T12:15:23+00:00,home_001,100.0,2026-07-29T12:20:23.391235+00:00,157.0,171.17,10.44,68.3,68.3,64.4,144.67,143.16,Clouds,,,,,,,
2026-07-29T12:15:28+00:00,home_001,100.0,2026-07-29T12:20:28.292143+00:00,151.3,97.78,10.84,68.3,68.3,64.4,141.93,139.14,Clouds,,,,,,,
2026-07-29T12:15:33+00:00,home_001,100.0,2026-07-29T12:20:33.331036+00:00,140.07,190.31,11.71,68.3,68.3,64.5,143.56,143.31,Clouds,,,,,,,
2026-07-29T12:15:38+00:00,home_001,100.0,2026-07-29T12:20:38.416872+00:00,153.17,202.66,10.7,68.3,68.3,64.4,142.3,142.9,Clouds,,,,,,,
2026-07-29T12:15:43+00:00,home_001,100.0,2026-07-29T12:20:43.329177+00:00,149.76,132.58,10.95,68.3,68.3,64.4,143.72,147.31,Clouds,,,,,,,
2026-07-29T12:15:48+00:00,home_001,100.0,2026-07-29T12:20:48.353084+00:00,142.79,165.66,11.48,68.3,68.3,64.4,144.63,145.56,Clouds,,,,,,,
2026-07-29T12:15:53+00:00,home_001,100.0,2026-07-29T12:20:53.378416+00:00,161.98,162.97,10.12,68.3,68.3,64.4,143.24,148.45,Clouds,,,,,,,
2026-07-29T12:15:58+00:00,home_001,100.0,2026-07-29T12:20:58.368308+00:00,149.7,89.57,10.95,68.3,68.3,64.4,143.03,140.38,Clouds,,,,,,,
2026-07-29T12:16:03+00:00,home_001,100.0,2026-07-29T12:21:03.443044+00:00,151.46,94.84,10.83,68.3,68.3,64.4,142.73,146.59,Clouds,,,,,,,
2026-07-29T12:16:08+00:00,home_001,100.0,2026-07-29T12:21:08.343046+00:00,135.4,184.04,12.11,68.3,68.3,64.4,143.43,146.95,Clouds,,,,,,,
2026-07-29T12:16:13+00:00,home_001,100.0,2026-07-29T12:21:13.424103+00:00,134.1,177.42,12.23,68.3,68.3,64.4,143.91,140.5,Clouds,,,,,,,
2026-07-29T12:16:18+00:00,home_001,100.0,2026-07-29T12:21:18.382567+00:00,118.88,155.61,13.79,68.3,68.3,64.4,142.23,151.67,Clouds,,,,,,,
2026-07-29T12:16:23+00:00,home_001,100.0,2026-07-29T12:21:23.376473+00:00,158.58,122.28,10.34,68.3,68.3,64.4,144.67,139.16,Clouds,,,,,,,
2026-07-29T12:16:28+00:00,home_001,100.0,2026-07-29T12:21:28.383609+00:00,131.02,86.51,12.51,68.3,68.3,64.4,143.75,143.32,Clouds,,,,,,,
2026-07-29T12:16:33+00:00,home_001,100.0,2026-07-29T12:21:33.475658+00:00,141.44,172.89,11.59,68.3,68.3,64.4,141.87,147.28,Clouds,,,,,,,
2026-07-29T12:16:38+00:00,home_001,100.0,2026-07-29T12:21:38.930947+00:00,147.24,104.15,11.13,68.3,68.3,64.4,144.05,141.31,Clouds,,,,,,,
2026-07-29T12:16:43+00:00,home_001,100.0,2026-07-29T12:21:43.441032+00:00,133.7,129.27,12.26,68.3,68.3,64.4,143.74,142.94,Clouds,,,,,,,
2026-07-29T12:16:48+00:00,home_001,100.0,2026-07-29T12:21:48.464215+00:00,133.32,90.31,12.3,68.3,68.3,64.4,141.16,151.74,Clouds,,,,,,,
2026-07-29T12:16:53+00:00,home_001,100.0,2026-07-29T12:21:53.477107+00:00,137.97,164.33,11.88,68.3,68.3,64.5,144.2,139.37,Clouds,,,,,,,
2026-07-29T12:16:58+00:00,home_001,100.0,2026-07-29T12:21:58.578706+00:00,141.06,173.76,11.62,68.3,68.3,64.5,143.8,142.25,Clouds,,,,,,,
2026-07-29T12:17:03+00:00,home_001,100.0,2026-07-29T12:22:03.536990+00:00,142.19,150.85,11.53,68.3,68.3,64.5,141.51,139.85,Clouds,,,,,,,
2026-07-29T12:17:08+00:00,home_001,100.0,2026-07-29T12:22:08.466767+00:00,136.83,94.84,11.98,68.3,68.3,64.4,141.96,141.03,Clouds,,,,,,,
2026-07-29T12:17:13+00:00,home_001,100.0,2026-07-29T12:22:13.472304+00:00,141.26,102.69,11.61,68.3,68.3,64.5,142.93,147.96,Clouds,,,,,,,
2026-07-29T12:17:18+00:00,home_001,100.0,2026-07-29T12:22:18.557633+00:00,127.52,159.67,12.86,68.3,68.3,64.5,143.12,147.18,Clouds,,,,,,,
2026-07-29T12:17:23+00:00,home_001,100.0,2026-07-29T12:22:23.478205+00:00,154.07,137.98,10.64,68.3,68.3,64.5,145.41,148.13,Clouds,,,,,,,
2026-07-29T12:17:28+00:00,home_001,100.0,2026-07-29T12:22:28.479792+00:00,133.68,90.92,12.26,68.3,68.3,64.5,143.59,145.23,Clouds,,,,,,,
2026-07-29T12:17:33+00:00,home_001,100.0,2026-07-29T12:22:33.538851+00:00,148.14,98.03,11.07,68.3,68.3,64.5,140.45,139.02,Clouds,,,,,,,
2026-07-29T12:17:38+00:00,home_001,100.0,2026-07-29T12:22:38.648471+00:00,144.92,187.61,11.31,68.3,68.3,64.5,142.52,140.82,Clouds,,,,,,,
2026-07-29T12:17:43+00:00,home_001,100.0,2026-07-29T12:22:43.536737+00:00,143.28,146.44,11.44,68.3,68.3,64.5,142.52,146.17,Clouds,,,,,,,
2026-07-29T12:17:48+00:00,home_001,100.0,2026-07-29T12:22:48.564023+00:00,133.21,84.92,12.31,68.3,68.3,64.5,142.35,150.4,Clouds,,,,,,,
2026-07-29T12:17:53+00:00,home_001,100.0,2026-07-29T12:22:53.583804+00:00,156.54,96.32,10.47,68.3,68.3,64.5,141.48,140.28,Clouds,,,,,,,
2026-07-29T12:17:58+00:00,home_001,100.0,2026-07-29T12:22:58.625725+00:00,191.97,170.21,8.54,68.3,68.3,64.5,138.8,135.38,Clouds,,,,,,,
2026-07-29T12:18:03+00:00,home_001,100.0,2026-07-29T12:23:03.588019+00:00,129.89,90.31,12.62,68.3,68.3,64.5,141.09,139.84,Clouds,,,,,,,
2026-07-29T12:18:08+00:00,home_001,100.0,2026-07-29T12:23:08.624847+00:00,143.21,172.05,11.45,68.3,68.3,64.5,140.18,138.12,Clouds,,,,,,,
2026-07-29T12:18:13+00:00,home_001,100.0,2026-07-29T12:23:13.599278+00:00,151.83,139.33,10.8,68.3,68.3,64.5,141.96,138.31,Clouds,,,,,,,
2026-07-29T12:18:18+00:00,home_001,100.0,2026-07-29T12:23:18.606781+00:00,114.37,110.29,14.34,68.3,68.3,64.5,143.75,146.01,Clouds,,,,,,,
2026-07-29T12:18:23+00:00,home_001,100.0,2026-07-29T12:23:23.910513+00:00,154.92,189.81,10.58,68.3,68.3,64.5,140.1,150.08,Clouds,,,,,,,
2026-07-29T12:18:28+00:00,home_001,100.0,2026-07-29T12:23:28.643560+00:00,145.44,168.98,11.27,68.3,68.3,64.5,142.8,141.71,Clouds,,,,,,,
2026-07-29T12:18:33+00:00,home_001,100.0,2026-07-29T12:23:33.599818+00:00,134.17,174.37,12.22,68.3,68.3,64.5,147.09,147.23,Clouds,,,,,,,
2026-07-29T12:18:38+00:00,home_001,100.0,2026-07-29T12:23:38.623902+00:00,128.58,111.63,12.75,68.3,68.3,64.5,140.21,139.29,Clouds,,,,,,,
2026-07-29T12:18:43+00:00,home_001,100.0,2026-07-29T12:23:43.662761+00:00,139.19,181.11,11.78,68.3,68.3,64.5,142.49,144.15,Clouds,,,,,,,
2026-07-29T12:18:48+00:00,home_001,100.0,2026-07-29T12:23:48.706207+00:00,157.87,97.54,10.39,68.3,68.3,64.5,140.22,138.03,Clouds,,,,,,,
2026-07-29T12:18:53+00:00,home_001,100.0,2026-07-29T12:23:53.697182+00:00,124.7,197.29,13.15,68.3,68.3,64.5,140.67,137.6,Clouds,,,,,,,
2026-07-29T12:18:58+00:00,home_001,100.0,2026-07-29T12:23:58.655643+00:00,148.41,90.56,11.05,68.3,68.3,64.5,143.42,143.65,Clouds,,,,,,,
2026-07-29T12:19:03+00:00,home_001,100.0,2026-07-29T12:24:03.694283+00:00,146.52,113.59,11.19,68.3,68.3,64.5,141.07,139.02,Clouds,,,,,,,
2026-07-29T12:19:08+00:00,home_001,100.0,2026-07-29T12:24:08.702907+00:00,134.07,183.32,12.23,68.3,68.3,64.5,138.42,137.54,Clouds,,,,,,,
2026-07-29T12:19:13+00:00,home_001,100.0,2026-07-29T12:24:13.696398+00:00,156.2,113.59,10.5,68.3,68.3,64.5,141.67,137.86,Clouds,,,,,,,
2026-07-29T12:19:18+00:00,home_001,100.0,2026-07-29T12:24:18.709448+00:00,133.03,160.16,12.32,68.3,68.3,64.5,142.57,140.62,Clouds,,,,,,,
2026-07-29T12:19:23+00:00,home_001,100.0,2026-07-29T12:24:23.712889+00:00,132.39,143.0,12.38,68.3,68.3,64.5,144.11,146.36,Clouds,,,,,,,
2026-07-29T12:19:28+00:00,home_001,100.0,2026-07-29T12:24:28.727681+00:00,129.25,179.28,12.68,68.3,68.3,64.5,144.21,147.26,Clouds,,,,,,,
2026-07-29T12:19:33+00:00,home_001,100.0,2026-07-29T12:24:33.743655+00:00,156.68,130.87,10.46,68.3,68.3,64.5,141.77,137.2,Clouds,,,,,,,
2026-07-29T12:19:38+00:00,home_001,100.0,2026-07-29T12:24:38.723863+00:00,137.53,101.34,11.92,68.3,68.3,64.5,143.45,146.82,Clouds,,,,,,,
2026-07-29T12:19:43+00:00,home_001,100.0,2026-07-29T12:24:43.759570+00:00,134.64,148.89,12.18,68.3,68.3,64.5,141.02,142.52,Clouds,,,,,,,
2026-07-29T12:19:48+00:00,home_001,100.0,2026-07-29T12:24:48.807058+00:00,164.06,186.63,9.99,68.3,68.3,64.5,142.3,147.07,Clouds,,,,,,,
2026-07-29T12:19:53+00:00,home_001,100.0,2026-07-29T12:24:53.776132+00:00,125.69,127.44,13.04,68.3,68.3,64.5,144.42,140.58,Clouds,,,,,,,
2026-07-29T12:19:58+00:00,home_001,100.0,2026-07-29T12:24:58.825317+00:00,136.07,122.3,12.05,68.3,68.3,64.5,143.02,143.03,Clouds,,,,,,,
2026-07-29T12:20:03+00:00,home_001,100.0,2026-07-29T12:25:03.824812+00:00,157.83,86.64,10.39,68.3,68.3,64.5,142.6,139.14,Clouds,,,,,,,
2026-07-29T12:20:08+00:00,home_001,100.0,2026-07-29T12:25:08.787070+00:00,119.89,190.43,13.68,68.3,68.3,64.5,142.1,140.87,Clouds,,,,,,,
2026-07-29T12:20:13+00:00,home_001,100.0,2026-07-29T12:25:13.858114+00:00,143.4,117.15,11.43,68.3,68.3,64.5,141.78,149.49,Clouds,,,,,,,
2026-07-29T12:20:19+00:00,home_001,100.0,2026-07-29T12:25:19.041890+00:00,164.22,202.93,9.98,68.3,68.3,64.5,143.24,148.8,Clouds,,,,,,,
2026-07-29T12:20:23+00:00,home_001,100.0,2026-07-29T12:25:23.840176+00:00,133.02,149.5,12.33,68.3,68.3,64.5,140.37,136.45,Clouds,,,,,,,
2026-07-29T12:20:28+00:00,home_001,100.0,2026-07-29T12:25:28.834814+00:00,157.45,139.33,10.41,68.3,68.3,64.5,143.63,150.1,Clouds,,,,,,,
2026-07-29T12:20:33+00:00,home_001,100.0,2026-07-29T12:25:33.860602+00:00,141.73,178.05,11.57,68.3,68.3,64.5,141.78,146.94,Clouds,,,,,,,
2026-07-29T12:20:38+00:00,home_001,100.0,2026-07-29T12:25:38.850463+00:00,145.68,96.68,11.25,68.3,68.3,64.5,144.78,145.75,Clouds,,,,,,,
2026-07-29T12:20:43+00:00,home_001,100.0,2026-07-29T12:25:43.858715+00:00,155.52,120.7,10.54,68.3,68.3,64.5,140.5,143.03,Clouds,,,,,,,
2026-07-29T12:20:48+00:00,home_001,100.0,2026-07-29T12:25:48.896472+00:00,141.26,189.2,11.61,68.3,68.3,64.5,143.95,146.12,Clouds,,,,,,,
2026-07-29T12:20:53+00:00,home_001,100.0,2026-07-29T12:25:53.886746+00:00,126.97,195.08,12.91,68.3,68.3,64.5,143.47,140.44,Clouds,,,,,,,
2026-07-29T12:20:58+00:00,home_001,100.0,2026-07-29T12:25:58.959346+00:00,144.54,168.25,11.34,68.3,68.3,64.5,141.15,137.13,Clouds,,,,,,,
2026-07-29T12:21:03+00:00,home_001,100.0,2026-07-29T12:26:03.906174+00:00,153.66,200.11,10.67,68.3,68.3,64.5,141.46,148.41,Clouds,,,,,,,
2026-07-29T12:21:08+00:00,home_001,100.0,2026-07-29T12:26:08.866323+00:00,162.09,112.61,10.11,68.3,68.3,64.5,140.34,138.26,Clouds,,,,,,,
2026-07-29T12:21:13+00:00,home_001,100.0,2026-07-29T12:26:13.921148+00:00,142.07,104.77,11.54,68.3,68.3,64.5,140.81,152.49,Clouds,,,,,,,
2026-07-29T12:21:18+00:00,home_001,100.0,2026-07-29T12:26:18.909979+00:00,142.64,193.86,11.49,68.3,68.3,64.5,143.83,141.56,Clouds,,,,,,,
2026-07-29T12:21:23+00:00,home_001,100.0,2026-07-29T12:26:23.946437+00:00,141.35,159.3,11.6,68.3,68.3,64.5,145.55,136.88,Clouds,,,,,,,
2026-07-29T12:21:28+00:00,home_001,100.0,2026-07-29T12:26:28.963659+00:00,157.66,123.28,10.4,68.3,68.3,64.5,141.43,150.58,Clouds,,,,,,,
2026-07-29T12:21:33+00:00,home_001,100.0,2026-07-29T12:26:33.936248+00:00,127.56,142.51,12.85,68.3,68.3,64.5,144.72,139.9,Clouds,,,,,,,
2026-07-29T12:21:39+00:00,home_001,100.0,2026-07-29T12:26:39.472635+00:00,142.28,151.34,11.52,68.3,68.3,64.5,142.21,148.63,Clouds,,,,,,,
2026-07-29T12:21:43+00:00,home_001,100.0,2026-07-29T12:26:43.985324+00:00,151.94,118.25,10.79,68.3,68.3,64.5,144.58,136.56,Clouds,,,,,,,
2026-07-29T12:21:49+00:00,home_001,100.0,2026-07-29T12:26:49.043972+00:00,139.62,161.51,11.74,68.3,68.3,64.5,142.64,148.86,Clouds,,,,,,,
2026-07-29T12:21:53+00:00,home_001,100.0,2026-07-29T12:26:53.982422+00:00,125.41,154.89,13.07,68.3,68.3,64.5,142.36,147.23,Clouds,,,,,,,
2026-07-29T12:21:59+00:00,home_001,100.0,2026-07-29T12:26:59.123294+00:00,149.02,83.82,11.0,68.3,68.3,64.5,144.4,150.39,Clouds,,,,,,,
2026-07-29T12:22:04+00:00,home_001,100.0,2026-07-29T12:27:04.141955+00:00,134.01,136.88,12.23,68.3,68.3,64.5,141.77,145.61,Clouds,,,,,,,
2026-07-29T12:22:09+00:00,home_001,100.0,2026-07-29T12:27:09.024211+00:00,140.66,102.44,11.66,68.3,68.3,64.5,143.86,146.25,Clouds,,,,,,,
2026-07-29T12:22:14+00:00,home_001,100.0,2026-07-29T12:27:14.042098+00:00,144.89,137.0,11.32,68.3,68.3,64.5,144.6,149.4,Clouds,,,,,,,
2026-07-29T12:22:19+00:00,home_001,100.0,2026-07-29T12:27:19.281053+00:00,154.81,104.4,10.59,68.3,68.3,64.5,143.97,140.31,Clouds,,,,,,,
2026-07-29T12:22:24+00:00,home_001,100.0,2026-07-29T12:27:24.062676+00:00,166.83,188.96,9.83,68.3,68.3,64.5,142.21,135.79,Clouds,,,,,,,
2026-07-29T12:22:29+00:00,home_001,100.0,2026-07-29T12:27:29.055713+00:00,181.6,87.98,9.03,68.3,68.3,64.5,141.23,136.09,Clouds,,,,,,,
2026-07-29T12:22:34+00:00,home_001,100.0,2026-07-29T12:27:34.062992+00:00,144.7,102.08,11.33,68.3,68.3,64.5,143.98,144.7,Clouds,,,,,,,
2026-07-29T12:22:39+00:00,home_001,100.0,2026-07-29T12:27:39.112591+00:00,139.64,160.41,11.74,68.3,68.3,64.5,144.02,149.36,Clouds,,,,,,,
2026-07-29T12:22:44+00:00,home_001,100.0,2026-07-29T12:27:44.096482+00:00,148.27,202.19,11.06,68.3,68.3,64.5,141.19,142.63,Clouds,,,,,,,
2026-07-29T12:22:49+00:00,home_001,100.0,2026-07-29T12:27:49.072226+00:00,148.53,154.16,11.04,68.3,68.3,64.5,142.97,140.78,Clouds,,,,,,,
2026-07-29T12:22:54+00:00,home_001,100.0,2026-07-29T12:27:54.097270+00:00,149.42,99.5,10.97,68.3,68.3,64.5,142.57,140.94,Clouds,,,,,,,
2026-07-29T12:22:59+00:00,home_001,100.0,2026-07-29T12:27:59.120261+00:00,141.96,115.31,11.55,68.3,68.3,64.5,143.7,149.2,Clouds,,,,,,,
2026-07-29T12:23:04+00:00,home_001,100.0,2026-07-29T12:28:04.112687+00:00,133.27,130.87,12.3,68.3,68.3,64.5,144.17,148.63,Clouds,,,,,,,
2026-07-29T12:23:09+00:00,home_001,100.0,2026-07-29T12:28:09.152370+00:00,147.5,167.63,11.12,68.3,68.3,64.5,143.0,146.41,Clouds,,,,,,,
2026-07-29T12:23:14+00:00,home_001,100.0,2026-07-29T12:28:14.148735+00:00,155.61,192.75,10.54,68.3,68.3,64.5,142.07,148.47,Clouds,,,,,,,
2026-07-29T12:23:19+00:00,home_001,100.0,2026-07-29T12:28:19.122118+00:00,125.37,170.33,13.08,68.3,68.3,64.5,143.2,136.97,Clouds,,,,,,,
2026-07-29T12:23:24+00:00,home_001,100.0,2026-07-29T12:28:24.161145+00:00,161.73,168.0,10.14,68.3,68.3,64.5,141.33,148.13,Clouds,,,,,,,
2026-07-29T12:23:29+00:00,home_001,100.0,2026-07-29T12:28:29.267271+00:00,130.41,136.51,12.57,68.3,68.3,64.5,142.46,139.55,Clouds,,,,,,,
2026-07-29T12:23:34+00:00,home_001,100.0,2026-07-29T12:28:34.175889+00:00,140.97,112.25,11.63,68.3,68.3,64.5,142.55,145.06,Clouds,,,,,,,
2026-07-29T12:23:39+00:00,home_001,100.0,2026-07-29T12:28:39.201288+00:00,133.68,147.91,12.27,68.3,68.3,64.5,144.9,140.93,Clouds,,,,,,,
2026-07-29T12:23:44+00:00,home_001,100.0,2026-07-29T12:28:44.230595+00:00,140.82,169.59,11.64,68.3,68.3,64.5,142.55,146.28,Clouds,,,,,,,
2026-07-29T12:23:49+00:00,home_001,100.0,2026-07-29T12:28:49.214307+00:00,138.49,202.19,11.84,68.3,68.3,64.5,140.62,146.46,Clouds,,,,,,,
2026-07-29T12:23:54+00:00,home_001,100.0,2026-07-29T12:28:54.305311+00:00,137.49,138.1,11.93,68.3,68.3,64.5,145.05,145.17,Clouds,,,,,,,
2026-07-29T12:23:59+00:00,home_001,100.0,2026-07-29T12:28:59.285462+00:00,127.06,189.94,12.9,68.3,68.3,64.5,141.55,145.04,Clouds,,,,,,,
2026-07-29T12:24:04+00:00,home_001,100.0,2026-07-29T12:29:04.277021+00:00,138.66,119.97,11.82,68.3,68.3,64.5,144.48,147.05,Clouds,,,,,,,
2026-07-29T12:24:09+00:00,home_001,100.0,2026-07-29T12:29:09.312049+00:00,142.31,194.23,11.52,68.3,68.3,64.5,142.24,138.34,Clouds,,,,,,,
2026-07-29T12:24:14+00:00,home_001,100.0,2026-07-29T12:29:14.304708+00:00,143.26,134.3,11.44,68.3,68.3,64.5,144.37,145.47,Clouds,,,,,,,
2026-07-29T12:24:19+00:00,home_001,100.0,2026-07-29T12:29:19.376617+00:00,127.71,85.04,12.84,68.3,68.3,64.5,142.25,145.22,Clouds,,,,,,,
2026-07-29T12:24:24+00:00,home_001,100.0,2026-07-29T12:29:24.334660+00:00,143.29,135.53,11.44,68.3,68.3,64.5,144.97,141.29,Clouds,,,,,,,
2026-07-29T12:24:29+00:00,home_001,100.0,2026-07-29T12:29:29.383558+00:00,145.59,119.84,11.26,68.3,68.3,64.5,142.34,149.17,Clouds,,,,,,,
2026-07-29T12:24:34+00:00,home_001,100.0,2026-07-29T12:29:34.368112+00:00,140.87,96.81,11.64,68.3,68.3,64.5,142.9,141.66,Clouds,,,,,,,
2026-07-29T12:24:39+00:00,home_001,100.0,2026-07-29T12:29:39.408301+00:00,138.84,153.79,11.81,68.3,68.3,64.5,143.42,141.3,Clouds,,,,,,,
2026-07-29T12:24:44+00:00,home_001,100.0,2026-07-29T12:29:44.337302+00:00,134.71,84.31,12.17,68.3,68.3,64.5,142.87,137.38,Clouds,,,,,,,
2026-07-29T12:24:49+00:00,home_001,100.0,2026-07-29T12:29:49.343819+00:00,137.08,161.14,11.96,68.3,68.3,64.5,142.69,146.97,Clouds,,,,,,,
2026-07-29T12:24:54+00:00,home_001,100.0,2026-07-29T12:29:54.355460+00:00,143.47,198.88,11.43,68.3,68.3,64.5,141.27,139.22,Clouds,,,,,,,
2026-07-29T12:24:59+00:00,home_001,100.0,2026-07-29T12:29:59.363835+00:00,140.32,182.46,11.68,68.3,68.3,64.5,140.92,137.97,Clouds,,,,,,,
2026-07-29T12:25:04+00:00,home_001,100.0,2026-07-29T12:30:04.386407+00:00,145.7,140.92,11.25,68.3,68.3,64.5,144.51,150.32,Clouds,,,,,,,
2026-07-29T12:25:09+00:00,home_001,100.0,2026-07-29T12:30:09.376784+00:00,170.35,117.64,9.62,68.3,68.3,64.5,141.97,135.82,Clouds,,,,,,,
2026-07-29T12:25:14+00:00,home_001,100.0,2026-07-29T12:30:14.458003+00:00,140.88,172.17,11.64,68.3,68.3,64.5,140.34,147.37,Clouds,,,,,,,
2026-07-29T12:25:19+00:00,home_001,100.0,2026-07-29T12:30:19.409680+00:00,138.26,120.95,11.86,68.3,68.3,64.5,143.11,148.93,Clouds,,,,,,,
2026-07-29T12:25:24+00:00,home_001,100.0,2026-07-29T12:30:24.417120+00:00,135.87,130.14,12.07,68.3,68.3,64.5,144.24,148.94,Clouds,,,,,,,
2026-07-29T12:25:29+00:00,home_001,100.0,2026-07-29T12:30:29.424969+00:00,149.94,82.59,10.93,68.3,68.3,64.5,143.03,137.63,Clouds,,,,,,,
2026-07-29T12:25:34+00:00,home_001,100.0,2026-07-29T12:30:34.400568+00:00,134.14,124.75,12.22,68.3,68.3,64.5,140.44,153.75,Clouds,,,,,,,
2026-07-29T12:25:39+00:00,home_001,100.0,2026-07-29T12:30:39.440876+00:00,132.82,171.19,12.34,68.3,68.3,64.5,143.96,139.72,Clouds,,,,,,,
2026-07-29T12:25:44+00:00,home_001,100.0,2026-07-29T12:30:44.481501+00:00,146.92,193.61,11.16,68.3,68.3,64.5,143.21,143.04,Clouds,,,,,,,
2026-07-29T12:25:49+00:00,home_001,100.0,2026-07-29T12:30:49.559405+00:00,137.71,156.48,11.91,68.3,68.3,64.5,142.67,142.6,Clouds,,,,,,,
2026-07-29T12:25:54+00:00,home_001,100.0,2026-07-29T12:30:54.507526+00:00,150.4,187.73,10.9,68.3,68.3,64.5,143.79,141.34,Clouds,,,,,,,
2026-07-29T12:25:59+00:00,home_001,100.0,2026-07-29T12:30:59.589116+00:00,131.93,172.54,12.43,68.3,68.3,64.5,140.37,143.23,Clouds,,,,,,,
2026-07-29T12:26:05+00:00,home_001,100.0,2026-07-29T12:31:05.792405+00:00,126.68,121.93,12.94,68.3,68.3,64.5,142.75,148.88,Clouds,,,,,,,
2026-07-29T12:26:09+00:00,home_001,100.0,2026-07-29T12:31:09.542679+00:00,140.02,93.38,11.71,68.3,68.3,64.5,143.95,141.79,Clouds,,,,,,,
2026-07-29T12:26:14+00:00,home_001,100.0,2026-07-29T12:31:14.639096+00:00,126.39,84.92,12.97,68.3,68.3,64.5,142.51,147.55,Clouds,,,,,,,
2026-07-29T12:26:19+00:00,home_001,100.0,2026-07-29T12:31:19.587665+00:00,137.24,94.23,11.95,68.3,68.3,64.5,145.43,143.56,Clouds,,,,,,,
2026-07-29T12:26:24+00:00,home_001,100.0,2026-07-29T12:31:24.578446+00:00,144.01,170.82,11.39,68.3,68.3,64.5,145.48,137.27,Clouds,,,,,,,
2026-07-29T12:26:29+00:00,home_001,100.0,2026-07-29T12:31:29.533664+00:00,144.43,143.25,11.35,68.3,68.3,64.5,140.22,150.03,Clouds,,,,,,,
2026-07-29T12:26:34+00:00,home_001,100.0,2026-07-29T12:31:34.564427+00:00,141.08,127.93,11.62,68.3,68.3,64.5,142.18,146.92,Clouds,,,,,,,
2026-07-29T12:26:39+00:00,home_001,100.0,2026-07-29T12:31:39.684232+00:00,150.27,198.51,10.91,68.3,68.3,64.5,143.63,144.85,Clouds,,,,,,,
2026-07-29T12:26:44+00:00,home_001,100.0,2026-07-29T12:31:44.575802+00:00,144.59,150.85,11.34,68.3,68.3,64.5,141.76,145.07,Clouds,,,,,,,
2026-07-29T12:26:49+00:00,home_001,100.0,2026-07-29T12:31:49.566656+00:00,130.73,197.17,12.54,68.3,68.3,64.5,143.1,148.37,Clouds,,,,,,,
2026-07-29T12:26:54+00:00,home_001,100.0,2026-07-29T12:31:54.574027+00:00,152.11,129.4,10.78,68.3,68.3,64.5,144.05,136.59,Clouds,,,,,,,
2026-07-29T12:26:59+00:00,home_001,100.0,2026-07-29T12:31:59.694231+00:00,144.67,171.92,11.33,68.3,68.3,64.5,143.41,149.32,Clouds,,,,,,,
2026-07-29T12:27:04+00:00,home_001,100.0,2026-07-29T12:32:04.626470+00:00,168.6,184.91,9.72,68.3,68.3,64.5,139.74,151.06,Clouds,,,,,,,
2026-07-29T12:27:09+00:00,home_001,100.0,2026-07-29T12:32:09.633545+00:00,147.65,150.72,11.1,68.3,68.3,64.5,145.12,146.7,Clouds,,,,,,,
2026-07-29T12:27:14+00:00,home_001,100.0,2026-07-29T12:32:14.639722+00:00,132.11,82.59,12.41,68.3,68.3,64.5,143.3,139.12,Clouds,,,,,,,
2026-07-29T12:27:19+00:00,home_001,100.0,2026-07-29T12:32:19.636122+00:00,149.88,98.28,10.94,68.3,68.3,64.5,142.96,137.94,Clouds,,,,,,,
2026-07-29T12:27:24+00:00,home_001,100.0,2026-07-29T12:32:24.677794+00:00,127.76,151.83,12.83,68.3,68.3,64.5,144.09,147.68,Clouds,,,,,,,
2026-07-29T12:27:29+00:00,home_001,100.0,2026-07-29T12:32:29.692021+00:00,139.19,91.42,11.78,68.3,68.3,64.5,144.13,145.9,Clouds,,,,,,,
2026-07-29T12:27:34+00:00,home_001,100.0,2026-07-29T12:32:34.659099+00:00,147.29,180.75,11.13,68.3,68.3,64.5,144.31,144.22,Clouds,,,,,,,
2026-07-29T12:27:39+00:00,home_001,100.0,2026-07-29T12:32:39.693727+00:00,133.99,157.1,12.24,68.3,68.3,64.5,144.63,141.48,Clouds,,,,,,,
2026-07-29T12:27:44+00:00,home_001,100.0,2026-07-29T12:32:44.717031+00:00,137.15,188.34,11.95,68.3,68.3,64.5,142.64,140.11,Clouds,,,,,,,
2026-07-29T12:27:49+00:00,home_001,100.0,2026-07-29T12:32:49.692173+00:00,144.46,190.92,11.35,68.3,68.3,64.5,144.36,144.18,Clouds,,,,,,,
2026-07-29T12:27:54+00:00,home_001,100.0,2026-07-29T12:32:54.702588+00:00,145.88,175.11,11.24,68.3,68.3,64.5,144.45,143.62,Clouds,,,,,,,
2026-07-29T12:27:59+00:00,home_001,100.0,2026-07-29T12:32:59.693289+00:00,155.48,111.76,10.55,68.3,68.3,64.5,142.95,142.82,Clouds,,,,,,,
2026-07-29T12:28:04+00:00,home_001,100.0,2026-07-29T12:33:04.718526+00:00,146.98,171.56,11.15,68.3,68.3,64.5,143.77,148.06,Clouds,,,,,,,
2026-07-29T12:28:09+00:00,home_001,100.0,2026-07-29T12:33:09.758839+00:00,159.78,142.64,10.26,68.3,68.3,64.5,144.53,144.67,Clouds,,,,,,,
2026-07-29T12:28:14+00:00,home_001,100.0,2026-07-29T12:33:14.716431+00:00,142.27,179.4,11.52,68.3,68.3,64.5,142.4,140.88,Clouds,,,,,,,
2026-07-29T12:28:19+00:00,home_001,100.0,2026-07-29T12:33:19.738678+00:00,145.2,139.94,11.29,68.3,68.3,64.5,142.68,146.3,Clouds,,,,,,,
2026-07-29T12:28:24+00:00,home_001,100.0,2026-07-29T12:33:24.781484+00:00,149.61,143.98,10.96,68.3,68.3,64.5,143.59,150.58,Clouds,,,,,,,
2026-07-29T12:28:29+00:00,home_001,100.0,2026-07-29T12:33:29.885065+00:00,145.63,98.77,11.26,68.3,68.3,64.5,145.94,151.39,Clouds,,,,,,,
2026-07-29T12:28:34+00:00,home_001,100.0,2026-07-29T12:33:34.799597+00:00,134.76,125.36,12.17,68.3,68.3,64.5,143.25,142.88,Clouds,,,,,,,
2026-07-29T12:28:39+00:00,home_001,100.0,2026-07-29T12:33:39.841191+00:00,141.67,98.89,11.57,68.3,68.3,64.5,144.92,137.7,Clouds,,,,,,,
2026-07-29T12:28:44+00:00,home_001,100.0,2026-07-29T12:33:44.782019+00:00,142.09,114.45,11.54,68.3,68.3,64.5,143.93,146.72,Clouds,,,,,,,
2026-07-29T12:28:49+00:00,home_001,100.0,2026-07-29T12:33:49.845434+00:00,130.74,163.47,12.54,68.3,68.3,64.5,143.51,147.89,Clouds,,,,,,,
2026-07-29T12:28:54+00:00,home_001,100.0,2026-07-29T12:33:54.819561+00:00,145.21,110.04,11.29,68.3,68.3,64.5,144.63,147.06,Clouds,,,,,,,
2026-07-29T12:28:59+00:00,home_001,100.0,2026-07-29T12:33:59.823342+00:00,142.33,117.27,11.52,68.3,68.3,64.5,145.6,150.73,Clouds,,,,,,,
2026-07-29T12:29:04+00:00,home_001,100.0,2026-07-29T12:34:04.878545+00:00,160.28,100.97,10.23,68.3,68.3,64.5,146.72,137.44,Clouds,,,,,,,
2026-07-29T12:29:09+00:00,home_001,100.0,2026-07-29T12:34:09.845350+00:00,124.82,142.27,13.14,68.3,68.3,64.5,144.38,144.21,Clouds,,,,,,,
2026-07-29T12:29:20+00:00,home_001,100.0,2026-07-29T12:34:20.284195+00:00,142.84,104.28,11.48,68.3,68.3,64.5,145.84,137.57,Clouds,,,,,,,
2026-07-29T12:29:24+00:00,home_001,100.0,2026-07-29T12:34:24.926071+00:00,153.98,161.63,10.65,68.3,68.3,64.5,143.32,142.59,Clouds,,,,,,,
2026-07-29T12:29:29+00:00,home_001,100.0,2026-07-29T12:34:29.955798+00:00,125.64,99.99,13.05,68.3,68.3,64.5,141.72,150.53,Clouds,,,,,,,
2026-07-29T12:29:34+00:00,home_001,100.0,2026-07-29T12:34:34.965398+00:00,139.17,122.66,11.78,68.3,68.3,64.5,143.52,142.56,Clouds,,,,,,,
2026-07-29T12:29:39+00:00,home_001,100.0,2026-07-29T12:34:39.916803+00:00,141.74,101.95,11.57,68.3,68.3,64.5,139.44,144.14,Clouds,,,,,,,
2026-07-29T12:29:44+00:00,home_001,100.0,2026-07-29T12:34:44.918638+00:00,134.28,135.41,12.21,68.3,68.3,64.5,145.88,148.28,Clouds,,,,,,,
2026-07-29T12:29:49+00:00,home_001,100.0,2026-07-29T12:34:49.939934+00:00,133.19,135.41,12.31,68.3,68.3,64.5,146.2,146.89,Clouds,,,,,,,
2026-07-29T12:29:55+00:00,home_001,100.0,2026-07-29T12:34:55.005087+00:00,125.67,148.15,13.05,68.3,68.3,64.5,145.2,148.86,Clouds,,,,,,,
2026-07-29T12:29:59+00:00,home_001,100.0,2026-07-29T12:34:59.993515+00:00,149.21,191.16,10.99,68.3,68.3,64.5,142.29,140.97,Clouds,,,,,,,
2026-07-29T12:30:04+00:00,home_001,100.0,2026-07-29T12:35:04.964005+00:00,142.6,190.55,11.5,68.3,68.3,64.5,140.96,140.21,Clouds,,,,,,,
2026-07-29T12:30:09+00:00,home_001,100.0,2026-07-29T12:35:09.940974+00:00,158.59,90.68,10.34,68.3,68.3,64.5,144.54,145.23,Clouds,,,,,,,
2026-07-29T12:30:14+00:00,home_001,100.0,2026-07-29T12:35:14.986100+00:00,126.5,188.83,12.96,68.3,68.3,64.5,141.95,142.14,Clouds,,,,,,,
2026-07-29T12:30:19+00:00,home_001,100.0,2026-07-29T12:35:19.990224+00:00,146.5,93.99,11.19,68.3,68.3,64.5,141.67,151.54,Clouds,,,,,,,
2026-07-29T12:30:25+00:00,home_001,100.0,2026-07-29T12:35:25.032994+00:00,158.33,183.07,10.36,68.3,68.3,64.5,143.32,148.85,Clouds,,,,,,,
2026-07-29T12:30:30+00:00,home_001,100.0,2026-07-29T12:35:30.002640+00:00,132.72,118.99,12.35,68.3,68.3,64.5,144.55,147.56,Clouds,,,,,,,
2026-07-29T12:30:35+00:00,home_001,100.0,2026-07-29T12:35:35.058851+00:00,140.49,120.46,11.67,68.3,68.3,64.5,144.53,141.12,Clouds,,,,,,,
2026-07-29T12:30:40+00:00,home_001,100.0,2026-07-29T12:35:40.003841+00:00,128.74,94.85,12.74,68.3,68.3,64.5,142.72,136.12,Clouds,,,,,,,
2026-07-29T12:30:45+00:00,home_001,100.0,2026-07-29T12:35:45.038803+00:00,153.05,136.39,10.71,68.3,68.3,64.5,145.14,147.05,Clouds,,,,,,,
2026-07-29T12:30:50+00:00,home_001,100.0,2026-07-29T12:35:50.005030+00:00,124.96,185.77,13.12,68.3,68.3,64.5,142.38,138.97,Clouds,,,,,,,
2026-07-29T12:30:55+00:00,home_001,100.0,2026-07-29T12:35:55.111953+00:00,150.41,106.73,10.9,68.3,68.3,64.5,143.19,147.54,Clouds,,,,,,,
2026-07-29T12:31:00+00:00,home_001,100.0,2026-07-29T12:36:00.248315+00:00,149.31,145.82,10.98,68.3,68.3,64.5,137.87,138.03,Clouds,,,,,,,
2026-07-29T12:31:05+00:00,home_001,100.0,2026-07-29T12:36:05.044444+00:00,125.17,87.0,13.1,68.3,68.3,64.5,142.99,141.77,Clouds,,,,,,,
2026-07-29T12:31:10+00:00,home_001,100.0,2026-07-29T12:36:10.053787+00:00,131.27,178.54,12.49,68.3,68.3,64.5,144.07,140.03,Clouds,,,,,,,
2026-07-29T12:31:15+00:00,home_001,100.0,2026-07-29T12:36:15.047568+00:00,159.35,134.18,10.29,68.3,68.3,64.5,144.2,152.54,Clouds,,,,,,,
2026-07-29T12:31:20+00:00,home_001,100.0,2026-07-29T12:36:20.651542+00:00,137.55,159.43,11.92,68.3,68.3,64.5,143.98,144.13,Clouds,,,,,,,
2026-07-29T12:31:25+00:00,home_001,100.0,2026-07-29T12:36:25.110279+00:00,152.68,138.35,10.74,68.3,68.3,64.5,142.42,147.14,Clouds,,,,,,,
2026-07-29T12:31:30+00:00,home_001,100.0,2026-07-29T12:36:30.156813+00:00,137.51,151.46,11.92,68.3,68.3,64.5,145.78,151.01,Clouds,,,,,,,
2026-07-29T12:31:35+00:00,home_001,100.0,2026-07-29T12:36:35.126280+00:00,116.63,130.14,14.06,68.3,68.3,64.5,144.53,142.97,Clouds,,,,,,,
2026-07-29T12:31:40+00:00,home_001,100.0,2026-07-29T12:36:40.179370+00:00,124.57,122.17,13.16,68.3,68.3,64.5,144.23,149.31,Clouds,,,,,,,
2026-07-29T12:31:45+00:00,home_001,100.0,2026-07-29T12:36:45.146089+00:00,123.97,178.17,13.23,68.3,68.3,64.5,145.36,142.58,Clouds,,,,,,,
2026-07-29T12:31:50+00:00,home_001,100.0,2026-07-29T12:36:50.101540+00:00,138.39,186.02,11.85,68.3,68.3,64.5,143.54,149.33,Clouds,,,,,,,
2026-07-29T12:31:55+00:00,home_001,100.0,2026-07-29T12:36:55.168692+00:00,140.3,194.47,11.69,68.3,68.3,64.5,145.52,137.04,Clouds,,,,,,,
2026-07-29T12:32:00+00:00,home_001,100.0,2026-07-29T12:37:00.163725+00:00,136.18,132.83,12.04,68.3,68.3,64.5,144.74,149.25,Clouds,,,,,,,
2026-07-29T12:32:05+00:00,home_001,100.0,2026-07-29T12:37:05.192447+00:00,160.73,97.05,10.2,68.3,68.3,64.5,143.49,139.08,Clouds,,,,,,,
2026-07-29T12:32:10+00:00,home_001,100.0,2026-07-29T12:37:10.152781+00:00,135.43,152.07,12.11,68.3,68.3,64.5,144.37,140.5,Clouds,,,,,,,
2026-07-29T12:32:15+00:00,home_001,100.0,2026-07-29T12:37:15.189634+00:00,126.96,107.47,12.91,68.3,68.3,64.5,143.88,140.5,Clouds,,,,,,,
2026-07-29T12:32:20+00:00,home_001,100.0,2026-07-29T12:37:20.183956+00:00,139.87,96.56,11.72,68.3,68.3,64.5,143.37,139.27,Clouds,,,,,,,
2026-07-29T12:32:25+00:00,home_001,100.0,2026-07-29T12:37:25.204401+00:00,135.42,123.28,12.11,68.3,68.3,64.5,141.61,150.03,Clouds,,,,,,,
2026-07-29T12:32:30+00:00,home_001,100.0,2026-07-29T12:37:30.215681+00:00,132.33,115.68,12.39,68.3,68.3,64.5,144.58,150.35,Clouds,,,,,,,
2026-07-29T12:32:35+00:00,home_001,100.0,2026-07-29T12:37:35.223488+00:00,147.61,96.44,11.11,68.3,68.3,64.5,144.73,141.86,Clouds,,,,,,,
2026-07-29T12:32:40+00:00,home_001,100.0,2026-07-29T12:37:40.219276+00:00,147.43,92.03,11.12,68.3,68.3,64.5,143.11,148.08,Clouds,,,,,,,
2026-07-29T12:32:45+00:00,home_001,100.0,2026-07-29T12:37:45.201780+00:00,137.57,90.19,11.92,68.3,68.3,64.5,144.38,147.38,Clouds,,,,,,,
2026-07-29T12:32:50+00:00,home_001,100.0,2026-07-29T12:37:50.243333+00:00,129.24,199.62,12.69,68.3,68.3,64.5,144.98,150.56,Clouds,,,,,,,
2026-07-29T12:32:55+00:00,home_001,100.0,2026-07-29T12:37:55.235642+00:00,145.47,136.26,11.27,68.3,68.3,64.5,143.07,140.58,Clouds,,,,,,,
2026-07-29T12:33:00+00:00,home_001,100.0,2026-07-29T12:38:00.276438+00:00,125.11,112.86,13.1,68.3,68.3,64.5,141.85,148.27,Clouds,,,,,,,
2026-07-29T12:33:05+00:00,home_001,100.0,2026-07-29T12:38:05.251362+00:00,158.26,189.57,10.36,68.3,68.3,64.5,142.77,151.09,Clouds,,,,,,,
2026-07-29T12:33:10+00:00,home_001,100.0,2026-07-29T12:38:10.328278+00:00,149.5,187.12,10.97,68.3,68.3,64.5,144.46,143.57,Clouds,,,,,,,
2026-07-29T12:33:15+00:00,home_001,100.0,2026-07-29T12:38:15.284170+00:00,120.66,114.82,13.59,68.3,68.3,64.5,144.26,140.21,Clouds,,,,,,,
2026-07-29T12:33:20+00:00,home_001,100.0,2026-07-29T12:38:20.262909+00:00,133.27,93.25,12.3,68.3,68.3,64.5,143.86,147.14,Clouds,,,,,,,
2026-07-29T12:33:25+00:00,home_001,100.0,2026-07-29T12:38:25.325082+00:00,125.78,110.9,13.03,68.3,68.3,64.5,144.27,140.14,Clouds,,,,,,,
2026-07-29T12:33:30+00:00,home_001,100.0,2026-07-29T12:38:30.312334+00:00,134.66,113.96,12.18,68.3,68.3,64.5,142.4,138.78,Clouds,,,,,,,
2026-07-29T12:33:35+00:00,home_001,100.0,2026-07-29T12:38:35.303760+00:00,133.03,110.9,12.33,68.3,68.3,64.5,142.7,136.57,Clouds,,,,,,,
2026-07-29T12:33:40+00:00,home_001,100.0,2026-07-29T12:38:40.324101+00:00,141.47,165.67,11.59,68.3,68.3,64.5,143.56,141.28,Clouds,,,,,,,
2026-07-29T12:33:45+00:00,home_001,100.0,2026-07-29T12:38:45.351823+00:00,134.31,88.72,12.21,68.3,68.3,64.5,143.2,140.68,Clouds,,,,,,,
2026-07-29T12:33:50+00:00,home_001,100.0,2026-07-29T12:38:50.470191+00:00,147.54,145.82,11.11,68.3,68.3,64.5,143.71,152.16,Clouds,,,,,,,
2026-07-29T12:33:55+00:00,home_001,100.0,2026-07-29T12:38:55.363357+00:00,161.43,186.63,10.16,68.3,68.3,64.5,143.44,149.59,Clouds,,,,,,,
2026-07-29T12:34:00+00:00,home_001,100.0,2026-07-29T12:39:00.579535+00:00,135.29,153.66,12.12,68.3,68.3,64.5,144.91,141.52,Clouds,,,,,,,
2026-07-29T12:34:05+00:00,home_001,100.0,2026-07-29T12:39:05.394699+00:00,144.42,202.93,11.35,68.3,68.3,64.5,142.91,148.8,Clouds,,,,,,,
2026-07-29T12:34:10+00:00,home_001,100.0,2026-07-29T12:39:10.392083+00:00,150.64,139.94,10.88,68.3,68.3,64.5,144.63,150.31,Clouds,,,,,,,
2026-07-29T12:34:15+00:00,home_001,100.0,2026-07-29T12:39:15.511584+00:00,140.27,147.29,11.69,68.3,68.3,64.5,144.2,139.32,Clouds,,,,,,,
2026-07-29T12:34:20+00:00,home_001,100.0,2026-07-29T12:39:20.436122+00:00,147.76,169.96,11.1,68.3,68.3,64.5,144.24,140.42,Clouds,,,,,,,
2026-07-29T12:34:25+00:00,home_001,100.0,2026-07-29T12:39:25.403334+00:00,141.75,165.55,11.57,68.3,68.3,64.5,141.59,137.23,Clouds,,,,,,,
2026-07-29T12:34:30+00:00,home_001,100.0,2026-07-29T12:39:30.404674+00:00,138.78,97.42,11.81,68.3,68.3,64.5,141.72,147.79,Clouds,,,,,,,
2026-07-29T12:34:35+00:00,home_001,100.0,2026-07-29T12:39:35.399707+00:00,136.96,112.61,11.97,68.3,68.3,64.5,144.35,146.29,Clouds,,,,,,,
2026-07-29T12:34:40+00:00,home_001,100.0,2026-07-29T12:39:40.410712+00:00,128.74,95.46,12.74,68.3,68.3,64.5,144.29,147.74,Clouds,,,,,,,
2026-07-29T12:34:45+00:00,home_001,100.0,2026-07-29T12:39:45.445892+00:00,125.57,113.23,13.06,68.3,68.3,64.5,142.55,143.4,Clouds,,,,,,,
2026-07-29T12:34:50+00:00,home_001,100.0,2026-07-29T12:39:50.470997+00:00,141.85,160.04,11.56,68.3,68.3,64.5,144.51,146.87,Clouds,,,,,,,
2026-07-29T12:34:55+00:00,home_001,100.0,2026-07-29T12:39:55.445457+00:00,139.35,146.44,11.77,68.3,68.3,64.5,146.62,138.08,Clouds,,,,,,,
2026-07-29T12:35:00+00:00,home_001,100.0,2026-07-29T12:40:00.491271+00:00,133.0,152.19,12.33,68.3,68.3,64.5,143.09,150.54,Clouds,,,,,,,
2026-07-29T12:35:05+00:00,home_001,100.0,2026-07-29T12:40:05.462614+00:00,138.89,149.13,11.8,68.3,68.3,64.5,142.75,140.06,Clouds,,,,,,,
2026-07-29T12:35:10+00:00,home_001,100.0,2026-07-29T12:40:10.476987+00:00,157.71,203.66,10.4,68.3,68.3,64.5,143.21,147.15,Clouds,,,,,,,
2026-07-29T12:35:15+00:00,home_001,100.0,2026-07-29T12:40:15.452869+00:00,165.08,196.06,9.93,68.3,68.3,64.5,143.93,141.45,Clouds,,,,,,,
2026-07-29T12:35:20+00:00,home_001,100.0,2026-07-29T12:40:20.509491+00:00,137.44,141.04,11.93,68.3,68.3,64.5,143.27,140.62,Clouds,,,,,,,
2026-07-29T12:35:25+00:00,home_001,100.0,2026-07-29T12:40:25.520955+00:00,133.08,180.01,12.32,68.3,68.3,64.5,144.72,143.86,Clouds,,,,,,,
2026-07-29T12:35:30+00:00,home_001,100.0,2026-07-29T12:40:30.489625+00:00,152.19,193.98,10.77,68.3,68.3,64.5,143.12,147.78,Clouds,,,,,,,
2026-07-29T12:35:35+00:00,home_001,100.0,2026-07-29T12:40:35.499147+00:00,146.61,107.96,11.18,68.3,68.3,64.5,143.79,139.46,Clouds,,,,,,,
2026-07-29T12:35:40+00:00,home_001,100.0,2026-07-29T12:40:40.486076+00:00,132.59,83.94,12.37,68.3,68.3,64.5,143.54,149.43,Clouds,,,,,,,
2026-07-29T12:35:45+00:00,home_001,100.0,2026-07-29T12:40:45.505711+00:00,152.09,104.65,10.78,68.3,68.3,64.5,142.96,151.35,Clouds,,,,,,,
2026-07-29T12:35:50+00:00,home_001,100.0,2026-07-29T12:40:50.516152+00:00,156.81,154.4,10.46,68.3,68.3,64.5,143.82,145.47,Clouds,,,,,,,
2026-07-29T12:35:55+00:00,home_001,100.0,2026-07-29T12:40:55.528963+00:00,138.52,189.32,11.84,68.3,68.3,64.5,143.08,149.65,Clouds,,,,,,,
2026-07-29T12:36:00+00:00,home_001,100.0,2026-07-29T12:41:00.579228+00:00,124.06,113.96,13.22,68.3,68.3,64.5,145.01,143.07,Clouds,,,,,,,
2026-07-29T12:36:05+00:00,home_001,100.0,2026-07-29T12:41:05.543744+00:00,154.17,183.56,10.63,68.3,68.3,64.5,143.51,150.02,Clouds,,,,,,,
2026-07-29T12:36:10+00:00,home_001,100.0,2026-07-29T12:41:10.561333+00:00,171.87,171.56,9.54,68.3,68.3,64.5,143.34,147.18,Clouds,,,,,,,
2026-07-29T12:36:15+00:00,home_001,100.0,2026-07-29T12:41:15.620873+00:00,140.42,100.85,11.68,68.3,68.3,64.5,144.25,146.07,Clouds,,,,,,,
2026-07-29T12:36:20+00:00,home_001,100.0,2026-07-29T12:41:20.591115+00:00,122.61,83.82,13.37,68.3,68.3,64.5,145.04,140.02,Clouds,,,,,,,
2026-07-29T12:36:25+00:00,home_001,100.0,2026-07-29T12:41:25.587898+00:00,128.68,123.52,12.74,68.3,68.3,64.5,143.3,145.43,Clouds,,,,,,,
2026-07-29T12:36:30+00:00,home_001,100.0,2026-07-29T12:41:30.578601+00:00,143.72,183.69,11.41,68.3,68.3,64.5,143.61,142.61,Clouds,,,,,,,
2026-07-29T12:36:35+00:00,home_001,100.0,2026-07-29T12:41:35.587810+00:00,137.2,110.53,11.95,68.3,68.3,64.5,145.45,146.85,Clouds,,,,,,,
2026-07-29T12:36:40+00:00,home_001,100.0,2026-07-29T12:41:40.684606+00:00,133.11,129.16,12.32,68.3,68.3,64.5,143.72,143.11,Clouds,,,,,,,
2026-07-29T12:36:45+00:00,home_001,100.0,2026-07-29T12:41:45.577325+00:00,153.36,196.43,10.69,68.3,68.3,64.5,143.38,149.57,Clouds,,,,,,,
2026-07-29T12:36:50+00:00,home_001,100.0,2026-07-29T12:41:50.578201+00:00,134.06,118.99,12.23,68.3,68.3,64.5,143.7,140.35,Clouds,,,,,,,
2026-07-29T12:36:55+00:00,home_001,100.0,2026-07-29T12:41:55.603949+00:00,143.33,144.11,11.44,68.3,68.3,64.5,144.65,142.98,Clouds,,,,,,,
2026-07-29T12:37:00+00:00,home_001,100.0,2026-07-29T12:42:00.582335+00:00,149.03,148.27,11.0,68.3,68.3,64.5,143.19,146.02,Clouds,,,,,,,
2026-07-29T12:37:05+00:00,home_001,100.0,2026-07-29T12:42:05.606690+00:00,134.07,177.93,12.23,68.3,68.3,64.5,146.8,144.74,Clouds,,,,,,,
2026-07-29T12:37:10+00:00,home_001,100.0,2026-07-29T12:42:10.614566+00:00,159.41,146.07,10.29,68.3,68.3,64.5,144.69,144.02,Clouds,,,,,,,
2026-07-29T12:37:15+00:00,home_001,100.0,2026-07-29T12:42:15.674586+00:00,119.01,132.34,13.78,68.3,68.3,64.5,144.68,138.76,Clouds,,,,,,,
2026-07-29T12:37:20+00:00,home_001,100.0,2026-07-29T12:42:20.679621+00:00,164.61,148.76,9.96,68.3,68.3,64.5,144.49,147.87,Clouds,,,,,,,
2026-07-29T12:37:25+00:00,home_001,100.0,2026-07-29T12:42:25.702860+00:00,144.96,128.54,11.31,68.3,68.3,64.5,144.91,140.2,Clouds,,,,,,,
2026-07-29T12:37:30+00:00,home_001,100.0,2026-07-29T12:42:30.644656+00:00,115.39,150.11,14.21,68.3,68.3,64.5,143.38,140.47,Clouds,,,,,,,
2026-07-29T12:37:35+00:00,home_001,100.0,2026-07-29T12:42:35.658143+00:00,157.06,164.69,10.44,68.3,68.3,64.5,144.09,149.33,Clouds,,,,,,,
2026-07-29T12:37:40+00:00,home_001,100.0,2026-07-29T12:42:40.651393+00:00,132.75,90.07,12.35,68.3,68.3,64.5,144.67,149.25,Clouds,,,,,,,
2026-07-29T12:37:45+00:00,home_001,100.0,2026-07-29T12:42:45.668534+00:00,134.15,153.54,12.22,68.3,68.3,64.5,142.71,148.32,Clouds,,,,,,,
2026-07-29T12:37:50+00:00,home_001,100.0,2026-07-29T12:42:50.675127+00:00,146.13,185.28,11.22,68.3,68.3,64.5,144.29,148.61,Clouds,,,,,,,
2026-07-29T12:37:55+00:00,home_001,100.0,2026-07-29T12:42:55.723910+00:00,139.37,88.47,11.76,68.3,68.3,64.5,143.24,140.56,Clouds,,,,,,,
2026-07-29T12:38:00+00:00,home_001,100.0,2026-07-29T12:43:00.712724+00:00,140.81,153.18,11.64,68.3,68.3,64.5,144.38,139.37,Clouds,,,,,,,
2026-07-29T12:38:05+00:00,home_001,100.0,2026-07-29T12:43:05.685536+00:00,145.53,118.13,11.27,68.3,68.3,64.5,143.34,151.71,Clouds,,,,,,,
2026-07-29T12:38:10+00:00,home_001,100.0,2026-07-29T12:43:10.711072+00:00,163.08,184.91,10.05,68.3,68.3,64.5,141.69,148.32,Clouds,,,,,,,
2026-07-29T12:38:15+00:00,home_001,100.0,2026-07-29T12:43:15.744522+00:00,128.27,177.19,12.78,68.3,68.3,64.5,144.48,151.92,Clouds,,,,,,,
2026-07-29T12:38:20+00:00,home_001,100.0,2026-07-29T12:43:20.779580+00:00,124.62,92.89,13.16,68.3,68.3,64.5,143.86,142.4,Clouds,,,,,,,
2026-07-29T12:38:25+00:00,home_001,100.0,2026-07-29T12:43:25.796273+00:00,142.87,182.59,11.48,68.3,68.3,64.5,143.62,145.99,Clouds,,,,,,,
2026-07-29T12:38:30+00:00,home_001,100.0,2026-07-29T12:43:30.806607+00:00,144.29,147.17,11.36,68.3,68.3,64.5,144.32,145.57,Clouds,,,,,,,
2026-07-29T12:38:35+00:00,home_001,100.0,2026-07-29T12:43:35.751505+00:00,148.0,159.67,11.08,68.3,68.3,64.5,145.73,145.33,Clouds,,,,,,,
2026-07-29T12:38:40+00:00,home_001,100.0,2026-07-29T12:43:40.870587+00:00,161.55,90.8,10.15,68.3,68.3,64.5,144.9,150.59,Clouds,,,,,,,
2026-07-29T12:38:45+00:00,home_001,100.0,2026-07-29T12:43:45.764488+00:00,141.34,187.98,11.6,68.3,68.3,64.5,141.7,141.98,Clouds,,,,,,,
2026-07-29T12:38:50+00:00,home_001,100.0,2026-07-29T12:43:50.789679+00:00,155.89,175.72,10.52,68.3,68.3,64.5,145.21,148.59,Clouds,,,,,,,
2026-07-29T12:38:58+00:00,home_001,100.0,2026-07-29T12:43:58.025065+00:00,136.83,99.75,11.98,68.3,68.3,64.5,144.55,148.96,Clouds,,,,,,,
2026-07-29T12:39:00+00:00,home_001,100.0,2026-07-29T12:44:00.803246+00:00,143.71,144.72,11.41,68.3,68.3,64.5,147.12,138.38,Clouds,,,,,,,
2026-07-29T12:39:05+00:00,home_001,100.0,2026-07-29T12:44:05.927533+00:00,140.82,152.81,11.64,68.3,68.3,64.5,140.76,140.82,Clouds,,,,,,,
2026-07-29T12:39:10+00:00,home_001,100.0,2026-07-29T12:44:10.854903+00:00,133.19,83.94,12.31,68.3,68.3,64.5,144.99,135.97,Clouds,,,,,,,
2026-07-29T12:39:15+00:00,home_001,100.0,2026-07-29T12:44:15.852756+00:00,148.81,86.76,11.02,68.3,68.3,64.5,145.03,147.03,Clouds,,,,,,,
2026-07-29T12:39:21+00:00,home_001,100.0,2026-07-29T12:44:21.362764+00:00,131.42,168.51,12.48,68.3,68.3,64.6,144.86,150.07,Clouds,,,,,,,
2026-07-29T12:39:25+00:00,home_001,100.0,2026-07-29T12:44:25.827590+00:00,131.88,158.58,12.43,68.3,68.3,64.6,144.12,139.05,Clouds,,,,,,,
2026-07-29T12:39:30+00:00,home_001,100.0,2026-07-29T12:44:30.821904+00:00,150.47,189.08,10.9,68.3,68.3,64.5,143.34,135.12,Clouds,,,,,,,
2026-07-29T12:39:35+00:00,home_001,100.0,2026-07-29T12:44:35.841882+00:00,133.66,199.13,12.27,68.3,68.3,64.5,142.63,149.44,Clouds,,,,,,,
2026-07-29T12:39:40+00:00,home_001,100.0,2026-07-29T12:44:40.973066+00:00,133.95,124.5,12.24,68.3,68.3,64.5,145.92,145.9,Clouds,,,,,,,
2026-07-29T12:39:45+00:00,home_001,100.0,2026-07-29T12:44:45.867562+00:00,162.46,114.58,10.09,68.3,68.3,64.5,141.33,136.7,Clouds,,,,,,,
2026-07-29T12:39:50+00:00,home_001,100.0,2026-07-29T12:44:50.870958+00:00,138.18,179.77,11.87,68.3,68.3,64.5,144.42,148.53,Clouds,,,,,,,
2026-07-29T12:39:55+00:00,home_001,100.0,2026-07-29T12:44:55.911124+00:00,148.65,98.89,11.03,68.3,68.3,64.5,143.59,148.1,Clouds,,,,,,,
2026-07-29T12:40:01+00:00,home_001,100.0,2026-07-29T12:45:01.030858+00:00,139.0,194.35,11.8,68.3,68.3,64.5,145.83,137.96,Clouds,,,,,,,
2026-07-29T12:40:05+00:00,home_001,100.0,2026-07-29T12:45:05.923565+00:00,146.19,173.27,11.21,68.3,68.3,64.5,140.37,141.85,Clouds,,,,,,,
2026-07-29T12:40:10+00:00,home_001,100.0,2026-07-29T12:45:10.903294+00:00,147.31,115.19,11.13,68.3,68.3,64.5,140.65,141.42,Clouds,,,,,,,
2026-07-29T12:40:15+00:00,home_001,100.0,2026-07-29T12:45:15.906328+00:00,134.82,84.67,12.16,68.3,68.3,64.5,143.62,144.18,Clouds,,,,,,,
2026-07-29T12:40:20+00:00,home_001,100.0,2026-07-29T12:45:20.995164+00:00,144.64,170.7,11.34,68.3,68.3,64.5,143.8,150.43,Clouds,,,,,,,
2026-07-29T12:40:25+00:00,home_001,100.0,2026-07-29T12:45:25.912560+00:00,153.3,203.05,10.69,68.3,68.3,64.5,143.49,142.17,Clouds,,,,,,,
2026-07-29T12:40:30+00:00,home_001,100.0,2026-07-29T12:45:30.889937+00:00,150.18,203.54,10.92,68.3,68.3,64.5,142.62,141.49,Clouds,,,,,,,
2026-07-29T12:40:35+00:00,home_001,100.0,2026-07-29T12:45:35.957769+00:00,154.79,149.99,10.59,68.3,68.3,64.5,143.64,148.28,Clouds,,,,,,,
2026-07-29T12:40:40+00:00,home_001,100.0,2026-07-29T12:45:40.982128+00:00,131.64,177.31,12.45,68.3,68.3,64.5,143.72,149.72,Clouds,,,,,,,
2026-07-29T12:40:45+00:00,home_001,100.0,2026-07-29T12:45:45.946744+00:00,149.05,127.81,11.0,68.3,68.3,64.5,141.42,147.98,Clouds,,,,,,,
2026-07-29T12:40:50+00:00,home_001,100.0,2026-07-29T12:45:50.917306+00:00,133.78,85.41,12.26,68.3,68.3,64.5,144.65,145.99,Clouds,,,,,,,
2026-07-29T12:40:55+00:00,home_001,100.0,2026-07-29T12:45:55.951270+00:00,148.1,148.76,11.07,68.3,68.3,64.5,144.17,147.36,Clouds,,,,,,,
2026-07-29T12:41:01+00:00,home_001,100.0,2026-07-29T12:46:01.000853+00:00,131.84,103.42,12.44,68.3,68.3,64.5,143.74,147.0,Clouds,,,,,,,
2026-07-29T12:41:05+00:00,home_001,100.0,2026-07-29T12:46:05.986996+00:00,132.31,133.08,12.39,68.3,68.3,64.5,143.83,151.27,Clouds,,,,,,,
2026-07-29T12:41:10+00:00,home_001,100.0,2026-07-29T12:46:10.976032+00:00,146.61,136.39,11.18,68.3,68.3,64.5,143.24,146.6,Clouds,,,,,,,
2026-07-29T12:41:15+00:00,home_001,100.0,2026-07-29T12:46:15.970359+00:00,150.73,82.47,10.88,68.3,68.3,64.5,144.07,143.58,Clouds,,,,,,,
2026-07-29T12:41:21+00:00,home_001,100.0,2026-07-29T12:46:21.021731+00:00,130.57,108.82,12.56,68.3,68.3,64.5,143.39,149.57,Clouds,,,,,,,
2026-07-29T12:41:26+00:00,home_001,100.0,2026-07-29T12:46:26.038640+00:00,126.4,144.85,12.97,68.3,68.3,64.6,145.03,149.25,Clouds,,,,,,,
2026-07-29T12:41:30+00:00,home_001,100.0,2026-07-29T12:46:30.984840+00:00,133.15,138.6,12.31,68.3,68.3,64.6,145.19,145.69,Clouds,,,,,,,
2026-07-29T12:41:36+00:00,home_001,100.0,2026-07-29T12:46:36.069759+00:00,127.75,172.92,12.83,68.3,68.3,64.6,144.41,148.5,Clouds,,,,,,,
2026-07-29T12:41:41+00:00,home_001,100.0,2026-07-29T12:46:41.065462+00:00,130.88,132.48,12.53,68.3,68.3,64.6,144.01,139.03,Clouds,,,,,,,
2026-07-29T12:41:46+00:00,home_001,100.0,2026-07-29T12:46:46.030556+00:00,144.79,169.24,11.32,68.3,68.3,64.6,142.69,151.31,Clouds,,,,,,,
2026-07-29T12:41:51+00:00,home_001,100.0,2026-07-29T12:46:51.048701+00:00,132.09,121.94,12.41,68.3,68.3,64.6,144.02,139.94,Clouds,,,,,,,
2026-07-29T12:41:56+00:00,home_001,100.0,2026-07-29T12:46:56.040527+00:00,151.37,176.96,10.83,68.3,68.3,64.6,140.0,139.09,Clouds,,,,,,,
2026-07-29T12:42:01+00:00,home_001,100.0,2026-07-29T12:47:01.072557+00:00,132.95,109.43,12.33,68.3,68.3,64.5,144.92,138.46,Clouds,,,,,,,
2026-07-29T12:42:06+00:00,home_001,100.0,2026-07-29T12:47:06.066517+00:00,140.13,90.32,11.7,68.3,68.3,64.6,142.51,149.76,Clouds,,,,,,,
2026-07-29T12:42:11+00:00,home_001,100.0,2026-07-29T12:47:11.060308+00:00,153.29,184.56,10.7,68.3,68.3,64.6,146.6,144.99,Clouds,,,,,,,
2026-07-29T12:42:16+00:00,home_001,100.0,2026-07-29T12:47:16.069212+00:00,147.35,90.2,11.13,68.3,68.3,64.6,143.67,142.12,Clouds,,,,,,,
2026-07-29T12:42:21+00:00,home_001,100.0,2026-07-29T12:47:21.305047+00:00,129.19,110.66,12.69,68.3,68.3,64.6,145.77,136.79,Clouds,,,,,,,
2026-07-29T12:42:26+00:00,home_001,100.0,2026-07-29T12:47:26.116408+00:00,141.16,196.45,11.61,68.3,68.3,64.6,144.27,138.6,Clouds,,,,,,,
2026-07-29T12:42:31+00:00,home_001,100.0,2026-07-29T12:47:31.077663+00:00,138.91,118.51,11.8,68.3,68.3,64.6,143.4,141.69,Clouds,,,,,,,
2026-07-29T12:42:36+00:00,home_001,100.0,2026-07-29T12:47:36.068421+00:00,123.91,91.67,13.23,68.3,68.3,64.6,140.64,139.66,Clouds,,,,,,,
2026-07-29T12:42:41+00:00,home_001,100.0,2026-07-29T12:47:41.059817+00:00,140.21,185.91,11.69,68.3,68.3,64.6,145.35,142.76,Clouds,,,,,,,
2026-07-29T12:42:46+00:00,home_001,100.0,2026-07-29T12:47:46.086570+00:00,136.81,148.9,11.98,68.3,68.3,64.6,143.08,141.56,Clouds,,,,,,,
2026-07-29T12:42:51+00:00,home_001,100.0,2026-07-29T12:47:51.102219+00:00,126.67,136.77,12.94,68.3,68.3,64.6,145.42,145.99,Clouds,,,,,,,
2026-07-29T12:42:56+00:00,home_001,100.0,2026-07-29T12:47:56.115454+00:00,132.89,127.94,12.34,68.3,68.3,64.6,144.14,139.75,Clouds,,,,,,,
2026-07-29T12:43:01+00:00,home_001,100.0,2026-07-29T12:48:01.115049+00:00,142.27,161.89,11.52,68.3,68.3,64.6,142.53,140.97,Clouds,,,,,,,
2026-07-29T12:43:06+00:00,home_001,100.0,2026-07-29T12:48:06.115290+00:00,138.85,136.89,11.81,68.3,68.3,64.6,145.02,148.59,Clouds,,,,,,,
2026-07-29T12:43:11+00:00,home_001,100.0,2026-07-29T12:48:11.150855+00:00,140.63,142.03,11.66,68.3,68.3,64.6,145.3,150.67,Clouds,,,,,,,
2026-07-29T12:43:16+00:00,home_001,100.0,2026-07-29T12:48:16.185402+00:00,147.06,188.36,11.15,68.3,68.3,64.6,143.9,148.34,Clouds,,,,,,,
2026-07-29T12:43:21+00:00,home_001,100.0,2026-07-29T12:48:21.226595+00:00,146.2,139.09,11.21,68.3,68.3,64.6,143.58,142.55,Clouds,,,,,,,
2026-07-29T12:43:26+00:00,home_001,100.0,2026-07-29T12:48:26.191589+00:00,142.35,133.21,11.52,68.3,68.3,64.6,144.9,143.58,Clouds,,,,,,,
2026-07-29T12:43:31+00:00,home_001,100.0,2026-07-29T12:48:31.885747+00:00,139.58,85.66,11.75,68.3,68.3,64.6,145.34,149.48,Clouds,,,,,,,
2026-07-29T12:43:36+00:00,home_001,100.0,2026-07-29T12:48:36.222951+00:00,126.85,87.38,12.93,68.3,68.3,64.6,146.3,143.76,Clouds,,,,,,,
2026-07-29T12:43:41+00:00,home_001,100.0,2026-07-29T12:48:41.205831+00:00,141.17,126.47,11.61,68.3,68.3,64.6,142.71,139.84,Clouds,,,,,,,
2026-07-29T12:43:46+00:00,home_001,100.0,2026-07-29T12:48:46.218066+00:00,137.31,172.43,11.94,68.3,68.3,64.6,142.36,143.63,Clouds,,,,,,,
2026-07-29T12:43:51+00:00,home_001,100.0,2026-07-29T12:48:51.222799+00:00,129.38,189.34,12.67,68.3,68.3,64.6,143.54,140.35,Clouds,,,,,,,
2026-07-29T12:43:56+00:00,home_001,100.0,2026-07-29T12:48:56.223301+00:00,141.61,141.18,11.58,68.3,68.3,64.6,146.8,147.89,Clouds,,,,,,,
2026-07-29T12:44:01+00:00,home_001,100.0,2026-07-29T12:49:01.947745+00:00,132.39,150.86,12.38,68.3,68.3,64.6,143.11,145.25,Clouds,,,,,,,
2026-07-29T12:44:06+00:00,home_001,100.0,2026-07-29T12:49:06.255488+00:00,152.38,192.4,10.76,68.3,68.3,64.6,144.1,142.83,Clouds,,,,,,,
2026-07-29T12:44:11+00:00,home_001,100.0,2026-07-29T12:49:11.294761+00:00,135.4,179.05,12.11,68.3,68.3,64.6,145.99,149.65,Clouds,,,,,,,
2026-07-29T12:44:16+00:00,home_001,100.0,2026-07-29T12:49:16.314198+00:00,132.61,113.11,12.36,68.3,68.3,64.6,144.91,143.87,Clouds,,,,,,,
2026-07-29T12:44:21+00:00,home_001,100.0,2026-07-29T12:49:21.279751+00:00,136.27,135.78,12.03,68.3,68.3,64.6,144.11,144.25,Clouds,,,,,,,
2026-07-29T12:44:26+00:00,home_001,100.0,2026-07-29T12:49:26.323552+00:00,135.72,183.7,12.08,68.3,68.3,64.6,145.34,147.78,Clouds,,,,,,,
2026-07-29T12:44:31+00:00,home_001,100.0,2026-07-29T12:49:31.665491+00:00,132.5,136.89,12.37,68.3,68.3,64.6,145.06,144.24,Clouds,,,,,,,
2026-07-29T12:44:36+00:00,home_001,100.0,2026-07-29T12:49:36.294875+00:00,136.76,182.72,11.99,68.3,68.3,64.6,145.83,143.28,Clouds,,,,,,,
2026-07-29T12:44:41+00:00,home_001,100.0,2026-07-29T12:49:41.295997+00:00,146.54,178.43,11.19,68.3,68.3,64.6,145.39,147.46,Clouds,,,,,,,
2026-07-29T12:44:46+00:00,home_001,100.0,2026-07-29T12:49:46.342633+00:00,135.04,107.22,12.14,68.3,68.3,64.5,144.62,146.4,Clouds,,,,,,,
2026-07-29T12:44:51+00:00,home_001,100.0,2026-07-29T12:49:51.293387+00:00,139.26,149.14,11.77,68.3,68.3,64.6,143.39,148.37,Clouds,,,,,,,
2026-07-29T12:44:56+00:00,home_001,100.0,2026-07-29T12:49:56.313135+00:00,150.63,95.83,10.88,68.3,68.3,64.6,144.9,146.99,Clouds,,,,,,,
2026-07-29T12:45:01+00:00,home_001,100.0,2026-07-29T12:50:01.602290+00:00,136.46,193.87,12.02,68.3,68.3,64.6,143.92,149.79,Clouds,,,,,,,
2026-07-29T12:45:06+00:00,home_001,100.0,2026-07-29T12:50:06.352455+00:00,133.12,138.97,12.32,68.3,68.3,64.6,144.6,141.0,Clouds,,,,,,,
2026-07-29T12:45:11+00:00,home_001,100.0,2026-07-29T12:50:11.303622+00:00,145.4,110.54,11.28,68.3,68.3,64.6,142.25,139.93,Clouds,,,,,,,
2026-07-29T12:45:16+00:00,home_001,100.0,2026-07-29T12:50:16.403908+00:00,141.12,109.19,11.62,68.3,68.3,64.6,142.5,144.86,Clouds,,,,,,,
2026-07-29T12:45:21+00:00,home_001,100.0,2026-07-29T12:50:21.544034+00:00,151.98,187.38,10.79,68.3,68.3,64.6,143.29,142.2,Clouds,,,,,,,
2026-07-29T12:45:26+00:00,home_001,100.0,2026-07-29T12:50:26.353077+00:00,146.22,106.99,11.21,68.3,68.3,64.6,142.11,136.94,Clouds,,,,,,,
2026-07-29T12:45:31+00:00,home_001,100.0,2026-07-29T12:50:31.372607+00:00,144.76,137.99,11.33,68.3,68.3,64.6,144.91,145.3,Clouds,,,,,,,
2026-07-29T12:45:36+00:00,home_001,100.0,2026-07-29T12:50:36.373819+00:00,143.96,102.08,11.39,68.3,68.3,64.6,146.18,147.11,Clouds,,,,,,,
2026-07-29T12:45:41+00:00,home_001,100.0,2026-07-29T12:50:41.382334+00:00,136.44,126.23,12.02,68.3,68.3,64.6,145.54,150.59,Clouds,,,,,,,
2026-07-29T12:45:46+00:00,home_001,100.0,2026-07-29T12:50:46.335370+00:00,136.2,185.66,12.04,68.3,68.3,64.6,145.81,147.21,Clouds,,,,,,,
2026-07-29T12:45:51+00:00,home_001,100.0,2026-07-29T12:50:51.347382+00:00,171.77,197.18,9.54,68.3,68.3,64.6,145.17,145.1,Clouds,,,,,,,
2026-07-29T12:45:56+00:00,home_001,100.0,2026-07-29T12:50:56.386567+00:00,132.59,86.64,12.37,68.3,68.3,64.6,144.79,151.8,Clouds,,,,,,,
2026-07-29T12:46:01+00:00,home_001,100.0,2026-07-29T12:51:01.417210+00:00,158.29,180.64,10.36,68.3,68.3,64.6,144.76,135.94,Clouds,,,,,,,
2026-07-29T12:46:06+00:00,home_001,100.0,2026-07-29T12:51:06.385508+00:00,127.03,148.04,12.91,68.3,68.3,64.6,145.41,138.59,Clouds,,,,,,,
2026-07-29T12:46:11+00:00,home_001,100.0,2026-07-29T12:51:11.361571+00:00,145.16,91.3,11.29,68.3,68.3,64.6,140.25,144.78,Clouds,,,,,,,
2026-07-29T12:46:16+00:00,home_001,100.0,2026-07-29T12:51:16.417769+00:00,127.68,115.44,12.84,68.3,68.3,64.6,143.03,141.17,Clouds,,,,,,,
2026-07-29T12:46:21+00:00,home_001,100.0,2026-07-29T12:51:21.429858+00:00,139.89,163.6,11.72,68.3,68.3,64.6,142.25,139.74,Clouds,,,,,,,
2026-07-29T12:46:26+00:00,home_001,100.0,2026-07-29T12:51:26.403830+00:00,125.56,169.36,13.06,68.3,68.3,64.6,144.12,146.32,Clouds,,,,,,,
2026-07-29T12:46:31+00:00,home_001,100.0,2026-07-29T12:51:31.400097+00:00,139.63,99.39,11.74,68.3,68.3,64.6,143.61,149.87,Clouds,,,,,,,
2026-07-29T12:46:36+00:00,home_001,100.0,2026-07-29T12:51:36.410773+00:00,138.97,167.89,11.8,68.3,68.3,64.6,143.3,144.56,Clouds,,,,,,,
2026-07-29T12:46:41+00:00,home_001,100.0,2026-07-29T12:51:41.410329+00:00,141.55,134.56,11.58,68.3,68.3,64.6,145.03,144.89,Clouds,,,,,,,
2026-07-29T12:46:46+00:00,home_001,100.0,2026-07-29T12:51:46.433743+00:00,144.99,188.97,11.31,68.3,68.3,64.6,143.42,151.54,Clouds,,,,,,,
2026-07-29T12:46:51+00:00,home_001,100.0,2026-07-29T12:51:51.443476+00:00,131.39,85.05,12.48,68.3,68.3,64.6,142.57,141.86,Clouds,,,,,,,
2026-07-29T12:46:56+00:00,home_001,100.0,2026-07-29T12:51:56.481134+00:00,132.14,162.26,12.41,68.3,68.3,64.6,144.26,149.71,Clouds,,,,,,,
2026-07-29T12:47:01+00:00,home_001,100.0,2026-07-29T12:52:01.454996+00:00,149.4,91.06,10.97,68.3,68.3,64.6,142.31,144.33,Clouds,,,,,,,
2026-07-29T12:47:06+00:00,home_001,100.0,2026-07-29T12:52:06.468343+00:00,135.43,105.88,12.11,68.3,68.3,64.6,145.17,148.67,Clouds,,,,,,,
2026-07-29T12:47:11+00:00,home_001,100.0,2026-07-29T12:52:11.506380+00:00,140.33,136.89,11.68,68.3,68.3,64.6,144.62,148.21,Clouds,,,,,,,
2026-07-29T12:47:16+00:00,home_001,100.0,2026-07-29T12:52:16.504729+00:00,135.46,139.22,12.1,68.3,68.3,64.6,145.51,138.91,Clouds,,,,,,,
2026-07-29T12:47:21+00:00,home_001,100.0,2026-07-29T12:52:21.456496+00:00,133.63,154.29,12.27,68.3,68.3,64.6,141.76,150.05,Clouds,,,,,,,
2026-07-29T12:47:26+00:00,home_001,100.0,2026-07-29T12:52:26.495672+00:00,139.26,93.51,11.77,68.3,68.3,64.6,145.65,139.1,Clouds,,,,,,,
2026-07-29T12:47:31+00:00,home_001,100.0,2026-07-29T12:52:31.503788+00:00,152.95,195.59,10.72,68.3,68.3,64.6,144.65,144.18,Clouds,,,,,,,
2026-07-29T12:47:43+00:00,home_001,100.0,2026-07-29T12:52:43.380474+00:00,148.64,123.16,11.03,68.3,68.3,64.6,144.21,141.03,Clouds,,,,,,,
2026-07-29T12:47:46+00:00,home_001,100.0,2026-07-29T12:52:46.527555+00:00,136.87,168.63,11.98,68.3,68.3,64.6,145.94,146.28,Clouds,,,,,,,
2026-07-29T12:47:51+00:00,home_001,100.0,2026-07-29T12:52:51.556423+00:00,129.3,149.02,12.68,68.3,68.3,64.6,142.91,142.42,Clouds,,,,,,,
2026-07-29T12:47:56+00:00,home_001,100.0,2026-07-29T12:52:56.557522+00:00,143.76,133.33,11.41,68.3,68.3,64.6,144.94,137.98,Clouds,,,,,,,
2026-07-29T12:48:01+00:00,home_001,100.0,2026-07-29T12:53:01.615830+00:00,143.57,202.33,11.42,68.3,68.3,64.6,143.6,144.07,Clouds,,,,,,,
2026-07-29T12:48:06+00:00,home_001,100.0,2026-07-29T12:53:06.719769+00:00,131.74,145.47,12.45,68.3,68.3,64.6,144.54,143.09,Clouds,,,,,,,
2026-07-29T12:48:11+00:00,home_001,100.0,2026-07-29T12:53:11.586853+00:00,153.31,89.22,10.69,68.3,68.3,64.6,145.57,147.66,Clouds,,,,,,,
2026-07-29T12:48:16+00:00,home_001,100.0,2026-07-29T12:53:16.568458+00:00,129.55,138.73,12.66,68.3,68.3,64.6,145.03,150.59,Clouds,,,,,,,
2026-07-29T12:48:21+00:00,home_001,100.0,2026-07-29T12:53:21.598993+00:00,161.41,202.7,10.16,68.3,68.3,64.6,146.07,151.23,Clouds,,,,,,,
2026-07-29T12:48:26+00:00,home_001,100.0,2026-07-29T12:53:26.607843+00:00,135.07,146.08,12.14,68.3,68.3,64.6,145.93,143.0,Clouds,,,,,,,
2026-07-29T12:48:31+00:00,home_001,100.0,2026-07-29T12:53:31.600028+00:00,144.77,128.68,11.33,68.3,68.3,64.6,145.02,150.83,Clouds,,,,,,,
2026-07-29T12:48:36+00:00,home_001,100.0,2026-07-29T12:53:36.621685+00:00,142.97,100.37,11.47,68.3,68.3,64.6,143.52,144.91,Clouds,,,,,,,
2026-07-29T12:48:41+00:00,home_001,100.0,2026-07-29T12:53:41.663448+00:00,133.99,183.21,12.24,68.3,68.3,64.6,145.1,150.9,Clouds,,,,,,,
2026-07-29T12:48:46+00:00,home_001,100.0,2026-07-29T12:53:46.608412+00:00,140.9,89.46,11.64,68.3,68.3,64.6,146.21,144.18,Clouds,,,,,,,
2026-07-29T12:48:51+00:00,home_001,100.0,2026-07-29T12:53:51.660582+00:00,145.79,122.31,11.25,68.3,68.3,64.6,143.42,141.74,Clouds,,,,,,,
2026-07-29T12:48:56+00:00,home_001,100.0,2026-07-29T12:53:56.653359+00:00,128.14,156.37,12.79,68.3,68.3,64.6,143.06,148.55,Clouds,,,,,,,
2026-07-29T12:49:01+00:00,home_001,100.0,2026-07-29T12:54:01.649083+00:00,130.19,185.42,12.59,68.3,68.3,64.6,140.55,141.07,Clouds,,,,,,,
2026-07-29T12:49:06+00:00,home_001,100.0,2026-07-29T12:54:06.628535+00:00,173.14,135.29,9.47,68.3,68.3,64.6,143.04,150.2,Clouds,,,,,,,
2026-07-29T12:49:11+00:00,home_001,100.0,2026-07-29T12:54:11.647825+00:00,150.5,119.12,10.89,68.3,68.3,64.6,143.89,140.21,Clouds,,,,,,,
2026-07-29T12:49:16+00:00,home_001,100.0,2026-07-29T12:54:16.692350+00:00,136.79,124.51,11.99,68.3,68.3,64.6,144.55,144.15,Clouds,,,,,,,
2026-07-29T12:49:21+00:00,home_001,100.0,2026-07-29T12:54:21.744625+00:00,144.09,120.34,11.38,68.3,68.3,64.6,144.98,141.7,Clouds,,,,,,,
2026-07-29T12:49:26+00:00,home_001,100.0,2026-07-29T12:54:26.705691+00:00,133.05,148.41,12.32,68.3,68.3,64.6,143.28,148.27,Clouds,,,,,,,
2026-07-29T12:49:31+00:00,home_001,100.0,2026-07-29T12:54:31.679649+00:00,148.3,83.82,11.06,68.3,68.3,64.6,144.99,145.12,Clouds,,,,,,,
2026-07-29T12:49:36+00:00,home_001,100.0,2026-07-29T12:54:36.684882+00:00,142.76,142.89,11.48,68.3,68.3,64.6,144.39,148.63,Clouds,,,,,,,
2026-07-29T12:49:41+00:00,home_001,100.0,2026-07-29T12:54:41.748034+00:00,134.75,104.17,12.17,68.3,68.3,64.6,146.85,149.04,Clouds,,,,,,,
2026-07-29T12:49:46+00:00,home_001,100.0,2026-07-29T12:54:46.768332+00:00,130.12,164.22,12.6,68.3,68.3,64.6,144.09,152.35,Clouds,,,,,,,
2026-07-29T12:49:51+00:00,home_001,100.0,2026-07-29T12:54:51.713764+00:00,127.07,135.42,12.9,68.3,68.3,64.6,144.86,144.3,Clouds,,,,,,,
2026-07-29T12:49:56+00:00,home_001,100.0,2026-07-29T12:54:56.705322+00:00,141.53,180.88,11.58,68.3,68.3,64.6,144.61,142.98,Clouds,,,,,,,
2026-07-29T12:50:01+00:00,home_001,100.0,2026-07-29T12:55:01.793247+00:00,135.1,125.0,12.14,68.3,68.3,64.6,145.26,146.28,Clouds,,,,,,,
2026-07-29T12:50:06+00:00,home_001,100.0,2026-07-29T12:55:06.802769+00:00,132.65,188.11,12.36,68.3,68.3,64.6,145.47,147.51,Clouds,,,,,,,
2026-07-29T12:50:11+00:00,home_001,100.0,2026-07-29T12:55:11.747645+00:00,141.04,112.01,11.62,68.3,68.3,64.6,144.69,147.54,Clouds,,,,,,,
2026-07-29T12:50:16+00:00,home_001,100.0,2026-07-29T12:55:16.752432+00:00,164.71,102.21,9.95,68.3,68.3,64.6,143.34,136.19,Clouds,,,,,,,
2026-07-29T12:50:21+00:00,home_001,100.0,2026-07-29T12:55:21.780883+00:00,141.06,200.25,11.62,68.3,68.3,64.6,143.79,144.29,Clouds,,,,,,,
2026-07-29T12:50:26+00:00,home_001,100.0,2026-07-29T12:55:26.818291+00:00,146.1,168.02,11.22,68.3,68.3,64.6,144.71,150.51,Clouds,,,,,,,
2026-07-29T12:50:31+00:00,home_001,100.0,2026-07-29T12:55:31.760284+00:00,140.82,147.67,11.64,68.3,68.3,64.6,144.86,138.91,Clouds,,,,,,,
2026-07-29T12:50:36+00:00,home_001,100.0,2026-07-29T12:55:36.796870+00:00,140.98,145.1,11.63,68.3,68.3,64.6,143.48,150.8,Clouds,,,,,,,
2026-07-29T12:50:41+00:00,home_001,100.0,2026-07-29T12:55:41.805816+00:00,129.17,84.31,12.69,68.3,68.3,64.6,144.38,148.13,Clouds,,,,,,,
2026-07-29T12:50:46+00:00,home_001,100.0,2026-07-29T12:55:46.797679+00:00,130.89,122.43,12.53,68.3,68.3,64.6,143.71,143.75,Clouds,,,,,,,
2026-07-29T12:50:51+00:00,home_001,100.0,2026-07-29T12:55:51.910743+00:00,128.37,193.38,12.77,68.3,68.3,64.6,144.47,139.97,Clouds,,,,,,,
2026-07-29T12:50:56+00:00,home_001,100.0,2026-07-29T12:55:56.836563+00:00,130.33,164.09,12.58,68.3,68.3,64.6,145.81,142.32,Clouds,,,,,,,
2026-07-29T12:51:01+00:00,home_001,100.0,2026-07-29T12:56:01.827598+00:00,129.28,149.76,12.68,68.3,68.3,64.6,141.2,141.07,Clouds,,,,,,,
2026-07-29T12:51:06+00:00,home_001,100.0,2026-07-29T12:56:06.816254+00:00,137.22,86.64,11.95,68.3,68.3,64.6,142.27,141.85,Clouds,,,,,,,
2026-07-29T12:51:11+00:00,home_001,100.0,2026-07-29T12:56:11.823167+00:00,151.82,117.65,10.8,68.3,68.3,64.6,145.45,139.31,Clouds,,,,,,,
2026-07-29T12:51:16+00:00,home_001,100.0,2026-07-29T12:56:16.865264+00:00,153.38,119.85,10.69,68.3,68.3,64.6,144.94,146.15,Clouds,,,,,,,
2026-07-29T12:51:21+00:00,home_001,100.0,2026-07-29T12:56:21.893124+00:00,129.82,202.7,12.63,68.3,68.3,64.6,143.39,152.27,Clouds,,,,,,,
2026-07-29T12:51:26+00:00,home_001,100.0,2026-07-29T12:56:26.878509+00:00,142.49,165.56,11.51,68.3,68.3,64.6,145.51,145.51,Clouds,,,,,,,
2026-07-29T12:51:31+00:00,home_001,100.0,2026-07-29T12:56:31.887478+00:00,151.17,154.66,10.85,68.3,68.3,64.6,145.36,145.51,Clouds,,,,,,,
2026-07-29T12:51:36+00:00,home_001,100.0,2026-07-29T12:56:36.849696+00:00,135.19,139.46,12.13,68.3,68.3,64.6,146.22,140.13,Clouds,,,,,,,
2026-07-29T12:51:42+00:00,home_001,100.0,2026-07-29T12:56:42.068929+00:00,125.9,148.04,13.02,68.3,68.3,64.6,143.24,141.94,Clouds,,,,,,,
2026-07-29T12:51:46+00:00,home_001,100.0,2026-07-29T12:56:46.898039+00:00,125.07,107.6,13.11,68.3,68.3,64.6,143.7,141.51,Clouds,,,,,,,
2026-07-29T12:51:51+00:00,home_001,100.0,2026-07-29T12:56:51.934499+00:00,155.43,105.52,10.55,68.3,68.3,64.6,143.37,139.63,Clouds,,,,,,,
2026-07-29T12:51:56+00:00,home_001,100.0,2026-07-29T12:56:56.928474+00:00,134.53,191.91,12.19,68.3,68.3,64.6,143.83,140.42,Clouds,,,,,,,
2026-07-29T12:52:01+00:00,home_001,100.0,2026-07-29T12:57:01.954404+00:00,147.26,199.14,11.13,68.3,68.3,64.6,143.53,139.75,Clouds,,,,,,,
2026-07-29T12:52:06+00:00,home_001,100.0,2026-07-29T12:57:06.912783+00:00,129.93,128.19,12.62,68.3,68.3,64.6,144.46,147.57,Clouds,,,,,,,
2026-07-29T12:52:11+00:00,home_001,100.0,2026-07-29T12:57:11.990827+00:00,130.33,142.65,12.58,68.3,68.3,64.6,143.18,141.25,Clouds,,,,,,,
2026-07-29T12:52:17+00:00,home_001,100.0,2026-07-29T12:57:17.444111+00:00,139.5,114.22,11.75,68.3,68.3,64.6,144.56,139.28,Clouds,,,,,,,
2026-07-29T12:52:21+00:00,home_001,100.0,2026-07-29T12:57:21.956519+00:00,134.17,90.81,12.22,68.3,68.3,64.6,143.33,140.4,Clouds,,,,,,,
2026-07-29T12:52:26+00:00,home_001,100.0,2026-07-29T12:57:26.933735+00:00,138.91,176.1,11.8,68.3,68.3,64.6,141.26,147.35,Clouds,,,,,,,
2026-07-29T12:52:31+00:00,home_001,100.0,2026-07-29T12:57:31.922028+00:00,137.15,119.85,11.95,68.3,68.3,64.6,143.8,139.6,Clouds,,,,,,,
2026-07-29T12:52:36+00:00,home_001,100.0,2026-07-29T12:57:36.951700+00:00,121.51,171.32,13.49,68.3,68.3,64.6,145.05,148.88,Clouds,,,,,,,
2026-07-29T12:52:41+00:00,home_001,100.0,2026-07-29T12:57:41.947426+00:00,130.22,125.12,12.59,68.3,68.3,64.6,144.9,150.52,Clouds,,,,,,,
2026-07-29T12:52:47+00:00,home_001,100.0,2026-07-29T12:57:47.016254+00:00,138.25,195.1,11.86,68.3,68.3,64.6,142.94,147.23,Clouds,,,,,,,
2026-07-29T12:52:51+00:00,home_001,100.0,2026-07-29T12:57:51.979971+00:00,122.94,176.1,13.34,68.3,68.3,64.6,141.48,150.02,Clouds,,,,,,,
2026-07-29T12:52:56+00:00,home_001,100.0,2026-07-29T12:57:56.961245+00:00,155.14,115.2,10.57,68.3,68.3,64.6,144.9,144.65,Clouds,,,,,,,
2026-07-29T12:53:02+00:00,home_001,100.0,2026-07-29T12:58:02.016708+00:00,138.97,144.24,11.8,68.3,68.3,64.6,140.36,142.42,Clouds,,,,,,,
2026-07-29T12:53:07+00:00,home_001,100.0,2026-07-29T12:58:07.374772+00:00,137.94,169.49,11.89,68.3,68.3,64.6,143.37,141.35,Clouds,,,,,,,
2026-07-29T12:53:12+00:00,home_001,100.0,2026-07-29T12:58:12.008340+00:00,145.22,84.19,11.29,68.3,68.3,64.6,145.76,147.55,Clouds,,,,,,,
2026-07-29T12:53:17+00:00,home_001,100.0,2026-07-29T12:58:17.082007+00:00,141.28,88.36,11.61,68.3,68.3,64.6,142.49,145.69,Clouds,,,,,,,
2026-07-29T12:53:22+00:00,home_001,100.0,2026-07-29T12:58:22.008511+00:00,147.83,199.51,11.09,68.3,68.3,64.6,143.67,138.03,Clouds,,,,,,,
2026-07-29T12:53:27+00:00,home_001,100.0,2026-07-29T12:58:27.032363+00:00,153.54,159.93,10.68,68.3,68.3,64.6,142.31,136.79,Clouds,,,,,,,
2026-07-29T12:53:32+00:00,home_001,100.0,2026-07-29T12:58:32.049623+00:00,170.97,93.14,9.59,68.3,68.3,64.6,142.74,146.17,Clouds,,,,,,,
2026-07-29T12:53:37+00:00,home_001,100.0,2026-07-29T12:58:37.051015+00:00,145.79,126.23,11.25,68.3,68.3,64.6,141.45,142.75,Clouds,,,,,,,
2026-07-29T12:53:42+00:00,home_001,100.0,2026-07-29T12:58:42.061569+00:00,137.28,168.14,11.94,68.3,68.3,64.6,143.81,152.57,Clouds,,,,,,,
2026-07-29T12:53:47+00:00,home_001,100.0,2026-07-29T12:58:47.094147+00:00,150.55,121.94,10.89,68.3,68.3,64.6,143.62,149.73,Clouds,,,,,,,
2026-07-29T12:53:52+00:00,home_001,100.0,2026-07-29T12:58:52.083452+00:00,136.12,156.62,12.05,68.3,68.3,64.6,142.52,144.09,Clouds,,,,,,,
2026-07-29T12:53:58+00:00,home_001,100.0,2026-07-29T12:58:58.977802+00:00,137.14,174.27,11.95,68.3,68.3,64.6,144.84,147.95,Clouds,,,,,,,
2026-07-29T12:54:02+00:00,home_001,100.0,2026-07-29T12:59:02.117521+00:00,125.64,197.31,13.05,68.3,68.3,64.6,143.11,136.99,Clouds,,,,,,,
2026-07-29T12:54:07+00:00,home_001,100.0,2026-07-29T12:59:07.106891+00:00,143.22,84.56,11.45,68.3,68.3,64.6,145.23,141.03,Clouds,,,,,,,
2026-07-29T12:54:12+00:00,home_001,100.0,2026-07-29T12:59:12.111472+00:00,133.11,182.48,12.32,68.3,68.3,64.6,145.11,149.33,Clouds,,,,,,,
2026-07-29T12:54:17+00:00,home_001,100.0,2026-07-29T12:59:17.153492+00:00,140.08,115.32,11.7,68.3,68.3,64.6,144.45,142.76,Clouds,,,,,,,
2026-07-29T12:54:22+00:00,home_001,100.0,2026-07-29T12:59:22.129166+00:00,136.13,116.42,12.04,68.3,68.3,64.6,142.96,150.28,Clouds,,,,,,,
2026-07-29T12:54:27+00:00,home_001,100.0,2026-07-29T12:59:27.105753+00:00,151.26,105.15,10.84,68.3,68.3,64.6,143.74,144.12,Clouds,,,,,,,
2026-07-29T12:54:32+00:00,home_001,100.0,2026-07-29T12:59:32.112574+00:00,132.76,136.77,12.35,68.3,68.3,64.6,142.5,148.35,Clouds,,,,,,,
2026-07-29T12:54:37+00:00,home_001,100.0,2026-07-29T12:59:37.152237+00:00,131.1,179.29,12.51,68.3,68.3,64.6,144.52,138.85,Clouds,,,,,,,
2026-07-29T12:54:42+00:00,home_001,100.0,2026-07-29T12:59:42.227759+00:00,136.81,170.47,11.98,68.3,68.3,64.6,145.75,140.85,Clouds,,,,,,,
2026-07-29T12:54:47+00:00,home_001,100.0,2026-07-29T12:59:47.104644+00:00,139.98,169.36,11.71,68.3,68.3,64.6,145.67,142.19,Clouds,,,,,,,
2026-07-29T12:54:52+00:00,home_001,100.0,2026-07-29T12:59:52.128534+00:00,141.67,139.09,11.57,68.3,68.3,64.6,142.61,145.4,Clouds,,,,,,,
2026-07-29T12:54:57+00:00,home_001,100.0,2026-07-29T12:59:57.169515+00:00,156.36,162.75,10.49,68.3,68.3,64.6,140.97,147.53,Clouds,,,,,,,
2026-07-29T12:55:02+00:00,home_001,100.0,2026-07-29T13:00:02.191161+00:00,155.44,129.29,10.55,68.3,68.3,64.6,143.84,137.62,Clouds,,,,,,,
2026-07-29T12:55:07+00:00,home_001,100.0,2026-07-29T13:00:07.182302+00:00,129.98,119.85,12.61,68.3,68.3,64.6,144.01,140.01,Clouds,,,,,,,
2026-07-29T12:55:12+00:00,home_001,100.0,2026-07-29T13:00:12.210627+00:00,158.35,201.1,10.35,68.3,68.3,64.6,144.01,144.18,Clouds,,,,,,,
2026-07-29T12:55:17+00:00,home_001,100.0,2026-07-29T13:00:17.189380+00:00,139.57,199.51,11.75,68.3,68.3,64.6,143.89,149.63,Clouds,,,,,,,
2026-07-29T12:55:22+00:00,home_001,100.0,2026-07-29T13:00:22.178996+00:00,137.29,145.34,11.94,68.3,68.3,64.6,143.53,139.61,Clouds,,,,,,,
2026-07-29T12:55:27+00:00,home_001,100.0,2026-07-29T13:00:27.237430+00:00,150.86,94.24,10.87,68.3,68.3,64.6,145.33,141.04,Clouds,,,,,,,
2026-07-29T12:55:32+00:00,home_001,100.0,2026-07-29T13:00:32.214340+00:00,125.9,187.99,13.02,68.3,68.3,64.6,142.97,151.74,Clouds,,,,,,,
2026-07-29T12:55:37+00:00,home_001,100.0,2026-07-29T13:00:37.222633+00:00,144.21,105.64,11.37,68.3,68.3,64.6,146.61,148.9,Clouds,,,,,,,
2026-07-29T12:55:42+00:00,home_001,100.0,2026-07-29T13:00:42.400046+00:00,140.23,144.0,11.69,68.3,68.3,64.6,143.77,142.71,Clouds,,,,,,,
2026-07-29T12:55:47+00:00,home_001,100.0,2026-07-29T13:00:47.250377+00:00,144.36,132.48,11.36,68.3,68.3,64.6,143.48,153.07,Clouds,,,,,,,
2026-07-29T12:55:52+00:00,home_001,100.0,2026-07-29T13:00:52.250473+00:00,158.4,90.56,10.35,68.3,68.3,64.6,144.41,139.76,Clouds,,,,,,,
2026-07-29T12:55:57+00:00,home_001,100.0,2026-07-29T13:00:57.269438+00:00,143.47,108.7,11.43,68.3,68.3,64.6,140.28,147.5,Clouds,,,,,,,
2026-07-29T12:56:02+00:00,home_001,100.0,2026-07-29T13:01:02.257829+00:00,130.7,95.96,12.54,68.3,68.3,64.6,144.22,144.52,Clouds,,,,,,,
2026-07-29T12:56:07+00:00,home_001,100.0,2026-07-29T13:01:07.295715+00:00,127.41,144.12,12.87,68.3,68.3,64.6,145.04,140.64,Clouds,,,,,,,
2026-07-29T12:56:12+00:00,home_001,100.0,2026-07-29T13:01:12.311348+00:00,141.22,125.98,11.61,68.3,68.3,64.6,142.47,147.23,Clouds,,,,,,,
2026-07-29T12:56:17+00:00,home_001,100.0,2026-07-29T13:01:17.312722+00:00,147.28,113.36,11.13,68.3,68.3,64.6,145.1,140.26,Clouds,,,,,,,
2026-07-29T12:56:22+00:00,home_001,100.0,2026-07-29T13:01:22.431243+00:00,144.76,102.82,11.33,68.3,68.3,64.6,144.1,146.51,Clouds,,,,,,,
2026-07-29T12:56:27+00:00,home_001,100.0,2026-07-29T13:01:27.345563+00:00,145.86,125.86,11.24,68.3,68.3,64.6,144.21,144.02,Clouds,,,,,,,
2026-07-29T12:56:32+00:00,home_001,100.0,2026-07-29T13:01:32.371151+00:00,136.8,125.86,11.98,68.3,68.3,64.6,144.54,150.55,Clouds,,,,,,,
2026-07-29T12:56:37+00:00,home_001,100.0,2026-07-29T13:01:37.393851+00:00,142.04,128.68,11.54,68.3,68.3,64.6,143.92,139.88,Clouds,,,,,,,
2026-07-29T12:56:42+00:00,home_001,100.0,2026-07-29T13:01:42.449045+00:00,117.28,115.07,13.98,68.3,68.3,64.6,144.93,152.11,Clouds,,,,,,,
2026-07-29T12:56:47+00:00,home_001,100.0,2026-07-29T13:01:47.363001+00:00,156.93,178.92,10.45,68.3,68.3,64.6,144.21,136.45,Clouds,,,,,,,
2026-07-29T12:56:52+00:00,home_001,100.0,2026-07-29T13:01:52.383608+00:00,152.81,197.43,10.73,68.3,68.3,64.6,143.43,146.28,Clouds,,,,,,,
2026-07-29T12:56:57+00:00,home_001,100.0,2026-07-29T13:01:57.400426+00:00,153.13,125.86,10.71,68.3,68.3,64.6,146.16,137.1,Clouds,,,,,,,
2026-07-29T12:57:02+00:00,home_001,100.0,2026-07-29T13:02:02.448171+00:00,143.09,95.22,11.46,68.3,68.3,64.6,146.85,141.07,Clouds,,,,,,,
2026-07-29T12:57:07+00:00,home_001,100.0,2026-07-29T13:02:07.409009+00:00,128.81,156.5,12.73,68.3,68.3,64.6,143.21,146.76,Clouds,,,,,,,
2026-07-29T12:57:12+00:00,home_001,100.0,2026-07-29T13:02:12.417476+00:00,134.63,137.38,12.18,68.3,68.3,64.6,142.6,140.71,Clouds,,,,,,,
2026-07-29T12:57:26+00:00,home_001,100.0,2026-07-29T13:02:26.077233+00:00,145.71,90.69,11.25,68.3,68.3,64.6,145.02,138.98,Clouds,,,,,,,
2026-07-29T12:57:46+00:00,home_001,100.0,2026-07-29T13:02:46.533723+00:00,143.23,182.72,11.45,68.3,68.3,64.6,145.11,141.71,Clouds,,,,,,,
2026-07-29T12:57:48+00:00,home_001,100.0,2026-07-29T13:02:48.726416+00:00,131.17,147.79,12.5,68.3,68.3,64.6,143.45,148.37,Clouds,,,,,,,
2026-07-29T12:57:52+00:00,home_001,100.0,2026-07-29T13:02:52.552414+00:00,146.07,97.8,11.22,68.3,68.3,64.6,143.45,141.64,Clouds,,,,,,,
2026-07-29T12:58:03+00:00,home_001,100.0,2026-07-29T13:03:03.317763+00:00,143.33,153.19,11.44,68.3,68.3,64.6,143.49,144.54,Clouds,,,,,,,
2026-07-29T12:58:05+00:00,home_001,100.0,2026-07-29T13:03:05.535660+00:00,127.85,165.2,12.82,68.3,68.3,64.6,142.25,145.54,Clouds,,,,,,,
2026-07-29T12:58:18+00:00,home_001,100.0,2026-07-29T13:03:18.626885+00:00,131.91,185.91,12.43,68.3,68.3,64.6,142.61,148.57,Clouds,,,,,,,
2026-07-29T12:59:15+00:00,home_001,100.0,2026-07-29T13:04:15.726832+00:00,139.15,172.18,11.78,68.3,68.3,64.6,140.98,145.66,Clouds,,,,,,,
2026-07-29T12:59:18+00:00,home_001,100.0,2026-07-29T13:04:18.280687+00:00,148.61,109.56,11.03,68.3,68.3,64.6,142.56,148.31,Clouds,,,,,,,
2026-07-29T12:59:22+00:00,home_001,100.0,2026-07-29T13:04:22.914660+00:00,145.54,194.24,11.27,68.3,68.3,64.6,135.92,141.83,Clouds,,,,,,,
2026-07-29T12:59:27+00:00,home_001,100.0,2026-07-29T13:04:27.948688+00:00,120.91,155.64,13.56,68.3,68.3,64.6,145.06,137.38,Clouds,,,,,,,
2026-07-29T12:59:32+00:00,home_001,100.0,2026-07-29T13:04:32.887492+00:00,124.25,139.83,13.2,68.3,68.3,64.6,143.84,138.56,Clouds,,,,,,,
2026-07-29T12:59:37+00:00,home_001,100.0,2026-07-29T13:04:37.882640+00:00,113.01,204.29,14.51,68.3,68.3,64.6,154.33,146.71,Clouds,,,,,,,
2026-07-29T12:59:42+00:00,home_001,100.0,2026-07-29T13:04:42.882449+00:00,129.69,104.29,12.64,68.3,68.3,64.6,141.76,138.38,Clouds,,,,,,,
2026-07-29T12:59:47+00:00,home_001,100.0,2026-07-29T13:04:47.879842+00:00,132.94,204.17,12.33,68.3,68.3,64.6,141.82,136.97,Clouds,,,,,,,
2026-07-29T12:59:52+00:00,home_001,100.0,2026-07-29T13:04:52.910993+00:00,136.71,145.1,11.99,68.3,68.3,64.6,144.21,143.42,Clouds,,,,,,,
2026-07-29T12:59:57+00:00,home_001,100.0,2026-07-29T13:04:57.899220+00:00,141.76,90.81,11.57,68.3,68.3,64.6,147.87,145.7,Clouds,,,,,,,
2026-07-29T13:00:02+00:00,home_001,100.0,2026-07-29T13:05:02.908946+00:00,140.77,92.89,11.65,68.3,68.3,64.6,156.4,147.39,Clouds,,,,,,,
2026-07-29T13:00:07+00:00,home_001,100.0,2026-07-29T13:05:07.937572+00:00,135.7,198.53,12.08,68.3,68.3,64.6,143.52,151.31,Clouds,,,,,,,
2026-07-29T13:00:12+00:00,home_001,100.0,2026-07-29T13:05:12.935528+00:00,180.27,165.56,9.09,68.3,68.3,64.6,156.76,153.0,Clouds,,,,,,,
2026-07-29T13:00:17+00:00,home_001,100.0,2026-07-29T13:05:17.949860+00:00,141.53,91.91,11.58,68.3,68.3,64.6,146.82,153.35,Clouds,,,,,,,
2026-07-29T13:00:23+00:00,home_001,100.0,2026-07-29T13:05:23.127463+00:00,138.61,132.35,11.83,68.3,68.3,64.6,153.52,143.81,Clouds,,,,,,,
2026-07-29T13:00:27+00:00,home_001,100.0,2026-07-29T13:05:27.971599+00:00,168.92,97.8,9.71,68.3,68.3,64.6,146.46,143.02,Clouds,,,,,,,
2026-07-29T13:00:33+00:00,home_001,100.0,2026-07-29T13:05:33.037640+00:00,141.61,96.81,11.58,68.3,68.3,64.6,146.23,153.32,Clouds,,,,,,,
2026-07-29T13:00:37+00:00,home_001,100.0,2026-07-29T13:05:37.989121+00:00,146.17,188.97,11.22,68.3,68.3,64.6,146.27,150.22,Clouds,,,,,,,
2026-07-29T13:00:42+00:00,home_001,100.0,2026-07-29T13:05:42.960097+00:00,141.17,171.81,11.61,68.3,68.3,64.6,157.13,153.1,Clouds,,,,,,,
2026-07-29T13:01:19+00:00,home_001,100.0,2026-07-29T13:06:19.225996+00:00,151.21,153.43,10.84,68.3,68.3,64.6,147.16,151.92,Clouds,,,,,,,
2026-07-29T13:01:23+00:00,home_001,100.0,2026-07-29T13:06:23.163376+00:00,131.57,154.78,12.46,68.3,68.3,64.6,148.06,154.53,Clouds,,,,,,,
2026-07-29T13:01:28+00:00,home_001,100.0,2026-07-29T13:06:28.125053+00:00,140.24,173.29,11.69,68.3,68.3,64.6,146.94,148.67,Clouds,,,,,,,
2026-07-29T13:01:33+00:00,home_001,100.0,2026-07-29T13:06:33.115336+00:00,160.72,153.8,10.2,68.3,68.3,64.6,164.03,142.03,Clouds,,,,,,,
2026-07-29T13:01:38+00:00,home_001,100.0,2026-07-29T13:06:38.177681+00:00,140.0,188.97,11.71,68.3,68.3,64.6,143.21,140.6,Clouds,,,,,,,
2026-07-29T13:01:43+00:00,home_001,100.0,2026-07-29T13:06:43.152502+00:00,163.27,135.54,10.04,68.3,68.3,64.6,145.27,148.37,Clouds,,,,,,,
2026-07-29T13:01:48+00:00,home_001,100.0,2026-07-29T13:06:48.158231+00:00,165.75,163.73,9.89,68.3,68.3,64.6,145.04,141.96,Clouds,,,,,,,
2026-07-29T13:01:53+00:00,home_001,100.0,2026-07-29T13:06:53.174535+00:00,168.38,200.61,9.74,68.3,68.3,64.6,143.39,142.94,Clouds,,,,,,,
2026-07-29T13:01:58+00:00,home_001,100.0,2026-07-29T13:06:58.213971+00:00,173.58,96.45,9.45,68.3,68.3,64.6,143.72,147.53,Clouds,,,,,,,
2026-07-29T13:02:03+00:00,home_001,100.0,2026-07-29T13:07:03.176036+00:00,129.62,155.15,12.65,68.3,68.3,64.6,147.44,153.69,Clouds,,,,,,,
2026-07-29T13:02:08+00:00,home_001,100.0,2026-07-29T13:07:08.222008+00:00,159.01,91.79,10.31,68.3,68.3,64.6,144.86,141.92,Clouds,,,,,,,
2026-07-29T13:02:13+00:00,home_001,100.0,2026-07-29T13:07:13.206602+00:00,144.98,162.87,11.31,68.3,68.3,64.6,144.03,146.12,Clouds,,,,,,,
2026-07-29T13:02:18+00:00,home_001,100.0,2026-07-29T13:07:18.203461+00:00,146.17,189.46,11.22,68.3,68.3,64.6,144.51,150.16,Clouds,,,,,,,
2026-07-29T13:02:23+00:00,home_001,100.0,2026-07-29T13:07:23.313585+00:00,175.09,87.13,9.36,68.3,68.3,64.6,145.57,139.74,Clouds,,,,,,,
2026-07-29T13:02:28+00:00,home_001,100.0,2026-07-29T13:07:28.228088+00:00,142.06,162.13,11.54,68.3,68.3,64.6,144.74,145.09,Clouds,,,,,,,
2026-07-29T13:02:33+00:00,home_001,100.0,2026-07-29T13:07:33.239222+00:00,141.93,155.52,11.55,68.3,68.3,64.6,145.0,152.81,Clouds,,,,,,,
2026-07-29T13:02:38+00:00,home_001,100.0,2026-07-29T13:07:38.244763+00:00,118.61,164.71,13.82,68.3,68.3,64.6,146.94,154.71,Clouds,,,,,,,
2026-07-29T13:02:43+00:00,home_001,100.0,2026-07-29T13:07:43.267126+00:00,153.89,177.82,10.65,68.3,68.3,64.6,146.25,145.83,Clouds,,,,,,,
2026-07-29T13:02:48+00:00,home_001,100.0,2026-07-29T13:07:48.304833+00:00,164.32,198.78,9.98,68.3,68.3,64.6,144.09,150.32,Clouds,,,,,,,
2026-07-29T13:02:53+00:00,home_001,100.0,2026-07-29T13:07:53.272828+00:00,154.29,187.26,10.63,68.3,68.3,64.6,147.94,151.97,Clouds,,,,,,,
2026-07-29T13:02:58+00:00,home_001,100.0,2026-07-29T13:07:58.286208+00:00,169.82,108.7,9.65,68.3,68.3,64.6,144.67,146.89,Clouds,,,,,,,
2026-07-29T13:03:03+00:00,home_001,100.0,2026-07-29T13:08:03.316563+00:00,152.13,146.08,10.78,68.3,68.3,64.6,144.78,141.9,Clouds,,,,,,,
2026-07-29T13:03:08+00:00,home_001,100.0,2026-07-29T13:08:08.305701+00:00,140.34,151.35,11.68,68.3,68.3,64.6,144.46,149.76,Clouds,,,,,,,
2026-07-29T13:03:13+00:00,home_001,100.0,2026-07-29T13:08:13.401453+00:00,151.02,85.54,10.86,68.3,68.3,64.6,146.19,150.0,Clouds,,,,,,,
2026-07-29T13:03:18+00:00,home_001,100.0,2026-07-29T13:08:18.323536+00:00,133.0,188.6,12.33,68.3,68.3,64.6,144.74,147.34,Clouds,,,,,,,
2026-07-29T13:03:23+00:00,home_001,100.0,2026-07-29T13:08:23.305806+00:00,154.04,131.37,10.64,68.3,68.3,64.6,145.58,153.45,Clouds,,,,,,,
2026-07-29T13:03:28+00:00,home_001,100.0,2026-07-29T13:08:28.323503+00:00,154.54,94.98,10.61,68.3,68.3,64.6,147.97,143.57,Clouds,,,,,,,
2026-07-29T13:03:33+00:00,home_001,100.0,2026-07-29T13:08:33.345484+00:00,123.4,128.92,13.29,68.3,68.3,64.6,146.8,152.6,Clouds,,,,,,,
2026-07-29T13:03:38+00:00,home_001,100.0,2026-07-29T13:08:38.334071+00:00,160.44,179.9,10.22,68.3,68.3,64.6,159.84,145.11,Clouds,,,,,,,
2026-07-29T13:03:43+00:00,home_001,100.0,2026-07-29T13:08:43.375101+00:00,158.64,105.64,10.34,68.3,68.3,64.6,146.11,143.8,Clouds,,,,,,,
2026-07-29T13:03:48+00:00,home_001,100.0,2026-07-29T13:08:48.379283+00:00,164.73,182.97,9.95,68.3,68.3,64.6,145.35,140.25,Clouds,,,,,,,
2026-07-29T13:03:53+00:00,home_001,100.0,2026-07-29T13:08:53.405191+00:00,155.59,171.81,10.54,68.3,68.3,64.6,144.66,143.94,Clouds,,,,,,,
2026-07-29T13:03:58+00:00,home_001,100.0,2026-07-29T13:08:58.388183+00:00,146.84,187.38,11.17,68.3,68.3,64.6,145.13,149.25,Clouds,,,,,,,
2026-07-29T13:04:03+00:00,home_001,100.0,2026-07-29T13:09:03.377950+00:00,149.16,119.49,10.99,68.3,68.3,64.6,146.27,152.23,Clouds,,,,,,,
2026-07-29T13:04:17+00:00,home_001,100.0,2026-07-29T13:09:17.931689+00:00,133.99,178.8,12.24,68.3,68.3,64.6,146.96,152.13,Clouds,,,,,,,
2026-07-29T13:04:19+00:00,home_001,100.0,2026-07-29T13:09:19.330454+00:00,130.95,160.17,12.52,68.3,68.3,64.6,149.03,156.56,Clouds,,,,,,,
2026-07-29T13:04:23+00:00,home_001,100.0,2026-07-29T13:09:23.402242+00:00,140.26,203.31,11.69,68.3,68.3,64.6,161.11,145.83,Clouds,,,,,,,
2026-07-29T13:04:28+00:00,home_001,100.0,2026-07-29T13:09:28.423307+00:00,152.96,161.15,10.72,68.3,68.3,64.6,132.17,152.05,Clouds,,,,,,,
2026-07-29T13:04:33+00:00,home_001,100.0,2026-07-29T13:09:33.467331+00:00,162.04,86.64,10.12,68.3,68.3,64.6,144.62,139.55,Clouds,,,,,,,
2026-07-29T13:04:38+00:00,home_001,100.0,2026-07-29T13:09:38.494398+00:00,147.93,107.72,11.08,68.3,68.3,64.6,146.0,146.73,Clouds,,,,,,,
2026-07-29T13:04:43+00:00,home_001,100.0,2026-07-29T13:09:43.470323+00:00,117.2,164.22,13.99,68.3,68.3,64.6,144.06,150.45,Clouds,,,,,,,
2026-07-29T13:04:48+00:00,home_001,100.0,2026-07-29T13:09:48.460630+00:00,142.73,202.45,11.49,68.3,68.3,64.6,145.25,150.4,Clouds,,,,,,,
2026-07-29T13:04:53+00:00,home_001,100.0,2026-07-29T13:09:53.527085+00:00,154.93,155.88,10.58,68.3,68.3,64.6,145.33,141.6,Clouds,,,,,,,
2026-07-29T13:04:58+00:00,home_001,100.0,2026-07-29T13:09:58.500659+00:00,149.38,116.55,10.98,68.3,68.3,64.6,146.05,149.33,Clouds,,,,,,,
2026-07-29T13:05:03+00:00,home_001,100.0,2026-07-29T13:10:03.520533+00:00,150.1,202.82,10.92,68.3,68.3,64.6,144.86,144.28,Clouds,,,,,,,
2026-07-29T13:05:08+00:00,home_001,100.0,2026-07-29T13:10:08.534948+00:00,159.99,125.61,10.25,68.3,68.3,64.6,145.46,153.15,Clouds,,,,,,,
2026-07-29T13:05:13+00:00,home_001,100.0,2026-07-29T13:10:13.511643+00:00,135.88,114.34,12.07,68.3,68.3,64.6,144.48,147.0,Clouds,,,,,,,
2026-07-29T13:05:18+00:00,home_001,100.0,2026-07-29T13:10:18.578103+00:00,139.5,102.94,11.75,68.3,68.3,64.6,146.47,146.57,Clouds,,,,,,,
2026-07-29T13:05:23+00:00,home_001,100.0,2026-07-29T13:10:23.590863+00:00,146.44,159.31,11.2,68.3,68.3,64.6,146.28,141.03,Clouds,,,,,,,
2026-07-29T13:05:28+00:00,home_001,100.0,2026-07-29T13:10:28.563455+00:00,147.54,100.25,11.11,68.3,68.3,64.6,145.84,153.8,Clouds,,,,,,,
2026-07-29T13:05:33+00:00,home_001,100.0,2026-07-29T13:10:33.547895+00:00,144.3,112.87,11.36,68.3,68.3,64.6,145.3,150.13,Clouds,,,,,,,
2026-07-29T13:05:38+00:00,home_001,100.0,2026-07-29T13:10:38.578085+00:00,162.73,188.73,10.08,68.3,68.3,64.6,154.81,148.45,Clouds,,,,,,,
2026-07-29T13:05:46+00:00,home_001,100.0,2026-07-29T13:10:46.162210+00:00,163.73,173.53,10.01,68.3,68.3,64.6,147.5,156.71,Clouds,,,,,,,
2026-07-29T13:05:48+00:00,home_001,100.0,2026-07-29T13:10:48.713481+00:00,142.4,94.24,11.51,68.3,68.3,64.6,149.23,140.63,Clouds,,,,,,,
2026-07-29T13:05:53+00:00,home_001,100.0,2026-07-29T13:10:53.659730+00:00,138.44,144.36,11.84,68.3,68.3,64.6,145.09,144.44,Clouds,,,,,,,
2026-07-29T13:06:00+00:00,home_001,100.0,2026-07-29T13:11:00.345663+00:00,154.79,183.7,10.59,68.3,68.3,64.6,145.88,149.16,Clouds,,,,,,,
2026-07-29T13:06:03+00:00,home_001,100.0,2026-07-29T13:11:03.624673+00:00,131.59,169.24,12.46,68.3,68.3,64.6,144.54,148.96,Clouds,,,,,,,
2026-07-29T13:06:08+00:00,home_001,100.0,2026-07-29T13:11:08.655104+00:00,163.11,194.98,10.05,68.3,68.3,64.6,145.97,149.52,Clouds,,,,,,,
2026-07-29T13:06:13+00:00,home_001,100.0,2026-07-29T13:11:13.749764+00:00,146.35,115.32,11.2,68.3,68.3,64.6,145.31,146.42,Clouds,,,,,,,
2026-08-17T11:33:36+00:00,home_001,1.0,2026-08-17T11:38:36.778526+00:00,100.0,100.0,21.6,90.0,90.0,90.0,92.5,92.5,Clear,,,,,,,
2026-08-19T13:17:15+00:00,sample_home,81.0,2026-08-19T13:22:15.853676+00:00,29.25,29.25,3.26,95.5,95.5,95.5,69.31,69.31,Clouds,28.86,0.0,,,,,
2026-08-19T13:22:15+00:00,sample_home,81.0,2026-08-19T13:27:15.853676+00:00,21.85,21.85,4.55,99.3,99.3,96.5,67.69,67.69,Clouds,28.86,0.0,,,,,
2026-08-19T13:27:15+00:00,sample_home,81.0,2026-08-19T13:32:15.853676+00:00,21.39,21.0,4.66,100.0,99.7,97.5,72.05,75.73,Clouds,28.86,0.0,,,,,
2026-08-19T13:32:15+00:00,sample_home,81.0,2026-08-19T13:37:15.853676+00:00,22.7,26.46,4.4,100.0,99.8,98.0,68.2,56.94,Clouds,28.86,0.0,,,,,
2026-08-19T13:37:15+00:00,sample_home,81.0,2026-08-19T13:42:15.853676+00:00,22.28,21.05,4.48,100.0,99.8,99.0,69.7,74.23,Clouds,28.86,0.0,,,,,
2026-08-19T13:42:15+00:00,sample_home,81.0,2026-08-19T13:47:15.853676+00:00,22.62,23.86,4.42,100.0,99.9,99.5,68.4,63.56,Clouds,28.86,0.0,,,,,
2026-08-19T14:02:15+00:00,sample_home,81.0,2026-08-19T14:07:15.853676+00:00,24.95,25.27,4.0,100.0,99.9,103.0,65.8,72.0,Clouds,28.86,0.0,,,,,
2026-08-19T14:07:15+00:00,sample_home,81.0,2026-08-19T14:12:15.853676+00:00,22.51,20.43,4.44,100.0,99.9,103.5,73.06,55.29,Clouds,28.86,0.0,,,,,
2026-08-19T18:02:44+00:00,home_001,89.0,2026-08-19T18:07:44.125047+00:00,9.92,9.92,7.86,78.0,78.0,78.0,38.85,38.85,Clouds,,,,,,,
2026-08-19T19:15:02+00:00,home_001,100.0,2026-08-19T19:20:02.991451+00:00,9.92,9.92,7.86,78.0,78.0,78.0,38.85,38.85,Clouds,,,,,,,
2026-08-19T23:08:45+00:00,home_001,74.0,2026-08-19T23:13:45.135027+00:00,9.92,9.92,7.86,78.0,78.0,78.0,38.85,38.85,Clouds,,,,,,,
2026-08-19T23:17:46+00:00,home_001,74.0,2026-08-19T23:22:46.097965+00:00,9.92,9.92,7.86,78.0,78.0,78.0,38.85,38.85,Clouds,,,,,,,
2026-08-20T10:13:17+00:00,home_001,68.0,2026-08-20T10:18:17.295882+00:00,9.92,9.92,7.86,78.0,78.0,78.0,38.85,38.85,Clouds,,,,,,,
2026-08-22T10:00:00+00:00,debug_test,90.0,2026-08-22T10:05:00+00:00,25.0,25.0,3.6,90.0,90.0,90.0,36.0,36.0,Clouds,28.24,0.0,0,,,,
2026-08-22T14:23:29+00:00,sample_home,90.0,2026-08-22T14:28:29+00:00,22.68,22.68,4.19,95.0,95.0,95.0,54.81,54.81,Clouds,28.24,0.0,0,,,,
2026-08-22T14:23:44+00:00,sample_home,90.0,2026-08-22T14:28:44+00:00,29.61,29.61,3.21,95.1,95.1,95.0,64.51,64.51,Clouds,28.24,0.0,0,,,,
2026-08-22T14:23:59+00:00,sample_home,90.0,2026-08-22T14:28:59+00:00,25.38,21.8,3.75,95.3,95.2,95.0,59.67,55.57,Clouds,28.24,0.0,0,,,,
2026-08-22T14:24:14+00:00,sample_home,90.0,2026-08-22T14:29:14+00:00,24.99,24.19,3.81,95.4,95.3,95.0,60.33,62.58,Clouds,28.24,0.0,0,,,,
2026-08-22T14:25:42+00:00,sample_home,90.0,2026-08-22T14:30:42+00:00,24.47,22.81,3.9,95.9,95.4,95.0,57.51,48.88,Clouds,28.24,0.0,0,,,,
2026-08-22T14:26:04+00:00,sample_home,90.0,2026-08-22T14:31:04+00:00,24.1,22.68,3.96,95.7,95.5,95.0,59.74,68.25,Clouds,28.24,0.0,0,,,,
2026-08-22T14:26:20+00:00,sample_home,90.0,2026-08-22T14:31:20+00:00,24.01,23.69,3.98,95.7,95.5,95.0,61.12,66.72,Clouds,28.24,0.0,0,,,,
2026-08-22T14:26:36+00:00,sample_home,90.0,2026-08-22T14:31:36+00:00,24.52,28.48,3.9,95.7,95.5,95.0,62.48,68.63,Clouds,28.24,0.0,0,,,,
2026-08-22T14:26:53+00:00,sample_home,90.0,2026-08-22T14:31:53+00:00,25.65,30.11,3.73,95.6,95.6,95.0,59.74,53.99,Clouds,28.24,0.0,0,,,,
2026-08-22T14:27:10+00:00,sample_home,90.0,2026-08-22T14:32:10+00:00,24.64,23.81,3.88,95.7,95.6,95.0,62.15,58.14,Clouds,28.24,0.0,0,,,,
2026-08-22T14:27:31+00:00,sample_home,90.0,2026-08-22T14:32:31+00:00,24.53,24.44,3.9,95.8,95.6,95.0,61.64,55.86,Clouds,28.24,0.0,0,,,,
2026-08-22T14:27:48+00:00,sample_home,90.0,2026-08-22T14:32:48+00:00,24.12,20.54,3.96,95.8,95.6,95.0,63.75,59.28,Clouds,28.24,0.0,0,,,,
2026-08-22T14:28:04+00:00,sample_home,90.0,2026-08-22T14:33:04+00:00,26.42,25.96,3.62,95.8,95.6,95.0,56.96,64.22,Clouds,28.24,0.0,0,,,,
2026-08-22T14:28:20+00:00,sample_home,90.0,2026-08-22T14:33:20+00:00,24.29,23.69,3.94,95.8,95.7,95.0,61.33,60.23,Clouds,28.24,0.0,0,,,,
2026-08-22T14:28:39+00:00,sample_home,90.0,2026-08-22T14:33:39+00:00,26.1,29.99,3.67,95.8,95.7,95.0,57.63,64.41,Clouds,28.24,0.0,0,,,,
2026-08-22T14:28:58+00:00,sample_home,90.0,2026-08-22T14:33:58+00:00,24.79,25.33,3.86,95.9,95.7,95.0,58.41,61.75,Clouds,28.24,0.0,0,,,,
2026-08-22T14:29:20+00:00,sample_home,90.0,2026-08-22T14:34:20+00:00,24.53,23.06,3.9,95.9,95.7,95.0,64.26,55.26,Clouds,28.24,0.0,0,,,,
2026-08-22T14:29:41+00:00,sample_home,90.0,2026-08-22T14:34:41+00:00,25.53,20.16,3.75,96.0,95.7,95.0,63.95,62.48,Clouds,28.24,0.0,0,,,,
2026-08-22T14:30:02+00:00,sample_home,90.0,2026-08-22T14:35:02+00:00,24.4,29.23,3.92,95.9,95.7,95.0,57.88,65.48,Clouds,28.24,0.0,0,,,,
2026-08-22T14:30:26+00:00,sample_home,90.0,2026-08-22T14:35:26+00:00,26.03,25.33,3.68,96.0,95.8,95.0,58.99,63.58,Clouds,28.24,0.0,0,,,,
2026-08-22T14:30:45+00:00,sample_home,90.0,2026-08-22T14:35:45+00:00,24.6,29.61,3.89,95.9,95.8,95.0,59.81,61.69,Clouds,28.24,0.0,0,,,,
2026-08-22T14:31:05+00:00,sample_home,90.0,2026-08-22T14:36:05+00:00,24.25,29.99,3.95,95.9,95.8,95.0,58.94,52.2,Clouds,28.24,0.0,0,,,,
2026-08-22T14:31:23+00:00,sample_home,90.0,2026-08-22T14:36:23+00:00,25.7,24.95,3.73,96.0,95.8,95.0,61.19,64.15,Clouds,28.24,0.0,0,,,,
2026-08-22T14:31:45+00:00,sample_home,90.0,2026-08-22T14:36:45+00:00,26.17,27.34,3.66,95.9,95.8,95.0,60.69,50.87,Clouds,28.24,0.0,0,,,,
2026-08-22T14:32:01+00:00,sample_home,90.0,2026-08-22T14:37:01+00:00,25.97,27.59,3.69,95.9,95.8,95.0,59.22,62.98,Clouds,28.24,0.0,0,,,,
2026-08-22T14:32:19+00:00,sample_home,90.0,2026-08-22T14:37:19+00:00,25.28,22.43,3.79,96.0,95.8,95.0,63.66,66.77,Clouds,28.24,0.0,0,,,,
2026-08-22T14:32:41+00:00,sample_home,90.0,2026-08-22T14:37:41+00:00,23.07,29.48,4.15,95.9,95.8,95.0,58.22,51.6,Clouds,28.24,0.0,0,,,,
2026-08-22T14:33:01+00:00,sample_home,90.0,2026-08-22T14:38:01+00:00,26.12,24.7,3.67,95.9,95.8,95.0,62.49,50.43,Clouds,28.24,0.0,0,,,,
2026-08-22T14:33:27+00:00,sample_home,90.0,2026-08-22T14:38:27+00:00,26.99,26.84,3.55,96.1,95.8,95.0,61.74,64.65,Clouds,28.24,0.0,0,,,,
2026-08-22T14:33:46+00:00,sample_home,90.0,2026-08-22T14:38:46+00:00,27.06,28.35,3.54,96.0,95.8,95.0,61.28,60.1,Clouds,28.24,0.0,0,,,,
2026-08-22T14:34:06+00:00,sample_home,90.0,2026-08-22T14:39:06+00:00,26.73,25.45,3.58,96.0,95.8,95.0,62.59,62.19,Clouds,28.24,0.0,0,,,,
2026-08-22T14:34:22+00:00,sample_home,90.0,2026-08-22T14:39:22+00:00,25.17,22.3,3.81,96.0,95.8,95.0,62.05,57.26,Clouds,28.24,0.0,0,,,,
2026-08-22T14:34:44+00:00,sample_home,90.0,2026-08-22T14:39:44+00:00,25.59,23.69,3.75,96.0,95.8,95.0,61.09,54.23,Clouds,28.24,0.0,0,,,,
2026-08-22T14:35:04+00:00,sample_home,90.0,2026-08-22T14:40:04+00:00,25.25,25.2,3.8,96.0,95.8,95.0,60.38,60.45,Clouds,28.24,0.0,0,,,,
2026-08-22T14:35:21+00:00,sample_home,90.0,2026-08-22T14:40:21+00:00,24.06,28.35,3.98,95.9,95.8,95.0,55.72,49.27,Clouds,28.24,0.0,0,,,,
2026-08-22T14:35:40+00:00,sample_home,90.0,2026-08-22T14:40:40+00:00,24.03,23.06,3.99,96.0,95.9,95.0,59.04,55.71,Clouds,28.24,0.0,0,,,,
2026-08-22T14:35:58+00:00,sample_home,90.0,2026-08-22T14:40:58+00:00,25.32,22.81,3.79,96.0,95.9,95.0,60.36,59.69,Clouds,28.24,0.0,0,,,,
2026-08-22T14:36:16+00:00,sample_home,90.0,2026-08-22T14:41:16+00:00,25.22,21.55,3.8,96.1,95.9,95.0,61.51,60.8,Clouds,28.24,0.0,0,,,,
2026-08-22T14:36:36+00:00,sample_home,90.0,2026-08-22T14:41:36+00:00,22.81,21.92,4.2,96.0,95.9,95.0,59.63,47.92,Clouds,28.24,0.0,0,,,,
2026-08-22T14:36:55+00:00,sample_home,90.0,2026-08-22T14:41:55+00:00,24.59,21.92,3.9,96.1,95.9,95.0,57.8,65.53,Clouds,28.24,0.0,0,,,,
2026-08-22T14:37:21+00:00,sample_home,90.0,2026-08-22T14:42:21+00:00,26.82,30.11,3.57,96.1,95.9,95.0,59.21,64.58,Clouds,28.24,0.0,0,,,,
2026-08-22T14:37:45+00:00,sample_home,90.0,2026-08-22T14:42:45+00:00,26.26,26.71,3.65,96.1,95.9,95.0,61.34,60.04,Clouds,28.24,0.0,0,,,,
2026-08-22T14:38:05+00:00,sample_home,90.0,2026-08-22T14:43:05+00:00,26.37,29.11,3.64,96.1,95.9,95.0,59.83,58.3,Clouds,28.24,0.0,0,,,,
2026-08-22T14:38:22+00:00,sample_home,90.0,2026-08-22T14:43:22+00:00,26.71,25.7,3.59,96.0,95.9,95.0,60.6,57.36,Clouds,28.24,0.0,0,,,,
2026-08-22T14:38:41+00:00,sample_home,90.0,2026-08-22T14:43:41+00:00,23.67,27.47,4.05,96.0,95.9,95.0,56.31,49.79,Clouds,28.24,0.0,0,,,,
2026-08-22T14:38:56+00:00,sample_home,90.0,2026-08-22T14:43:56+00:00,26.96,22.18,3.56,96.1,95.9,95.0,60.83,65.31,Clouds,28.24,0.0,0,,,,
2026-08-22T14:39:20+00:00,sample_home,90.0,2026-08-22T14:44:20+00:00,24.56,30.11,3.91,96.1,95.9,95.0,61.13,54.68,Clouds,28.24,0.0,0,,,,
2026-08-22T14:39:43+00:00,sample_home,90.0,2026-08-22T14:44:43+00:00,25.69,20.54,3.73,96.1,95.9,95.0,59.47,58.65,Clouds,28.24,0.0,0,,,,
2026-08-22T14:40:07+00:00,sample_home,90.0,2026-08-22T14:45:07+00:00,28.7,23.31,3.34,96.2,95.9,95.0,60.98,64.14,Clouds,28.24,0.0,0,,,,
2026-08-22T14:40:24+00:00,sample_home,90.0,2026-08-22T14:45:24+00:00,26.09,26.96,3.68,96.1,95.9,95.0,59.06,63.19,Clouds,28.24,0.0,0,,,,
2026-08-22T14:40:45+00:00,sample_home,90.0,2026-08-22T14:45:45+00:00,28.07,29.86,3.42,96.1,95.9,95.0,60.07,64.9,Clouds,28.24,0.0,0,,,,
2026-08-22T14:41:10+00:00,sample_home,90.0,2026-08-22T14:46:10+00:00,25.89,23.81,3.71,96.1,95.9,95.0,63.47,52.38,Clouds,28.24,0.0,0,,,,
2026-08-22T14:41:41+00:00,sample_home,90.0,2026-08-22T14:46:41+00:00,25.89,27.22,3.71,96.2,95.9,95.0,58.88,62.21,Clouds,28.24,0.0,0,,,,
2026-08-22T14:42:04+00:00,sample_home,90.0,2026-08-22T14:47:04+00:00,25.22,30.11,3.8,96.1,95.9,95.0,56.77,57.46,Clouds,28.24,0.0,0,,,,
2026-08-22T14:42:25+00:00,sample_home,90.0,2026-08-22T14:47:25+00:00,23.3,24.95,4.12,96.1,95.9,95.0,61.16,51.03,Clouds,28.24,0.0,0,,,,
2026-08-22T14:42:43+00:00,sample_home,90.0,2026-08-22T14:47:43+00:00,26.07,26.21,3.68,96.0,95.9,95.0,58.44,47.82,Clouds,28.24,0.0,0,,,,
2026-08-22T14:42:59+00:00,sample_home,90.0,2026-08-22T14:47:59+00:00,23.63,28.6,4.06,96.0,95.9,95.0,57.05,47.82,Clouds,28.24,0.0,0,,,,
2026-08-22T14:43:18+00:00,sample_home,90.0,2026-08-22T14:48:18+00:00,27.19,29.36,3.53,96.0,95.9,95.0,57.48,60.45,Clouds,28.24,0.0,0,,,,
2026-08-22T14:43:38+00:00,sample_home,90.0,2026-08-22T14:48:38+00:00,25.38,20.29,3.78,96.1,95.9,95.0,60.51,51.76,Clouds,28.24,0.0,0,,,,
2026-08-22T14:43:59+00:00,sample_home,90.0,2026-08-22T14:48:59+00:00,25.56,21.67,3.75,96.2,96.0,95.0,60.4,60.64,Clouds,28.24,0.0,0,,,,
2026-08-22T14:45:07+00:00,sample_home,90.0,2026-08-22T14:50:07+00:00,25.83,28.22,3.72,96.5,96.0,95.0,55.1,57.58,Clouds,28.24,0.0,0,,,,
2026-08-22T14:45:51+00:00,sample_home,90.0,2026-08-22T14:50:51+00:00,27.07,29.11,3.55,96.4,96.0,95.0,58.61,62.49,Clouds,28.24,0.0,0,,,,
2026-08-22T14:46:12+00:00,sample_home,90.0,2026-08-22T14:51:12+00:00,27.84,25.96,3.45,96.2,96.0,95.0,60.08,63.22,Clouds,28.24,0.0,0,,,,
2026-08-22T14:46:30+00:00,sample_home,90.0,2026-08-22T14:51:30+00:00,27.57,29.99,3.48,96.1,95.9,95.0,59.29,48.12,Clouds,28.24,0.0,0,,,,
2026-08-22T14:46:52+00:00,sample_home,90.0,2026-08-22T14:51:52+00:00,23.29,22.43,4.12,96.1,95.9,95.0,60.22,45.29,Clouds,28.24,0.0,0,,,,
2026-08-22T14:47:14+00:00,sample_home,90.0,2026-08-22T14:52:14+00:00,25.09,25.83,3.83,96.1,96.0,95.0,54.95,49.06,Clouds,28.24,0.0,0,,,,
2026-08-22T14:47:35+00:00,sample_home,90.0,2026-08-22T14:52:35+00:00,27.03,20.41,3.55,96.2,96.0,95.0,57.4,53.02,Clouds,28.24,0.0,0,,,,
2026-08-22T15:25:53+00:00,sample_home,94.0,2026-08-22T15:30:53+00:00,434.4,434.4,0.0,95.0,95.0,95.0,47.88,47.88,Clouds,27.75,0.0,1,,,,
2026-08-22T15:26:08+00:00,sample_home,94.0,2026-08-22T15:31:08+00:00,566.4,566.4,0.0,95.0,95.0,95.0,41.2,41.2,Clouds,27.75,0.0,1,23.3,132.0,16.2,-6.68
2026-08-22T15:26:22+00:00,sample_home,94.0,2026-08-22T15:31:22+00:00,522.21,484.8,0.0,95.1,95.1,95.0,42.11,42.87,Clouds,27.75,0.0,1,16.8,-81.6,3.9,1.67
2026-08-22T15:26:29+00:00,sample_home_2,94.0,2026-08-22T15:31:29+00:00,556.8,556.8,0.0,95.0,95.0,95.0,38.42,38.42,Clouds,27.75,0.0,0,,,,
2026-08-22T15:26:37+00:00,sample_home,94.0,2026-08-22T15:31:37+00:00,489.79,400.8,0.0,95.2,95.1,95.0,41.99,41.57,Clouds,27.75,0.0,1,30.3,-121.41,1.3,-0.53
2026-08-22T15:26:44+00:00,sample_home_2,94.0,2026-08-22T15:31:44+00:00,494.4,494.4,0.0,95.1,95.1,95.0,48.81,48.81,Clouds,27.75,0.0,0,12.6,-62.4,21.3,10.39
2026-08-22T15:26:51+00:00,sample_home,94.0,2026-08-22T15:31:51+00:00,506.8,556.8,0.0,95.2,95.1,95.0,42.3,43.24,Clouds,27.75,0.0,1,12.0,67.01,2.9,1.26
2026-08-22T15:26:59+00:00,sample_home_2,94.0,2026-08-22T15:31:59+00:00,476.2,460.8,0.0,95.2,95.1,95.0,45.8,43.24,Clouds,27.75,0.0,0,7.3,-33.6,12.9,-5.57
2026-08-22T15:27:06+00:00,sample_home,94.0,2026-08-22T15:32:06+00:00,487.24,412.8,0.0,95.2,95.1,95.0,42.64,43.96,Clouds,27.75,0.0,1,22.8,-94.0,3.8,1.67
2026-08-22T15:27:13+00:00,sample_home_2,94.0,2026-08-22T15:32:13+00:00,472.47,463.2,0.0,95.2,95.2,95.0,44.1,39.51,Clouds,27.75,0.0,0,2.8,-13.0,15.9,-6.29
2026-08-22T15:27:21+00:00,sample_home,94.0,2026-08-22T15:32:21+00:00,491.16,508.8,0.0,95.2,95.2,95.0,43.61,47.67,Clouds,27.75,0.0,1,4.2,21.56,10.6,5.03
2026-08-22T15:27:28+00:00,sample_home_2,94.0,2026-08-22T15:32:28+00:00,494.69,561.6,0.0,95.2,95.2,95.0,45.24,48.6,Clouds,27.75,0.0,0,15.9,89.13,9.3,4.5
2026-08-22T15:27:36+00:00,sample_home,94.0,2026-08-22T15:32:36+00:00,480.29,460.8,0.0,95.3,95.2,95.0,44.5,48.6,Clouds,27.75,0.0,1,6.6,-30.36,10.3,4.99
2026-08-22T15:27:43+00:00,sample_home_2,94.0,2026-08-22T15:32:43+00:00,507.69,556.8,0.0,95.3,95.2,95.0,46.06,49.16,Clouds,27.75,0.0,0,11.2,62.11,8.0,3.91
2026-08-22T15:27:51+00:00,sample_home,94.0,2026-08-22T15:32:51+00:00,502.2,566.4,0.0,95.2,95.2,95.0,45.1,45.26,Clouds,27.75,0.0,1,15.2,86.11,1.7,0.76
2026-08-22T15:27:57+00:00,sample_home_2,94.0,2026-08-22T15:32:57+00:00,515.55,549.6,0.0,95.3,95.2,95.0,46.76,49.71,Clouds,27.75,0.0,0,7.6,41.91,7.4,3.66
2026-08-22T15:28:06+00:00,sample_home,94.0,2026-08-22T15:33:06+00:00,492.07,475.2,0.0,95.2,95.2,95.0,44.25,38.56,Clouds,27.75,0.0,1,5.7,-27.0,16.9,-6.54
2026-08-22T15:28:12+00:00,sample_home_2,94.0,2026-08-22T15:33:12+00:00,493.82,393.6,0.0,95.3,95.2,95.0,45.78,38.93,Clouds,27.75,0.0,0,31.0,-121.95,20.1,-7.83
2026-08-22T16:07:48+00:00,sample_home,94.0,2026-08-22T16:12:48+00:00,490.4,540.0,125.73,94.7,95.1,95.0,41.62,27.63,Clouds,27.31,0.0,1,8.9,47.93,60.1,-16.62
2026-08-22T16:08:14+00:00,sample_home,94.0,2026-08-22T16:13:14+00:00,501.17,566.4,0.0,95.1,95.0,95.0,39.25,30.53,Clouds,27.31,0.0,1,13.4,76.0,36.3,-11.09
2026-08-22T16:08:39+00:00,sample_home,94.0,2026-08-22T16:13:39+00:00,510.08,571.2,0.0,95.1,95.1,95.0,40.52,37.98,Clouds,27.31,0.0,1,12.3,70.03,3.4,-1.27
2026-08-22T16:09:29+00:00,sample_home,94.0,2026-08-22T16:14:29+00:00,515.38,499.2,0.0,95.1,95.1,95.0,33.59,27.06,Clouds,27.31,0.0,1,2.2,-10.88,49.7,-13.46
2026-08-22T16:09:53+00:00,sample_home,94.0,2026-08-22T16:14:53+00:00,509.35,439.2,0.0,95.1,95.1,95.0,31.74,27.06,Clouds,27.31,0.0,1,17.3,-76.18,24.1,-6.53
2026-08-22T16:10:19+00:00,sample_home,94.0,2026-08-22T16:15:19+00:00,503.17,460.8,0.0,95.2,95.1,95.0,32.8,35.76,Clouds,27.31,0.0,1,10.5,-48.55,11.2,4.01
2026-08-22T16:10:44+00:00,sample_home,94.0,2026-08-22T16:15:44+00:00,494.58,513.6,0.0,95.1,95.1,95.0,36.43,30.49,Clouds,27.31,0.0,1,2.0,10.43,7.6,-2.31
2026-08-22T16:11:09+00:00,sample_home,94.0,2026-08-22T16:16:09+00:00,495.18,405.6,0.0,95.2,95.1,95.0,30.4,28.3,Clouds,27.31,0.0,1,21.9,-88.98,28.7,-8.13
2026-08-22T16:11:34+00:00,sample_home,94.0,2026-08-22T16:16:34+00:00,484.78,559.2,0.0,95.2,95.1,95.0,32.97,33.2,Clouds,27.31,0.0,1,11.4,64.02,8.4,2.79
2026-08-22T16:11:56+00:00,sample_home,94.0,2026-08-22T16:16:56+00:00,499.7,436.8,0.0,95.2,95.1,95.0,33.72,31.56,Clouds,27.31,0.0,1,11.0,-47.98,4.5,-1.41
2026-08-22T16:12:14+00:00,sample_home,94.0,2026-08-22T16:17:14+00:00,487.3,568.8,0.0,95.2,95.1,95.0,32.73,36.44,Clouds,27.31,0.0,1,12.1,69.1,7.5,2.72
2026-08-22T16:12:46+00:00,sample_home,94.0,2026-08-22T16:17:46+00:00,489.76,516.0,377.41,95.1,95.1,95.0,33.29,26.83,Clouds,27.31,0.0,1,5.6,28.7,22.0,-5.9
2026-08-22T16:13:02+00:00,sample_home,94.0,2026-08-22T16:18:02+00:00,491.75,552.0,0.0,95.1,95.1,95.0,30.39,29.55,Clouds,27.31,0.0,1,11.3,62.24,12.6,-3.74
2026-08-22T16:13:18+00:00,sample_home,94.0,2026-08-22T16:18:18+00:00,516.94,477.6,0.0,95.1,95.1,95.0,30.23,27.74,Clouds,27.31,0.0,1,3.0,-14.15,9.6,-2.65
2026-08-22T16:13:34+00:00,sample_home,94.0,2026-08-22T16:18:34+00:00,490.89,398.4,0.0,95.1,95.1,95.0,32.13,30.46,Clouds,27.31,0.0,1,29.8,-118.54,0.8,0.23
2026-08-22T16:13:49+00:00,sample_home,94.0,2026-08-22T16:18:49+00:00,483.91,513.6,188.71,95.1,95.1,95.0,30.27,26.47,Clouds,27.31,0.0,1,4.4,22.71,21.4,-5.66
2026-08-22T16:14:05+00:00,sample_home,94.0,2026-08-22T16:19:05+00:00,472.33,506.4,0.0,95.1,95.1,95.0,29.61,35.15,Clouds,27.31,0.0,1,4.4,22.49,13.9,4.88
2026-08-22T16:14:28+00:00,sample_home,94.0,2026-08-22T16:19:28+00:00,471.76,508.8,0.0,95.2,95.1,95.0,27.45,34.25,Clouds,27.31,0.0,1,7.2,36.47,13.5,4.63
2026-08-22T16:14:45+00:00,sample_home,94.0,2026-08-22T16:19:45+00:00,481.86,508.8,0.0,95.2,95.1,95.0,33.33,32.25,Clouds,27.31,0.0,1,7.3,37.04,14.9,4.8
2026-08-22T16:15:06+00:00,sample_home,94.0,2026-08-22T16:20:06+00:00,502.12,568.8,754.85,95.1,95.1,95.0,34.31,29.7,Clouds,27.31,0.0,1,15.3,86.94,12.2,-3.63
2026-08-22T16:15:26+00:00,sample_home,94.0,2026-08-22T16:20:26+00:00,499.44,408.0,0.0,95.1,95.1,95.0,33.7,25.54,Clouds,27.31,0.0,1,23.1,-94.12,34.4,-8.77
2026-08-22T16:15:44+00:00,sample_home,94.0,2026-08-22T16:20:44+00:00,479.78,535.2,0.0,95.2,95.1,95.0,30.26,31.87,Clouds,27.31,0.0,1,6.7,35.76,5.7,-1.83
2026-08-22T16:16:03+00:00,sample_home,94.0,2026-08-22T16:21:03+00:00,485.1,576.0,20.4,95.1,95.1,95.0,32.53,25.52,Clouds,27.31,0.0,1,16.7,96.22,18.6,-4.74
2026-08-22T16:16:27+00:00,sample_home,94.0,2026-08-22T16:21:27+00:00,512.31,453.6,0.0,95.1,95.1,95.0,29.19,27.33,Clouds,27.31,0.0,1,6.9,-31.5,19.0,-5.2
2026-08-22T16:16:47+00:00,sample_home,94.0,2026-08-22T16:21:47+00:00,486.35,566.4,29.03,95.1,95.1,95.0,28.61,26.43,Clouds,27.31,0.0,1,9.6,54.09,10.5,-2.77
2026-08-22T16:17:05+00:00,sample_home,94.0,2026-08-22T16:22:05+00:00,508.5,480.0,0.0,95.1,95.1,95.0,28.74,29.85,Clouds,27.31,0.0,1,1.3,-6.35,4.2,1.24
2026-08-22T16:17:24+00:00,sample_home,94.0,2026-08-22T16:22:24+00:00,486.32,405.6,0.0,95.2,95.1,95.0,25.68,33.83,Clouds,27.31,0.0,1,25.4,-102.9,15.0,5.09
2026-08-22T16:17:43+00:00,sample_home,94.0,2026-08-22T16:22:43+00:00,445.53,388.8,0.0,95.2,95.2,95.0,31.58,33.1,Clouds,27.31,0.0,1,25.1,-97.52,22.4,7.43
2026-08-22T16:18:02+00:00,sample_home,94.0,2026-08-22T16:23:02+00:00,491.81,549.6,68.63,95.2,95.1,95.0,30.33,27.48,Clouds,27.31,0.0,1,18.9,104.07,14.9,-4.09
2026-08-22T16:18:20+00:00,sample_home,94.0,2026-08-22T16:23:20+00:00,513.31,576.0,58.07,95.1,95.1,95.0,28.95,28.57,Clouds,27.31,0.0,1,14.6,84.19,6.2,-1.76
2026-08-22T16:18:38+00:00,sample_home,94.0,2026-08-22T16:23:38+00:00,533.41,499.2,58.07,95.1,95.1,95.0,29.32,24.59,Clouds,27.31,0.0,1,2.8,-14.11,17.7,-4.36
2026-08-22T16:18:56+00:00,sample_home,94.0,2026-08-22T16:23:56+00:00,475.69,532.8,0.0,95.2,95.2,95.0,32.2,34.71,Clouds,27.31,0.0,1,0.1,-0.61,15.5,5.39
2026-08-22T16:19:13+00:00,sample_home,94.0,2026-08-22T16:24:13+00:00,459.26,496.8,0.0,95.2,95.2,95.0,33.79,34.33,Clouds,27.31,0.0,1,4.2,21.11,6.2,2.13
2026-08-22T16:19:59+00:00,sample_home,94.0,2026-08-22T16:24:59+00:00,483.72,492.0,0.0,95.2,95.2,95.0,32.0,31.44,Clouds,27.31,0.0,1,6.7,32.74,7.5,-2.34
2026-08-22T16:20:16+00:00,sample_home,94.0,2026-08-22T16:25:16+00:00,520.78,477.6,0.0,95.2,95.1,95.0,33.73,25.1,Clouds,27.31,0.0,1,1.3,-6.12,27.5,-6.89
2026-08-22T16:20:40+00:00,sample_home,94.0,2026-08-22T16:25:40+00:00,486.64,513.6,0.0,95.2,95.1,95.0,31.15,27.81,Clouds,27.31,0.0,1,1.4,-7.18,21.3,-5.92
2026-08-22T16:20:57+00:00,sample_home,94.0,2026-08-22T16:25:57+00:00,518.09,446.4,0.0,95.2,95.2,95.0,30.65,28.54,Clouds,27.31,0.0,1,9.0,-40.24,9.2,-2.61
2026-08-22T16:21:12+00:00,sample_home,94.0,2026-08-22T16:26:12+00:00,460.64,451.2,0.0,95.2,95.2,95.0,34.02,33.75,Clouds,27.31,0.0,1,14.8,-66.89,9.2,3.1
2026-08-22T16:21:27+00:00,sample_home,94.0,2026-08-22T16:26:27+00:00,484.73,518.4,0.0,95.2,95.2,95.0,30.45,32.85,Clouds,27.31,0.0,1,11.1,57.76,3.6,-1.17
2026-08-22T16:21:44+00:00,sample_home,94.0,2026-08-22T16:26:44+00:00,491.4,386.4,0.0,95.2,95.2,95.0,34.89,25.99,Clouds,27.31,0.0,1,25.4,-98.33,17.2,-4.46
2026-08-22T16:22:00+00:00,sample_home,94.0,2026-08-22T16:27:00+00:00,505.35,547.2,0.0,95.2,95.2,95.0,29.07,28.86,Clouds,27.31,0.0,1,10.2,55.8,20.9,-6.02
2026-08-22T16:22:16+00:00,sample_home,94.0,2026-08-22T16:27:16+00:00,518.98,396.0,0.0,95.2,95.2,95.0,30.74,28.68,Clouds,27.31,0.0,1,27.6,-109.35,1.3,-0.38
2026-08-22T16:22:33+00:00,sample_home,94.0,2026-08-22T16:27:33+00:00,458.95,547.2,0.0,95.2,95.2,95.0,28.79,30.67,Clouds,27.31,0.0,1,5.2,28.22,0.2,-0.07
2026-08-22T16:22:50+00:00,sample_home,94.0,2026-08-22T16:27:50+00:00,456.09,530.4,0.0,95.2,95.2,95.0,33.34,33.55,Clouds,27.31,0.0,1,13.5,71.45,14.2,4.76
2026-08-22T16:23:10+00:00,sample_home,94.0,2026-08-22T16:28:10+00:00,465.94,513.6,0.0,95.2,95.2,95.0,31.26,32.63,Clouds,27.31,0.0,1,11.2,57.51,2.2,-0.7
2026-08-22T16:23:30+00:00,sample_home,94.0,2026-08-22T16:28:30+00:00,473.58,556.8,0.0,95.2,95.2,95.0,30.77,30.47,Clouds,27.31,0.0,1,16.3,90.86,2.6,-0.79
2026-08-22T16:25:09+00:00,sample_home,94.0,2026-08-22T16:30:09+00:00,496.33,472.8,0.0,95.3,95.2,95.0,33.8,30.8,Clouds,27.31,0.0,1,0.2,-0.78,0.1,0.03
2026-08-22T16:25:25+00:00,sample_home,94.0,2026-08-22T16:30:25+00:00,509.06,477.6,0.0,95.2,95.2,95.0,33.11,26.11,Clouds,27.31,0.0,1,3.9,-18.73,29.4,-7.69
2026-08-22T16:25:45+00:00,sample_home,94.0,2026-08-22T16:30:45+00:00,492.63,492.0,0.0,95.2,95.2,95.0,30.82,28.64,Clouds,27.31,0.0,1,3.5,-17.06,15.6,-4.47
2026-08-22T16:26:01+00:00,sample_home,94.0,2026-08-22T16:31:01+00:00,492.23,470.4,0.0,95.2,95.2,95.0,30.16,28.44,Clouds,27.31,0.0,1,4.7,-22.23,8.4,-2.38
2026-08-22T16:26:25+00:00,sample_home,94.0,2026-08-22T16:31:25+00:00,515.0,554.4,20.41,95.1,95.1,95.0,27.6,24.48,Clouds,27.31,0.0,1,11.2,62.17,23.2,-5.68
2026-08-22T16:27:35+00:00,sample_home,94.0,2026-08-22T16:32:35+00:00,498.48,530.4,0.0,95.1,95.1,95.0,22.19,28.24,Clouds,27.31,0.0,1,2.9,15.4,2.3,0.65
2026-08-22T16:28:00+00:00,sample_home,94.0,2026-08-22T16:33:00+00:00,492.29,506.4,0.0,95.2,95.2,95.0,29.31,30.57,Clouds,27.31,0.0,1,1.6,7.92,27.4,8.38
2026-08-22T16:28:22+00:00,sample_home,94.0,2026-08-22T16:33:22+00:00,490.59,542.4,0.0,95.2,95.2,95.0,30.56,30.75,Clouds,27.31,0.0,1,9.2,50.11,4.7,1.44
2026-08-22T16:28:37+00:00,sample_home,94.0,2026-08-22T16:33:37+00:00,544.63,496.8,125.88,95.2,95.2,95.0,28.89,25.35,Clouds,27.31,0.0,1,1.2,6.21,20.6,-5.21
2026-08-22T16:28:54+00:00,sample_home,94.0,2026-08-22T16:33:54+00:00,510.23,432.0,0.0,95.2,95.2,95.0,27.8,30.93,Clouds,27.31,0.0,1,26.1,-112.63,6.6,2.04
2026-08-22T16:29:12+00:00,sample_home,94.0,2026-08-22T16:34:12+00:00,489.76,460.8,0.0,95.2,95.2,95.0,30.07,30.37,Clouds,27.31,0.0,1,10.7,-49.43,8.5,2.57
2026-08-22T16:29:33+00:00,sample_home,94.0,2026-08-22T16:34:33+00:00,499.42,573.6,0.0,95.2,95.2,95.0,30.16,30.91,Clouds,27.31,0.0,1,14.6,83.84,2.7,0.84
2026-08-22T16:29:56+00:00,sample_home,94.0,2026-08-22T16:34:56+00:00,512.93,492.0,44.42,95.2,95.1,95.0,29.79,23.72,Clouds,27.31,0.0,1,1.5,-7.42,27.2,-6.44
2026-08-22T16:30:16+00:00,sample_home,94.0,2026-08-22T16:35:16+00:00,512.67,463.2,62.92,95.1,95.1,95.0,28.08,22.81,Clouds,27.31,0.0,1,10.7,-49.73,30.6,-6.98
2026-08-22T16:30:35+00:00,sample_home,94.0,2026-08-22T16:35:35+00:00,501.38,422.4,0.0,95.2,95.1,95.0,27.45,24.25,Clouds,27.31,0.0,1,21.4,-90.27,15.8,-3.84
2026-08-22T16:30:54+00:00,sample_home,94.0,2026-08-22T16:35:54+00:00,513.37,530.4,31.46,95.1,95.1,95.0,24.92,24.79,Clouds,27.31,0.0,1,5.5,29.02,10.7,-2.66
2026-08-22T16:31:18+00:00,sample_home,94.0,2026-08-22T16:36:18+00:00,558.14,559.2,13.48,95.1,95.1,95.0,23.52,22.26,Clouds,27.31,0.0,1,8.2,45.83,11.9,-2.66
2026-08-22T16:31:44+00:00,sample_home,94.0,2026-08-22T16:36:44+00:00,528.79,561.6,16.06,95.1,95.1,95.0,24.99,23.52,Clouds,27.31,0.0,1,0.6,3.46,0.0,-0.0
2026-08-22T16:32:03+00:00,sample_home,94.0,2026-08-22T16:37:03+00:00,537.98,403.2,0.0,95.1,95.1,95.0,24.53,21.71,Clouds,27.31,0.0,1,31.1,-125.59,15.1,-3.28
2026-08-22T16:32:24+00:00,sample_home,94.0,2026-08-22T16:37:24+00:00,494.81,441.6,0.0,95.2,95.1,95.0,26.46,26.73,Clouds,27.31,0.0,1,21.8,-96.38,8.2,2.2
2026-08-22T16:32:49+00:00,sample_home,94.0,2026-08-22T16:37:49+00:00,448.36,386.4,0.0,95.2,95.2,95.0,26.41,25.83,Clouds,27.31,0.0,1,28.1,-108.41,2.4,-0.63
2026-08-22T16:33:11+00:00,sample_home,94.0,2026-08-22T16:38:11+00:00,440.37,448.8,0.0,95.2,95.2,95.0,27.37,27.61,Clouds,27.31,0.0,1,0.1,0.44,4.4,1.2
2026-08-22T16:35:09+00:00,sample_home,94.0,2026-08-22T16:40:09+00:00,510.57,494.4,0.0,95.2,95.2,95.0,24.83,27.58,Clouds,27.31,0.0,1,10.9,54.03,0.8,0.21
2026-08-22T16:35:30+00:00,sample_home,94.0,2026-08-22T16:40:30+00:00,507.85,496.8,188.83,95.2,95.2,95.0,25.28,25.61,Clouds,27.31,0.0,1,2.8,-13.77,3.1,0.78
2026-08-22T16:35:48+00:00,sample_home,94.0,2026-08-22T16:40:48+00:00,477.62,439.2,0.0,95.2,95.2,95.0,26.86,27.04,Clouds,27.31,0.0,1,15.6,-68.65,6.5,1.76
2026-08-22T16:36:08+00:00,sample_home,94.0,2026-08-22T16:41:08+00:00,461.57,525.6,0.0,95.2,95.2,95.0,26.58,27.75,Clouds,27.31,0.0,1,9.1,47.98,3.2,0.88
2026-08-22T16:36:27+00:00,sample_home,94.0,2026-08-22T16:41:27+00:00,492.32,516.0,0.0,95.2,95.2,95.0,27.22,28.82,Clouds,27.31,0.0,1,10.5,54.43,7.8,2.23
2026-08-22T16:36:51+00:00,sample_home,94.0,2026-08-22T16:41:51+00:00,546.66,540.0,12.8,95.1,95.1,95.0,23.47,20.94,Clouds,27.31,0.0,1,8.8,47.68,29.9,-6.27
2026-08-22T16:37:15+00:00,sample_home,94.0,2026-08-22T16:42:15+00:00,479.22,398.4,0.0,95.2,95.2,95.0,28.17,26.3,Clouds,27.31,0.0,1,37.2,-148.26,10.8,2.83
2026-08-22T16:37:32+00:00,sample_home,94.0,2026-08-22T16:42:32+00:00,446.11,400.8,0.0,95.2,95.2,95.0,26.26,24.87,Clouds,27.31,0.0,1,19.6,-78.42,13.3,-3.3
2026-08-22T16:37:54+00:00,sample_home,94.0,2026-08-22T16:42:54+00:00,469.4,576.0,12.58,95.1,95.1,95.0,25.28,22.72,Clouds,27.31,0.0,1,22.5,129.89,15.6,-3.54
2026-08-22T16:38:14+00:00,sample_home,94.0,2026-08-22T16:43:14+00:00,499.2,547.2,13.73,95.1,95.1,95.0,23.64,21.81,Clouds,27.31,0.0,1,14.2,77.8,15.9,-3.46
2026-08-22T16:40:05+00:00,sample_home,94.0,2026-08-22T16:45:05+00:00,488.91,518.4,12.79,94.9,95.1,95.0,22.04,19.82,Clouds,27.31,0.0,1,3.7,19.2,19.3,-3.82
2026-08-22T16:40:29+00:00,sample_home,94.0,2026-08-22T16:45:29+00:00,517.42,429.6,0.0,95.1,95.1,95.0,23.88,23.93,Clouds,27.31,0.0,1,13.8,-59.31,7.9,1.89
2026-08-22T16:40:49+00:00,sample_home,94.0,2026-08-22T16:45:49+00:00,473.52,528.0,15.1,95.1,95.1,95.0,21.53,21.43,Clouds,27.31,0.0,1,2.0,10.58,11.4,-2.44
2026-08-22T16:41:12+00:00,sample_home,94.0,2026-08-22T16:46:12+00:00,538.57,391.2,0.0,95.1,95.1,95.0,20.68,21.77,Clouds,27.31,0.0,1,21.0,-82.32,1.1,0.23
2026-08-22T16:41:35+00:00,sample_home,94.0,2026-08-22T16:46:35+00:00,493.92,436.8,62.91,95.1,95.1,95.0,23.21,21.41,Clouds,27.31,0.0,1,23.3,-101.77,3.4,0.73
2026-08-22T16:41:59+00:00,sample_home,94.0,2026-08-22T16:46:59+00:00,441.52,446.4,0.0,95.1,95.1,95.0,22.2,23.91,Clouds,27.31,0.0,1,10.6,-47.52,2.9,0.7
2026-08-22T16:42:20+00:00,sample_home,94.0,2026-08-22T16:47:20+00:00,438.49,451.2,0.0,95.1,95.1,95.0,23.7,25.5,Clouds,27.31,0.0,1,2.1,9.68,12.9,3.3
2026-08-22T16:42:41+00:00,sample_home,94.0,2026-08-22T16:47:41+00:00,470.03,422.4,34.31,95.1,95.1,95.0,23.59,19.43,Clouds,27.31,0.0,1,3.8,-16.09,22.0,-4.27
2026-08-22T16:43:01+00:00,sample_home,94.0,2026-08-22T16:48:01+00:00,465.89,561.6,25.16,95.1,95.1,95.0,23.7,25.66,Clouds,27.31,0.0,1,16.3,91.57,8.1,2.07
2026-08-22T16:43:19+00:00,sample_home,94.0,2026-08-22T16:48:19+00:00,491.65,388.8,0.0,95.1,95.1,95.0,22.12,22.99,Clouds,27.31,0.0,1,19.8,-77.09,3.1,-0.71
2026-08-22T16:45:16+00:00,sample_home,94.0,2026-08-22T16:50:16+00:00,449.55,561.6,13.24,94.9,95.1,95.0,24.19,22.25,Clouds,27.31,0.0,1,12.5,69.95,0.6,0.13
2026-08-23T18:00:00+00:00,solar_ems_001,100.0,2026-08-23T18:05:00+00:00,768.0,768.0,0.0,95.0,95.0,95.0,38.64,38.64,Clouds,23.66,0.0,0,,,,
2026-08-24T17:05:43+00:00,solar_ems_001,73.0,2026-08-24T17:10:43+00:00,0.0,0.0,0.0,0.0,0.0,0.0,0.0,0.0,Clouds,25.9,0.0,0,,-768.0,,-38.64
2026-08-25T15:11:58+00:00,solar_ems_001,99.0,2026-08-25T15:16:58+00:00,194.27,144.11,0.0,177.0,100.0,177.0,0.0,-0.48,Clouds,29.43,0.0,0,100.0,144.11,,-0.48
2026-08-25T15:12:03+00:00,solar_ems_001,99.0,2026-08-25T15:17:03+00:00,77.99,74.05,0.0,176.4,100.0,176.4,0.0,-0.14,Clouds,29.43,0.0,0,162.3,-120.22,,-0.14
2026-08-25T15:12:08+00:00,solar_ems_001,99.0,2026-08-25T15:17:08+00:00,71.77,77.93,0.0,176.2,100.0,176.2,0.0,-0.43,Clouds,29.43,0.0,0,0.1,-0.06,,-0.43
2026-08-25T15:15:12+00:00,solar_ems_001,99.0,2026-08-25T15:20:12+00:00,83.85,100.89,2951.59,171.1,100.0,171.1,0.0,-0.24,Clouds,29.43,0.0,0,28.9,29.12,,-0.24
2026-08-25T15:15:17+00:00,solar_ems_001,99.0,2026-08-25T15:20:17+00:00,81.4,76.26,215.89,171.1,100.0,171.1,0.0,-0.19,Clouds,29.43,0.0,0,9.9,-7.59,,-0.19
2026-08-25T15:15:22+00:00,solar_ems_001,99.0,2026-08-25T15:20:22+00:00,77.44,73.87,12626.26,171.1,100.0,171.1,0.0,-0.29,Clouds,29.43,0.0,0,10.2,-7.53,,-0.29
2026-08-25T15:15:27+00:00,solar_ems_001,99.0,2026-08-25T15:20:27+00:00,78.77,84.32,0.0,170.9,100.0,170.9,0.0,-0.19,Clouds,29.43,0.0,0,8.2,6.88,,-0.19
2026-08-25T15:15:32+00:00,solar_ems_001,99.0,2026-08-25T15:20:32+00:00,82.45,96.01,0.0,170.9,100.0,170.9,0.0,-0.14,Clouds,29.43,0.0,0,18.0,17.25,,-0.14
2026-08-25T15:15:37+00:00,solar_ems_001,99.0,2026-08-25T15:20:37+00:00,81.55,72.66,248.76,170.8,100.0,170.8,0.0,-0.38,Clouds,29.43,0.0,0,13.5,-9.79,,-0.38
2026-08-25T15:15:42+00:00,solar_ems_001,99.0,2026-08-25T15:20:42+00:00,77.89,73.61,0.0,170.7,100.0,170.7,0.0,-0.34,Clouds,29.43,0.0,0,10.8,-7.95,,-0.34
2026-08-25T15:15:47+00:00,solar_ems_001,99.0,2026-08-25T15:20:47+00:00,76.33,74.13,266.78,170.6,100.0,170.6,0.0,-0.24,Clouds,29.43,0.0,0,5.1,-3.76,,-0.24
2026-08-25T15:15:52+00:00,solar_ems_001,99.0,2026-08-25T15:20:52+00:00,79.3,79.56,0.0,170.5,100.0,170.5,0.0,-0.38,Clouds,29.43,0.0,0,4.1,3.23,,-0.38
2026-08-25T15:15:57+00:00,solar_ems_001,99.0,2026-08-25T15:20:57+00:00,80.17,87.02,288.62,170.4,100.0,170.4,0.0,-0.24,Clouds,29.43,0.0,0,8.9,7.72,,-0.24
2026-08-25T15:16:02+00:00,solar_ems_001,99.0,2026-08-25T15:21:02+00:00,83.29,111.64,0.0,170.4,100.0,170.4,0.0,-0.34,Clouds,29.43,0.0,0,28.2,31.47,,-0.34
2026-08-25T15:16:07+00:00,solar_ems_001,99.0,2026-08-25T15:21:07+00:00,83.76,89.3,321.13,170.2,100.0,170.2,0.0,-0.1,Clouds,29.43,0.0,0,6.7,6.01,,-0.1
2026-08-25T15:16:12+00:00,solar_ems_001,99.0,2026-08-25T15:21:12+00:00,84.46,94.86,0.0,170.1,100.0,170.1,0.0,-0.05,Clouds,29.43,0.0,0,11.7,11.09,,-0.05
2026-08-25T15:16:17+00:00,solar_ems_001,99.0,2026-08-25T15:21:17+00:00,83.78,79.65,360.44,169.9,100.0,169.9,0.0,-0.1,Clouds,29.43,0.0,0,6.0,-4.81,,-0.1
2026-08-25T15:17:54+00:00,solar_ems_001,99.0,2026-08-25T15:22:54+00:00,84.48,89.21,0.0,168.4,100.0,168.4,0.0,-0.28,Clouds,29.43,0.0,0,6.1,5.42,,-0.28
2026-08-25T15:18:16+00:00,solar_ems_001,99.0,2026-08-25T15:23:16+00:00,84.58,86.34,340.46,168.3,100.0,168.3,0.0,-0.38,Clouds,29.43,0.0,0,2.2,1.87,,-0.38
2026-08-25T15:22:44+00:00,solar_ems_001,99.0,2026-08-25T15:27:44+00:00,109.47,130.55,186.07,164.8,100.0,164.8,0.0,-0.18,Clouds,29.43,0.0,0,35.2,45.97,,-0.18
2026-08-25T15:54:18+00:00,solar_ems_001,99.0,2026-08-25T15:59:18+00:00,293.2,150.52,0.0,0.0,0.0,0.0,0.0,0.0,Clouds,29.43,0.0,0,27.3,41.05,,0.0
2026-08-25T15:54:40+00:00,solar_ems_001,99.0,2026-08-25T15:59:40+00:00,133.37,153.54,24753.77,0.0,5.9,0.0,0.0,0.0,Clouds,29.43,0.0,0,91.0,-139.66,,0.0
2026-08-25T15:56:37+00:00,solar_ems_001,99.0,2026-08-25T16:01:37+00:00,149.56,161.72,56219.59,5.9,6.7,0.0,0.0,-0.0,Clouds,29.43,0.0,0,17.5,28.35,,-0.0
2026-08-25T16:00:42+00:00,solar_ems_001,99.0,2026-08-25T16:05:42+00:00,95.3,1359.95,0.0,6.7,6.7,0.0,0.65,0.0,Clouds,29.43,0.0,0,89.0,1210.39,,0.0
2026-08-25T16:02:03+00:00,solar_ems_001,99.0,2026-08-25T16:07:03+00:00,0.0,0.0,0.0,6.7,1.5,0.0,0.0,0.0,Clouds,29.43,0.0,0,,-95.3,,-0.65
2026-08-25T16:02:08+00:00,solar_ems_001,99.0,2026-08-25T16:07:08+00:00,0.0,0.0,0.0,1.5,1.3,0.0,0.0,0.0,Clouds,29.43,0.0,0,,0.0,,0.0
2026-08-25T16:02:13+00:00,solar_ems_001,99.0,2026-08-25T16:07:13+00:00,0.0,0.0,0.0,1.3,2.6,0.0,0.0,0.0,Clouds,29.43,0.0,0,,0.0,,0.0
2026-08-25T16:02:18+00:00,solar_ems_001,99.0,2026-08-25T16:07:18+00:00,0.0,0.0,0.0,2.6,3.8,0.0,0.0,0.0,Clouds,29.43,0.0,0,,0.0,,0.0
2026-08-25T16:02:23+00:00,solar_ems_001,99.0,2026-08-25T16:07:23+00:00,0.0,0.0,0.0,3.8,5.3,0.0,0.0,0.0,Clouds,29.43,0.0,0,,0.0,,0.0
2026-08-25T16:02:28+00:00,solar_ems_001,99.0,2026-08-25T16:07:28+00:00,0.0,0.0,0.0,5.3,6.4,0.0,0.0,0.0,Clouds,29.43,0.0,0,,0.0,,0.0
2026-08-25T16:02:33+00:00,solar_ems_001,99.0,2026-08-25T16:07:33+00:00,3.02,0.0,0.0,6.4,7.7,0.0,0.0,0.0,Clouds,29.43,0.0,0,,0.0,,0.0
2026-08-25T16:02:38+00:00,solar_ems_001,99.0,2026-08-25T16:07:38+00:00,5.17,0.0,0.0,7.7,8.8,0.0,0.0,0.0,Clouds,29.43,0.0,0,,-3.02,,0.0
2026-08-25T16:02:43+00:00,solar_ems_001,99.0,2026-08-25T16:07:43+00:00,6.34,0.0,0.0,8.8,9.8,0.0,0.0,0.0,Clouds,29.43,0.0,0,,-5.17,,0.0
2026-08-25T16:02:48+00:00,solar_ems_001,99.0,2026-08-25T16:07:48+00:00,6.9,0.0,0.0,9.8,10.8,0.0,0.0,0.0,Clouds,29.43,0.0,0,,-6.34,,0.0
2026-08-25T16:02:53+00:00,solar_ems_001,99.0,2026-08-25T16:07:53+00:00,7.89,0.0,0.0,10.8,11.8,0.0,0.0,0.0,Clouds,29.43,0.0,0,,-6.9,,0.0
2026-08-25T16:02:58+00:00,solar_ems_001,99.0,2026-08-25T16:07:58+00:00,8.42,0.0,0.0,11.8,12.8,0.0,0.0,0.0,Clouds,29.43,0.0,0,,-7.89,,0.0
2026-08-25T16:03:03+00:00,solar_ems_001,99.0,2026-08-25T16:08:03+00:00,18.61,0.0,0.0,12.8,13.8,0.0,0.0,0.0,Clouds,29.43,0.0,0,,-8.42,,0.0
2026-08-25T16:03:08+00:00,solar_ems_001,99.0,2026-08-25T16:08:08+00:00,15.85,0.0,0.0,13.8,14.7,0.0,0.0,0.0,Clouds,29.43,0.0,0,,-18.61,,0.0
2026-08-25T16:03:13+00:00,solar_ems_001,99.0,2026-08-25T16:08:13+00:00,14.43,0.0,0.0,14.7,15.5,0.0,0.0,0.0,Clouds,29.43,0.0,0,,-15.85,,0.0
2026-08-25T16:03:18+00:00,solar_ems_001,99.0,2026-08-25T16:08:18+00:00,12.16,0.0,0.0,15.5,16.3,0.0,0.0,0.0,Clouds,29.43,0.0,0,,-14.43,,0.0
2026-08-25T16:05:03+00:00,solar_ems_001,99.0,2026-08-25T16:10:03+00:00,32.03,0.0,0.0,16.3,17.4,0.0,0.0,0.0,Clouds,29.43,0.0,0,,-12.16,,0.0
2026-08-25T16:05:08+00:00,solar_ems_001,99.0,2026-08-25T16:10:08+00:00,27.6,0.0,0.0,17.4,18.2,0.0,0.0,0.0,Clouds,29.43,0.0,0,,-32.03,,0.0
2026-08-25T16:05:13+00:00,solar_ems_001,99.0,2026-08-25T16:10:13+00:00,23.07,0.0,0.0,18.2,18.9,0.0,0.0,0.0,Clouds,29.43,0.0,0,,-27.6,,0.0
2026-08-25T16:05:18+00:00,solar_ems_001,99.0,2026-08-25T16:10:18+00:00,18.72,0.0,0.0,18.9,19.5,0.0,0.0,0.0,Clouds,29.43,0.0,0,,-23.07,,0.0
2026-08-25T16:05:23+00:00,solar_ems_001,99.0,2026-08-25T16:10:23+00:00,17.48,0.0,0.0,19.5,20.2,0.0,0.0,0.0,Clouds,29.43,0.0,0,,-18.72,,0.0
2026-08-25T16:05:28+00:00,solar_ems_001,99.0,2026-08-25T16:10:28+00:00,15.23,0.0,0.0,20.2,20.8,0.0,0.0,0.0,Clouds,29.43,0.0,0,,-17.48,,0.0
2026-08-25T16:05:33+00:00,solar_ems_001,99.0,2026-08-25T16:10:33+00:00,12.54,0.0,0.0,20.8,21.3,0.0,0.0,0.0,Clouds,29.43,0.0,0,,-15.23,,0.0
2026-08-25T16:05:38+00:00,solar_ems_001,99.0,2026-08-25T16:10:38+00:00,11.3,0.0,0.0,21.3,21.9,0.0,0.0,0.0,Clouds,29.43,0.0,0,,-12.54,,0.0
2026-08-25T16:05:43+00:00,solar_ems_001,99.0,2026-08-25T16:10:43+00:00,10.11,0.0,0.0,21.9,22.4,0.0,0.0,0.0,Clouds,29.43,0.0,0,,-11.3,,0.0
2026-08-25T16:05:48+00:00,solar_ems_001,99.0,2026-08-25T16:10:48+00:00,8.87,0.0,0.0,22.4,22.9,0.0,0.0,0.0,Clouds,29.43,0.0,0,,-10.11,,0.0
2026-08-25T16:05:53+00:00,solar_ems_001,99.0,2026-08-25T16:10:53+00:00,8.55,0.0,0.0,22.9,23.4,0.0,0.0,0.0,Clouds,29.43,0.0,0,,-8.87,,0.0
2026-08-25T16:05:58+00:00,solar_ems_001,99.0,2026-08-25T16:10:58+00:00,7.83,0.0,0.0,23.4,23.9,0.0,0.0,0.0,Clouds,29.43,0.0,0,,-8.55,,0.0
2026-08-25T16:06:03+00:00,solar_ems_001,99.0,2026-08-25T16:11:03+00:00,19.58,0.0,0.0,23.9,24.3,0.0,0.0,0.0,Clouds,29.43,0.0,0,,-7.83,,0.0
2026-08-25T16:06:08+00:00,solar_ems_001,99.0,2026-08-25T16:11:08+00:00,17.69,0.0,0.0,24.3,24.8,0.0,0.0,0.0,Clouds,29.43,0.0,0,,-19.58,,0.0
2026-08-25T16:06:13+00:00,solar_ems_001,99.0,2026-08-25T16:11:13+00:00,14.93,0.0,0.0,24.8,25.2,0.0,0.0,0.0,Clouds,29.43,0.0,0,,-17.69,,0.0
2026-08-25T16:06:18+00:00,solar_ems_001,99.0,2026-08-25T16:11:18+00:00,13.09,0.0,0.0,25.2,25.6,0.0,0.0,0.0,Clouds,29.43,0.0,0,,-14.93,,0.0
2026-08-25T16:06:23+00:00,solar_ems_001,99.0,2026-08-25T16:11:23+00:00,11.42,0.0,0.0,25.6,26.0,0.0,0.0,0.0,Clouds,29.43,0.0,0,,-13.09,,0.0
2026-08-25T16:10:03+00:00,solar_ems_001,99.0,2026-08-25T16:15:03+00:00,62.11,0.0,0.0,26.0,26.6,0.0,0.0,0.0,Clouds,29.43,0.0,0,,-11.42,,0.0
2026-08-25T16:10:08+00:00,solar_ems_001,99.0,2026-08-25T16:15:08+00:00,36.54,0.0,0.0,26.6,27.1,0.0,0.0,0.0,Clouds,29.43,0.0,0,,-62.11,,0.0
2026-08-25T16:10:13+00:00,solar_ems_001,99.0,2026-08-25T16:15:13+00:00,27.97,0.0,0.0,27.1,27.4,0.0,0.0,0.0,Clouds,29.43,0.0,0,,-36.54,,0.0
2026-08-25T16:10:18+00:00,solar_ems_001,99.0,2026-08-25T16:15:18+00:00,23.38,0.0,0.0,27.4,27.8,0.0,0.0,0.0,Clouds,29.43,0.0,0,,-27.97,,0.0
2026-08-25T16:10:23+00:00,solar_ems_001,99.0,2026-08-25T16:15:23+00:00,22.62,0.0,0.0,27.8,28.1,0.0,0.0,0.0,Clouds,29.43,0.0,0,,-23.38,,0.0
2026-08-25T16:10:28+00:00,solar_ems_001,99.0,2026-08-25T16:15:28+00:00,21.94,0.0,0.0,28.1,28.5,0.0,0.0,0.0,Clouds,29.43,0.0,0,,-22.62,,0.0
2026-08-25T16:10:33+00:00,solar_ems_001,99.0,2026-08-25T16:15:33+00:00,18.9,0.0,0.0,28.5,28.8,0.0,0.0,0.0,Clouds,29.43,0.0,0,,-21.94,,0.0
2026-08-25T16:10:38+00:00,solar_ems_001,99.0,2026-08-25T16:15:38+00:00,18.03,0.0,0.0,28.8,29.1,0.0,0.0,0.0,Clouds,29.43,0.0,0,,-18.9,,0.0
2026-08-25T16:10:43+00:00,solar_ems_001,99.0,2026-08-25T16:15:43+00:00,17.53,0.0,0.0,29.1,29.4,0.0,0.0,0.0,Clouds,29.43,0.0,0,,-18.03,,0.0
2026-08-25T16:10:48+00:00,solar_ems_001,99.0,2026-08-25T16:15:48+00:00,15.44,0.0,0.0,29.4,29.7,0.0,0.0,0.0,Clouds,29.43,0.0,0,,-17.53,,0.0
2026-08-25T16:10:53+00:00,solar_ems_001,99.0,2026-08-25T16:15:53+00:00,14.58,0.0,0.0,29.7,30.0,0.0,0.0,0.0,Clouds,29.43,0.0,0,,-15.44,,0.0
2026-08-25T16:10:58+00:00,solar_ems_001,99.0,2026-08-25T16:15:58+00:00,14.09,0.0,0.0,30.0,30.3,0.0,0.0,0.0,Clouds,29.43,0.0,0,,-14.58,,0.0
2026-08-25T16:11:03+00:00,solar_ems_001,99.0,2026-08-25T16:16:03+00:00,19.16,0.0,0.0,0.0,24.5,0.0,0.0,0.0,Clouds,29.43,0.0,0,,-14.09,,0.0
2026-08-25T16:11:08+00:00,solar_ems_001,99.0,2026-08-25T16:16:08+00:00,18.06,0.0,0.0,24.5,29.7,0.0,0.0,0.0,Clouds,29.43,0.0,0,,-19.16,,0.0
2026-08-25T16:11:13+00:00,solar_ems_001,99.0,2026-08-25T16:16:13+00:00,17.03,0.0,0.0,29.7,30.9,0.0,0.0,0.0,Clouds,29.43,0.0,0,,-18.06,,0.0
2026-08-25T16:11:18+00:00,solar_ems_001,99.0,2026-08-25T16:16:18+00:00,15.9,0.0,0.0,0.0,25.1,0.0,0.0,0.0,Clouds,29.43,0.0,0,,-17.03,,0.0
2026-08-25T16:11:23+00:00,solar_ems_001,99.0,2026-08-25T16:16:23+00:00,15.37,0.0,0.0,25.1,30.5,0.0,0.0,0.0,Clouds,29.43,0.0,0,,-15.9,,0.0
2026-08-25T16:41:10+00:00,solar_ems_001,98.0,2026-08-25T16:46:10+00:00,98.01,98.01,315.18,148.8,100.0,148.8,0.0,-0.38,Clouds,27.7,0.0,0,84.3,82.64,,-0.38
2026-08-25T16:46:10+00:00,solar_ems_001,98.0,2026-08-25T16:51:10+00:00,104.58,110.15,916.09,147.1,100.0,147.1,0.0,-0.83,Clouds,27.7,0.0,0,11.0,12.14,,-0.83
2026-08-25T16:51:10+00:00,solar_ems_001,98.0,2026-08-25T16:56:10+00:00,101.58,92.55,0.0,145.9,100.0,145.9,0.0,-0.55,Clouds,27.7,0.0,0,13.0,-12.04,,-0.55
2026-08-25T16:56:10+00:00,solar_ems_001,98.0,2026-08-25T17:01:10+00:00,103.35,108.75,0.0,144.5,100.0,144.5,0.0,-0.14,Clouds,27.7,0.0,0,6.6,7.17,,-0.14
2026-08-25T17:01:10+00:00,solar_ems_001,98.0,2026-08-25T17:06:10+00:00,104.33,108.17,0.0,143.7,100.0,143.7,0.0,-0.14,Clouds,27.7,0.0,0,4.5,4.82,,-0.14
2026-08-25T17:06:10+00:00,solar_ems_001,98.0,2026-08-25T17:11:10+00:00,106.71,116.41,338.89,143.0,100.0,143.0,0.0,-0.14,Clouds,27.7,0.0,0,10.4,12.08,,-0.14
2026-08-25T17:11:10+00:00,solar_ems_001,98.0,2026-08-25T17:16:10+00:00,105.16,97.18,439.75,141.8,100.0,141.8,0.0,-0.36,Clouds,27.7,0.0,0,9.8,-9.53,,-0.36
2026-08-25T17:16:10+00:00,solar_ems_001,98.0,2026-08-25T17:21:10+00:00,105.34,106.84,0.0,141.1,100.0,141.1,0.0,-0.41,Clouds,27.7,0.0,0,1.6,1.68,,-0.41
2026-08-25T17:21:10+00:00,solar_ems_001,98.0,2026-08-25T17:26:10+00:00,105.46,126.61,0.0,140.1,100.0,140.1,0.0,-0.69,Clouds,27.7,0.0,0,16.8,21.28,,-0.69
2026-08-25T17:26:10+00:00,solar_ems_001,98.0,2026-08-25T17:31:10+00:00,110.45,126.76,0.0,139.3,100.0,139.3,6.51,6.51,Clouds,27.7,0.0,0,16.8,21.3,100.0,6.51
2026-08-25T17:31:10+00:00,solar_ems_001,98.0,2026-08-25T17:36:10+00:00,110.03,117.07,0.0,139.0,100.0,139.0,9.77,10.46,Clouds,27.7,0.0,0,5.6,6.61,37.7,3.95
2026-08-25T17:36:10+00:00,solar_ems_001,98.0,2026-08-25T17:41:10+00:00,112.01,138.52,724.64,138.8,100.0,138.8,3.12,1.59,Clouds,27.7,0.0,0,20.6,28.48,515.9,-8.19
2026-08-25T17:41:10+00:00,solar_ems_001,98.0,2026-08-25T17:46:10+00:00,113.11,119.86,0.0,138.1,100.0,138.1,1.76,0.97,Clouds,27.7,0.0,0,6.6,7.86,220.6,-2.14
2026-08-25T17:46:10+00:00,solar_ems_001,97.0,2026-08-25T17:51:10+00:00,116.06,143.79,0.0,137.1,100.0,137.1,1.71,-0.08,Clouds,26.27,0.0,0,21.3,30.68,,-1.84
2026-08-25T17:51:10+00:00,solar_ems_001,97.0,2026-08-25T17:56:10+00:00,116.22,110.2,0.0,136.4,100.0,136.4,0.12,0.46,Clouds,26.27,0.0,0,5.3,-5.85,273.0,-1.25
2026-08-25T17:56:10+00:00,solar_ems_001,97.0,2026-08-25T18:01:10+00:00,116.27,127.69,0.0,135.8,100.0,135.8,0.13,0.0,Clouds,26.27,0.0,0,9.0,11.47,,-0.12
2026-08-25T18:01:10+00:00,solar_ems_001,97.0,2026-08-25T18:06:10+00:00,115.61,126.01,0.0,135.8,100.0,135.8,1.16,-0.17,Clouds,26.27,0.0,0,7.7,9.74,,-0.29
2026-08-25T18:06:10+00:00,solar_ems_001,97.0,2026-08-25T18:11:10+00:00,115.23,109.73,184.99,135.3,100.0,135.3,0.0,-0.15,Clouds,26.27,0.0,0,5.4,-5.87,,-1.31
2026-08-25T18:11:10+00:00,solar_ems_001,97.0,2026-08-25T18:16:10+00:00,112.68,90.98,176.75,134.7,100.0,134.7,0.0,-0.05,Clouds,26.27,0.0,0,26.7,-24.25,,-0.05
2026-08-25T18:16:10+00:00,solar_ems_001,97.0,2026-08-25T18:21:10+00:00,112.84,114.49,0.0,134.0,100.0,134.0,0.06,-0.03,Clouds,26.27,0.0,0,1.6,1.81,,-0.03
2026-08-25T18:21:10+00:00,solar_ems_001,99.0,2026-08-25T18:26:10+00:00,117.54,117.54,0.0,133.9,100.0,133.9,0.0,-0.02,Clouds,26.28,0.0,0,4.0,4.7,,-0.08
2026-08-25T18:26:10+00:00,solar_ems_001,99.0,2026-08-25T18:31:10+00:00,103.04,90.76,0.0,133.7,100.0,133.7,0.0,-0.01,Clouds,26.28,0.0,0,29.5,-26.78,,-0.01
2026-08-25T18:31:10+00:00,solar_ems_001,99.0,2026-08-25T18:36:10+00:00,110.3,132.05,0.0,133.4,100.0,133.4,0.0,-0.02,Clouds,26.28,0.0,0,22.0,29.01,,-0.02
2026-08-25T18:36:10+00:00,solar_ems_001,99.0,2026-08-25T18:41:10+00:00,110.02,109.09,170.66,133.3,100.0,133.3,0.0,-0.01,Clouds,26.28,0.0,0,1.1,-1.22,,-0.01
2026-08-25T18:41:10+00:00,solar_ems_001,99.0,2026-08-25T18:46:10+00:00,113.25,125.25,0.0,132.6,100.0,132.6,0.0,-0.01,Clouds,26.28,0.0,0,12.2,15.23,,-0.01
2026-08-25T18:46:10+00:00,solar_ems_001,99.0,2026-08-25T18:51:10+00:00,109.48,94.31,0.0,132.2,100.0,132.2,0.0,0.0,Clouds,26.28,0.0,0,20.1,-18.94,,0.0
2026-08-25T18:51:10+00:00,solar_ems_001,99.0,2026-08-25T18:56:10+00:00,109.3,103.53,0.0,131.8,100.0,131.8,0.0,-0.01,Clouds,26.28,0.0,0,5.7,-5.95,,-0.01
2026-08-25T18:56:10+00:00,solar_ems_001,99.0,2026-08-25T19:01:10+00:00,103.9,112.92,0.0,131.9,100.0,131.9,0.0,-0.01,Clouds,26.28,0.0,0,3.2,3.62,,-0.01
2026-08-25T19:01:10+00:00,solar_ems_001,99.0,2026-08-25T19:06:10+00:00,110.96,172.33,156.47,131.8,100.0,131.8,0.0,-0.01,Clouds,26.28,0.0,0,39.7,68.42,,-0.01
2026-08-25T19:06:10+00:00,solar_ems_001,99.0,2026-08-25T19:11:10+00:00,120.29,113.2,173.32,131.6,100.0,131.6,0.0,-0.01,Clouds,26.28,0.0,0,2.0,2.25,,-0.01
2026-08-25T19:11:10+00:00,solar_ems_001,99.0,2026-08-25T19:16:10+00:00,109.29,123.07,0.0,131.0,100.0,131.0,0.0,-0.01,Clouds,26.28,0.0,0,2.3,2.77,,-0.01
2026-08-25T19:16:10+00:00,solar_ems_001,99.0,2026-08-25T19:21:10+00:00,121.5,98.56,0.0,130.8,100.0,130.8,0.0,0.0,Clouds,26.28,0.0,0,10.9,-10.72,100.0,0.0
2026-08-25T19:21:10+00:00,solar_ems_001,99.0,2026-08-25T19:26:10+00:00,119.68,108.49,0.0,130.3,100.0,130.3,0.0,-0.04,Clouds,26.28,0.0,0,12.0,-13.02,,-0.04
2026-08-25T19:26:10+00:00,solar_ems_001,87.0,2026-08-25T19:31:10+00:00,107.33,134.8,0.0,130.8,100.0,130.8,0.59,-0.05,Clouds,25.64,0.0,0,11.2,15.12,,-0.05
2026-08-25T19:31:10+00:00,solar_ems_001,87.0,2026-08-25T19:36:10+00:00,121.44,95.15,164.96,130.9,100.0,130.9,0.0,-0.02,Clouds,25.64,0.0,0,12.8,-12.18,,-0.61
2026-08-25T19:36:10+00:00,solar_ems_001,87.0,2026-08-25T19:41:10+00:00,105.33,133.94,195.08,131.1,100.0,131.1,0.01,0.01,Clouds,25.64,0.0,0,9.3,12.5,100.0,0.01
2026-08-25T19:41:10+00:00,solar_ems_001,87.0,2026-08-25T19:46:10+00:00,108.22,127.82,0.0,130.4,100.0,130.4,0.0,-0.01,Clouds,25.64,0.0,0,17.6,22.49,,-0.02
2026-08-25T19:46:10+00:00,solar_ems_001,87.0,2026-08-25T19:51:10+00:00,112.15,141.72,0.0,130.2,100.0,130.2,0.0,-0.0,Clouds,25.64,0.0,0,23.6,33.5,,-0.0
2026-08-25T19:51:10+00:00,solar_ems_001,87.0,2026-08-25T19:56:10+00:00,126.5,118.74,0.0,130.1,100.0,130.1,0.0,-0.0,Clouds,25.64,0.0,0,5.5,6.58,,-0.0
2026-08-25T19:56:10+00:00,solar_ems_001,87.0,2026-08-25T20:01:10+00:00,112.32,122.27,155.5,130.4,100.0,130.4,0.0,-0.01,Clouds,25.64,0.0,0,3.5,-4.23,,-0.01
2026-08-25T20:01:10+00:00,solar_ems_001,87.0,2026-08-25T20:06:10+00:00,108.52,127.81,3355.7,130.6,100.0,130.6,0.0,-0.01,Clouds,25.64,0.0,0,12.1,15.49,,-0.01
2026-08-25T20:06:10+00:00,solar_ems_001,87.0,2026-08-25T20:11:10+00:00,122.76,111.2,383.49,130.2,100.0,130.2,0.0,-0.01,Clouds,25.64,0.0,0,2.4,2.68,,-0.01
2026-08-25T20:11:10+00:00,solar_ems_001,87.0,2026-08-25T20:16:10+00:00,120.55,97.28,0.0,100.0,100.0,129.8,0.0,0.0,Clouds,25.64,0.0,0,26.2,-25.48,100.0,0.0
2026-08-25T20:16:10+00:00,solar_ems_001,87.0,2026-08-25T20:21:10+00:00,108.9,139.48,0.0,100.0,100.0,129.5,0.0,-0.0,Clouds,25.64,0.0,0,13.6,18.92,,-0.01
2026-08-25T20:21:10+00:00,solar_ems_001,87.0,2026-08-25T20:26:10+00:00,121.99,115.17,0.0,130.2,100.0,130.2,0.0,-0.03,Clouds,25.64,0.0,0,5.4,6.27,,-0.03
2026-08-25T20:26:10+00:00,solar_ems_001,87.0,2026-08-25T20:31:10+00:00,120.48,113.13,222.64,130.2,100.0,130.2,0.0,-0.02,Clouds,25.64,0.0,0,7.8,-8.87,,-0.02
2026-08-25T20:31:10+00:00,solar_ems_001,95.0,2026-08-25T20:36:10+00:00,108.82,146.92,162.81,130.3,100.0,130.3,0.0,0.0,Clouds,25.31,0.0,0,18.0,26.44,100.0,0.0
2026-08-25T20:36:10+00:00,solar_ems_001,95.0,2026-08-25T20:41:10+00:00,122.32,113.08,0.0,130.0,100.0,130.0,0.0,-0.01,Clouds,25.31,0.0,0,3.8,4.25,,-0.01
2026-08-25T20:41:10+00:00,solar_ems_001,95.0,2026-08-25T20:46:10+00:00,109.31,132.39,0.0,100.0,100.0,129.7,0.0,-0.01,Clouds,25.31,0.0,0,7.6,10.07,,-0.01
2026-08-25T20:46:10+00:00,solar_ems_001,95.0,2026-08-25T20:51:10+00:00,110.83,132.58,0.0,100.0,100.0,129.7,0.0,-0.01,Clouds,25.31,0.0,0,17.5,23.27,,-0.01
2026-08-25T20:51:10+00:00,solar_ems_001,95.0,2026-08-25T20:56:10+00:00,125.36,101.26,661.73,130.1,100.0,130.1,0.0,-0.01,Clouds,25.31,0.0,0,9.5,-9.57,,-0.01
2026-08-25T20:56:10+00:00,solar_ems_001,95.0,2026-08-25T21:01:10+00:00,110.02,122.58,168.11,130.1,100.0,130.1,0.0,-0.01,Clouds,25.31,0.0,0,2.3,-2.79,,-0.01
2026-08-25T21:01:10+00:00,solar_ems_001,95.0,2026-08-25T21:06:10+00:00,118.39,161.83,0.0,130.0,100.0,130.0,0.0,-0.01,Clouds,25.31,0.0,0,32.0,51.81,,-0.01
2026-08-25T21:06:10+00:00,solar_ems_001,95.0,2026-08-25T21:11:10+00:00,118.96,104.5,0.0,100.0,100.0,129.5,0.0,-0.01,Clouds,25.31,0.0,0,13.3,-13.89,,-0.01
2026-08-25T21:11:10+00:00,solar_ems_001,95.0,2026-08-25T21:16:10+00:00,126.29,101.51,0.0,100.0,100.0,129.2,0.0,-0.03,Clouds,25.31,0.0,0,17.2,-17.45,,-0.03
2026-08-25T21:16:10+00:00,solar_ems_001,95.0,2026-08-25T21:21:10+00:00,122.13,113.71,0.0,100.0,100.0,129.6,0.0,-0.03,Clouds,25.31,0.0,0,11.1,-12.59,,-0.03
2026-08-25T21:21:10+00:00,solar_ems_001,95.0,2026-08-25T21:26:10+00:00,168.49,168.49,157.09,99.9,99.9,129.9,0.0,-0.02,Clouds,25.31,0.0,0,27.5,46.35,,-0.02
2026-08-25T21:26:10+00:00,solar_ems_001,95.0,2026-08-25T21:31:10+00:00,169.46,170.28,168.07,99.9,99.9,129.7,0.0,-0.04,Clouds,25.31,0.0,0,1.1,1.79,,-0.04
2026-08-25T21:31:10+00:00,solar_ems_001,95.0,2026-08-25T21:36:10+00:00,152.81,105.38,0.0,130.1,100.0,130.1,0.0,-0.02,Clouds,25.31,0.0,0,60.8,-64.08,,-0.02
2026-08-25T21:36:10+00:00,solar_ems_001,95.0,2026-08-25T21:41:10+00:00,142.45,110.66,0.0,100.0,99.9,129.6,0.0,-0.02,Clouds,25.31,0.0,0,38.1,-42.15,,-0.02
2026-08-25T21:41:10+00:00,solar_ems_001,95.0,2026-08-25T21:46:10+00:00,133.21,98.65,0.0,100.0,100.0,129.5,0.0,-0.01,Clouds,25.31,0.0,0,44.4,-43.79,,-0.01
2026-08-25T21:46:10+00:00,solar_ems_001,95.0,2026-08-25T21:51:10+00:00,127.31,101.07,0.0,130.0,100.0,130.0,0.0,-0.01,Clouds,25.31,0.0,0,31.8,-32.14,,-0.01
2026-08-25T21:51:10+00:00,solar_ems_001,95.0,2026-08-25T21:56:10+00:00,134.36,175.21,160.11,130.0,100.0,130.0,0.0,-0.01,Clouds,25.31,0.0,0,27.3,47.9,,-0.01
2026-08-25T21:56:10+00:00,solar_ems_001,95.0,2026-08-25T22:01:10+00:00,132.57,112.62,1343.66,100.0,100.0,129.4,0.0,-0.01,Clouds,25.31,0.0,0,19.3,-21.74,,-0.01
2026-08-25T22:01:10+00:00,solar_ems_001,96.0,2026-08-25T22:06:10+00:00,106.03,106.03,0.0,100.0,100.0,128.8,0.0,-0.01,Clouds,25.22,0.0,0,25.0,-26.53,,-0.01
2026-08-25T22:06:10+00:00,solar_ems_001,96.0,2026-08-25T22:11:10+00:00,106.6,106.6,0.0,100.0,100.0,128.9,0.0,-0.01,Clouds,25.22,0.0,0,0.5,0.57,,-0.01
2026-08-25T22:11:10+00:00,solar_ems_001,96.0,2026-08-25T22:16:10+00:00,108.22,109.6,0.0,100.0,100.0,129.4,0.02,0.01,Clouds,25.22,0.0,0,2.7,3.0,100.0,0.01
2026-08-25T22:16:10+00:00,solar_ems_001,96.0,2026-08-25T22:21:10+00:00,113.05,126.67,0.0,100.0,100.0,129.5,0.04,0.02,Clouds,25.22,0.0,0,14.6,18.45,1.0,0.0
2026-08-25T22:21:10+00:00,solar_ems_001,96.0,2026-08-25T22:26:10+00:00,107.17,89.47,193.79,100.0,100.0,129.9,0.0,-0.01,Clouds,25.22,0.0,0,26.4,-23.58,,-0.04
2026-08-25T22:26:09+00:00,solar_ems_001,96.0,2026-08-25T22:31:09+00:00,110.79,124.63,0.0,100.0,100.0,129.7,0.0,-0.02,Clouds,25.22,0.0,0,14.0,17.47,,-0.02
2026-08-25T22:31:09+00:00,solar_ems_001,96.0,2026-08-25T22:36:09+00:00,114.78,131.15,0.0,100.0,100.0,129.4,0.0,0.01,Clouds,25.22,0.0,0,15.5,20.36,100.0,0.01
2026-08-25T22:36:09+00:00,solar_ems_001,96.0,2026-08-25T22:41:09+00:00,117.54,127.23,0.0,100.0,100.0,129.4,0.0,-0.0,Clouds,25.22,0.0,0,9.8,12.44,,-0.01
2026-08-25T22:41:09+00:00,solar_ems_001,96.0,2026-08-25T22:46:09+00:00,116.49,106.12,0.0,100.0,100.0,129.6,0.0,-0.0,Clouds,25.22,0.0,0,10.8,-11.41,,-0.0
2026-08-25T22:46:09+00:00,solar_ems_001,96.0,2026-08-25T22:51:09+00:00,112.96,142.71,0.0,100.0,100.0,129.8,0.0,-0.0,Clouds,25.22,0.0,0,18.4,26.22,,-0.0
2026-08-25T22:51:09+00:00,solar_ems_001,96.0,2026-08-25T22:56:09+00:00,119.28,110.17,255.52,100.0,100.0,129.6,0.0,-0.01,Clouds,25.22,0.0,0,2.5,-2.79,,-0.01
2026-08-25T22:56:09+00:00,solar_ems_001,96.0,2026-08-25T23:01:09+00:00,120.75,130.01,2474.96,100.0,100.0,129.6,0.0,-0.01,Clouds,25.22,0.0,0,8.3,10.73,,-0.01
2026-08-25T23:01:09+00:00,solar_ems_001,96.0,2026-08-25T23:06:09+00:00,117.8,86.6,0.0,100.0,100.0,129.3,0.0,-0.01,Clouds,25.22,0.0,0,39.4,-34.14,,-0.01
2026-08-25T23:06:09+00:00,solar_ems_001,97.0,2026-08-25T23:11:09+00:00,114.35,88.29,0.0,100.0,100.0,129.2,0.0,0.0,Clouds,24.82,0.0,0,33.4,-29.51,,0.0
2026-08-25T23:11:09+00:00,solar_ems_001,97.0,2026-08-25T23:16:09+00:00,110.88,82.38,1568.21,100.0,100.0,129.2,0.0,0.01,Clouds,24.82,0.0,0,38.8,-31.97,100.0,0.01
2026-08-25T23:16:09+00:00,solar_ems_001,97.0,2026-08-25T23:21:09+00:00,112.52,116.13,245.44,100.0,100.0,129.8,0.0,0.0,Clouds,24.82,0.0,0,4.5,5.24,20.4,-0.0
2026-08-25T23:21:09+00:00,solar_ems_001,97.0,2026-08-25T23:26:09+00:00,113.62,116.47,1879.7,130.1,100.0,130.1,0.01,0.01,Clouds,24.82,0.0,0,3.4,3.95,99.5,0.01
2026-08-25T23:26:09+00:00,solar_ems_001,97.0,2026-08-25T23:31:09+00:00,112.7,93.71,0.0,100.0,100.0,129.2,0.0,0.0,Clouds,24.82,0.0,0,21.2,-19.9,429.9,-0.01
2026-08-25T23:31:09+00:00,solar_ems_001,97.0,2026-08-25T23:36:09+00:00,109.17,99.65,0.0,100.0,100.0,129.3,0.0,0.01,Clouds,24.82,0.0,0,13.1,-13.05,56.6,0.0
2026-08-25T23:36:09+00:00,solar_ems_001,97.0,2026-08-25T23:41:09+00:00,105.54,97.28,0.0,100.0,100.0,129.4,0.0,0.0,Clouds,24.82,0.0,0,12.2,-11.89,136.5,-0.0
2026-08-25T23:41:09+00:00,solar_ems_001,97.0,2026-08-25T23:46:09+00:00,105.4,81.04,0.0,100.0,100.0,129.8,0.0,0.0,Clouds,24.82,0.0,0,30.2,-24.49,34.8,0.0
2026-08-25T23:46:09+00:00,solar_ems_001,97.0,2026-08-25T23:51:09+00:00,107.16,175.15,173.77,99.9,100.0,129.7,0.01,0.0,Clouds,24.82,0.0,0,39.8,69.76,6.3,0.0
2026-08-25T23:51:09+00:00,solar_ems_001,97.0,2026-08-25T23:56:09+00:00,149.45,167.79,197.49,99.9,100.0,129.7,0.0,0.0,Clouds,24.82,0.0,0,36.1,60.63,430.2,-0.0
2026-08-25T23:56:09+00:00,solar_ems_001,97.0,2026-08-26T00:01:09+00:00,134.14,124.5,0.0,100.0,100.0,129.5,0.0,-0.01,Clouds,24.82,0.0,0,20.0,-24.95,,-0.01
2026-08-26T00:01:09+00:00,solar_ems_001,97.0,2026-08-26T00:06:09+00:00,111.28,103.42,0.0,100.0,100.0,128.9,0.01,-0.01,Clouds,24.82,0.0,0,29.7,-30.73,,-0.01
2026-08-26T00:06:09+00:00,solar_ems_001,98.0,2026-08-26T00:11:09+00:00,133.82,150.74,0.0,100.0,100.0,129.5,0.0,-0.0,Clouds,24.77,0.0,0,26.2,39.46,,-0.01
2026-08-26T00:11:09+00:00,solar_ems_001,98.0,2026-08-26T00:16:09+00:00,132.26,83.34,20.0,130.0,100.0,130.0,0.0,-0.02,Clouds,24.77,0.0,0,60.6,-50.48,,-0.02
2026-08-26T00:16:09+00:00,solar_ems_001,98.0,2026-08-26T00:21:09+00:00,117.92,165.02,6.35,129.8,99.9,129.8,0.0,-0.01,Clouds,24.77,0.0,0,19.9,32.76,,-0.01
2026-08-26T00:21:09+00:00,solar_ems_001,98.0,2026-08-26T00:26:09+00:00,133.81,110.51,22.37,99.6,99.9,129.5,0.0,-0.0,Clouds,24.77,0.0,0,6.7,-7.42,,-0.0
2026-08-26T00:26:09+00:00,solar_ems_001,98.0,2026-08-26T00:31:09+00:00,115.2,81.68,0.0,100.0,99.9,129.4,0.0,0.0,Clouds,24.77,0.0,0,63.8,-52.13,100.0,0.0
2026-08-26T00:31:09+00:00,solar_ems_001,98.0,2026-08-26T00:36:09+00:00,106.5,135.31,0.0,100.0,99.9,129.3,0.0,-0.0,Clouds,24.77,0.0,0,14.9,20.11,,-0.0
2026-08-26T00:36:09+00:00,solar_ems_001,98.0,2026-08-26T00:41:09+00:00,113.53,109.27,0.0,100.0,99.9,129.5,0.0,0.01,Clouds,24.77,0.0,0,2.5,2.77,100.0,0.01
2026-08-26T00:41:09+00:00,solar_ems_001,98.0,2026-08-26T00:46:09+00:00,123.32,89.73,6.37,129.6,99.9,129.6,0.0,-0.0,Clouds,24.77,0.0,0,26.5,-23.8,,-0.0
2026-08-26T00:46:09+00:00,solar_ems_001,98.0,2026-08-26T00:51:09+00:00,104.73,100.7,7.0,129.6,99.8,129.6,0.0,-0.0,Clouds,24.77,0.0,0,22.5,-22.62,,-0.0
2026-08-26T00:51:09+00:00,solar_ems_001,98.0,2026-08-26T00:56:09+00:00,108.33,74.34,0.0,100.0,99.8,129.2,0.0,0.0,Clouds,24.77,0.0,0,40.9,-30.39,100.0,0.0
2026-08-26T00:56:09+00:00,solar_ems_001,98.0,2026-08-26T01:01:09+00:00,97.96,200.96,0.0,100.0,99.9,129.6,0.0,0.0,Clouds,24.77,0.0,0,46.1,92.63,0.0,0.0
2026-08-26T01:01:09+00:00,solar_ems_001,98.0,2026-08-26T01:06:09+00:00,138.19,74.53,0.0,100.0,99.9,129.2,0.0,-0.01,Clouds,24.77,0.0,0,31.5,-23.44,,-0.01
2026-08-26T01:06:09+00:00,solar_ems_001,100.0,2026-08-26T01:11:09+00:00,108.35,72.35,0.0,100.0,99.8,129.4,0.0,-0.03,Clouds,24.57,0.0,0,91.0,-65.84,,-0.03
2026-08-26T01:11:09+00:00,solar_ems_001,100.0,2026-08-26T01:16:09+00:00,80.0,134.44,6.97,129.3,99.7,129.3,0.0,0.0,Clouds,24.57,0.0,0,19.4,26.09,100.0,0.0
2026-08-26T01:16:09+00:00,solar_ems_001,100.0,2026-08-26T01:21:09+00:00,119.92,130.68,19.44,129.4,99.7,129.4,0.01,0.01,Clouds,24.57,0.0,0,38.8,50.68,80.0,0.01
2026-08-26T01:21:09+00:00,solar_ems_001,100.0,2026-08-26T01:26:09+00:00,127.69,103.02,0.0,100.0,99.7,129.1,0.0,-0.02,Clouds,24.57,0.0,0,16.4,-16.91,,-0.03
2026-08-26T01:26:09+00:00,solar_ems_001,100.0,2026-08-26T01:31:09+00:00,108.81,112.36,0.0,100.0,99.7,129.2,0.0,0.0,Clouds,24.57,0.0,0,13.6,-15.33,80.0,0.0
2026-08-26T01:31:09+00:00,solar_ems_001,100.0,2026-08-26T01:36:09+00:00,111.04,80.68,0.0,100.0,99.7,129.2,0.0,0.0,Clouds,24.57,0.0,0,34.9,-28.13,86.2,-0.0
2026-08-26T01:36:09+00:00,solar_ems_001,100.0,2026-08-26T01:41:09+00:00,111.5,74.06,0.0,100.0,99.7,129.6,0.0,0.0,Clouds,24.57,0.0,0,49.9,-36.98,50.0,0.0
2026-08-26T01:41:09+00:00,solar_ems_001,100.0,2026-08-26T01:46:09+00:00,88.57,101.88,6.09,129.8,100.0,129.8,0.0,-0.0,Clouds,24.57,0.0,0,9.4,-9.62,,-0.0
2026-08-26T01:46:09+00:00,solar_ems_001,100.0,2026-08-26T01:51:09+00:00,94.26,83.41,0.0,100.0,99.7,129.9,0.0,0.0,Clouds,24.57,0.0,0,6.2,-5.16,78.7,0.0
2026-08-26T01:51:09+00:00,solar_ems_001,100.0,2026-08-26T01:56:09+00:00,100.42,113.42,0.0,100.0,99.6,129.0,0.0,0.0,Clouds,24.57,0.0,0,16.9,19.16,56.7,0.0
2026-08-26T01:56:09+00:00,solar_ems_001,100.0,2026-08-26T02:01:09+00:00,116.49,73.95,0.0,100.0,99.8,129.1,0.0,0.01,Clouds,24.57,0.0,0,35.8,-26.48,75.0,0.01
2026-08-26T08:26:09+00:00,solar_ems_001,87.0,2026-08-26T08:31:09+00:00,157.59,157.59,1.18,135.3,100.0,135.3,78.08,78.08,Clouds,27.49,0.0,0,26.1,41.09,100.0,78.08
2026-08-26T08:31:09+00:00,solar_ems_001,87.0,2026-08-26T08:36:09+00:00,200.25,236.37,1.11,135.7,100.0,135.7,88.77,97.82,Clouds,27.49,0.0,0,33.3,78.78,20.2,19.74
2026-08-26T08:36:09+00:00,solar_ems_001,87.0,2026-08-26T08:41:09+00:00,196.45,182.48,1.33,135.3,100.0,135.3,90.37,94.12,Clouds,27.49,0.0,0,9.7,-17.77,5.7,5.35
2026-08-26T08:41:09+00:00,solar_ems_001,87.0,2026-08-26T08:46:09+00:00,181.56,137.12,2.0,135.6,100.0,135.6,91.41,94.8,Clouds,27.49,0.0,0,43.3,-59.33,4.7,4.43
2026-08-26T08:46:09+00:00,solar_ems_001,87.0,2026-08-26T08:51:09+00:00,171.81,135.3,2.22,135.7,100.0,135.7,89.53,82.35,Clouds,27.49,0.0,0,34.2,-46.26,11.0,-9.06
2026-08-26T08:51:09+00:00,solar_ems_001,87.0,2026-08-26T08:56:09+00:00,181.43,220.05,1.46,135.8,100.0,135.8,87.74,80.33,Clouds,27.49,0.0,0,21.9,48.24,11.5,-9.2
2026-08-26T08:56:09+00:00,solar_ems_001,87.0,2026-08-26T09:01:09+00:00,171.96,127.88,1.28,135.7,100.0,135.7,85.39,74.62,Clouds,27.49,0.0,0,41.9,-53.55,17.6,-13.12
2026-08-26T09:01:09+00:00,solar_ems_001,87.0,2026-08-26T09:06:09+00:00,176.69,213.67,1.72,135.5,100.0,135.5,83.5,69.26,Clouds,27.49,0.0,0,19.5,41.71,23.3,-16.12
2026-08-26T09:06:09+00:00,solar_ems_001,87.0,2026-08-26T09:11:09+00:00,171.72,133.52,1.29,136.1,100.0,136.1,86.79,92.96,Clouds,27.49,0.0,0,32.3,-43.17,10.2,9.45
2026-08-26T09:11:09+00:00,solar_ems_001,87.0,2026-08-26T09:16:09+00:00,172.71,182.71,4.45,135.2,100.0,135.2,84.38,66.62,Clouds,27.49,0.0,0,6.0,10.99,30.3,-20.17
2026-08-26T09:16:09+00:00,solar_ems_001,87.0,2026-08-26T09:21:09+00:00,169.89,165.14,2.15,135.9,100.0,135.9,85.25,94.83,Clouds,27.49,0.0,0,4.6,-7.57,11.0,10.45
2026-08-26T09:21:09+00:00,solar_ems_001,87.0,2026-08-26T09:26:09+00:00,169.17,161.98,1.74,136.1,100.0,136.1,84.71,80.72,Clouds,27.49,0.0,0,4.9,-7.91,5.6,-4.53
2026-08-26T09:26:09+00:00,solar_ems_001,87.0,2026-08-26T09:31:09+00:00,168.07,155.37,1.4,136.1,100.0,136.1,79.96,64.98,Clouds,27.49,0.0,0,8.9,-13.8,30.4,-19.73
2026-08-26T09:31:09+00:00,solar_ems_001,91.0,2026-08-26T09:36:09+00:00,167.48,158.48,1.91,136.6,100.0,136.6,79.18,69.83,Clouds,28.43,0.0,0,6.1,-9.59,14.5,-10.13
2026-08-26T09:36:09+00:00,solar_ems_001,91.0,2026-08-26T09:41:09+00:00,170.48,141.91,3.56,135.6,100.0,135.6,65.62,60.94,Clouds,28.43,0.0,0,18.0,-25.57,29.9,-18.24
2026-08-26T09:41:09+00:00,solar_ems_001,91.0,2026-08-26T09:46:09+00:00,159.03,130.42,5.78,136.1,100.0,136.1,70.29,65.19,Clouds,28.43,0.0,0,30.7,-40.06,0.7,-0.43
2026-08-26T09:46:09+00:00,solar_ems_001,91.0,2026-08-26T09:51:09+00:00,161.86,131.6,2.31,136.8,100.0,136.8,76.07,86.9,Clouds,28.43,0.0,0,20.8,-27.43,19.1,16.61
2026-08-26T09:51:09+00:00,solar_ems_001,91.0,2026-08-26T09:56:09+00:00,152.4,149.94,1.27,137.9,100.0,137.9,78.37,81.55,Clouds,28.43,0.0,0,7.9,-11.92,6.7,5.48
2026-08-26T09:56:09+00:00,solar_ems_001,91.0,2026-08-26T10:01:09+00:00,143.03,146.13,1.27,137.1,100.0,137.1,75.93,72.68,Clouds,28.43,0.0,0,4.3,-6.26,7.8,-5.69
2026-08-26T10:01:09+00:00,solar_ems_001,91.0,2026-08-26T10:06:09+00:00,115.19,135.71,1.76,136.7,100.0,136.7,73.99,58.88,Clouds,28.43,0.0,0,5.4,-7.32,29.0,-17.06
2026-08-26T10:06:09+00:00,solar_ems_001,91.0,2026-08-26T10:11:09+00:00,137.75,132.24,2.84,136.4,100.0,136.4,45.49,52.36,Clouds,28.43,0.0,0,12.9,17.05,41.3,-21.63
2026-08-26T10:11:09+00:00,solar_ems_001,91.0,2026-08-26T10:16:09+00:00,145.75,144.64,10.4,136.2,100.0,136.2,54.39,53.92,Clouds,28.43,0.0,0,4.8,6.89,15.6,8.43
2026-08-26T10:16:09+00:00,solar_ems_001,91.0,2026-08-26T10:21:09+00:00,147.1,126.56,4.78,137.1,100.0,137.1,58.37,65.01,Clouds,28.43,0.0,0,15.2,-19.18,16.3,10.62
2026-08-26T10:21:09+00:00,solar_ems_001,91.0,2026-08-26T10:26:09+00:00,160.58,114.02,1.31,137.9,100.0,137.9,83.51,82.33,Clouds,28.43,0.0,0,29.0,-33.08,29.1,23.95
2026-08-26T10:26:09+00:00,solar_ems_001,91.0,2026-08-26T10:31:09+00:00,110.55,123.09,1.43,137.6,100.0,137.6,60.47,62.86,Clouds,28.43,0.0,0,30.5,-37.49,32.8,-20.65
2026-08-26T10:31:09+00:00,solar_ems_001,91.0,2026-08-26T10:36:09+00:00,143.98,148.19,2.24,137.6,100.0,137.6,71.47,69.06,Clouds,28.43,0.0,0,25.4,37.64,12.4,8.59
2026-08-26T10:36:09+00:00,solar_ems_001,94.0,2026-08-26T10:41:09+00:00,171.68,175.62,2.39,137.4,100.0,137.4,80.08,55.82,Clouds,29.56,0.0,0,18.0,31.63,28.0,-15.65
2026-08-26T10:41:09+00:00,solar_ems_001,94.0,2026-08-26T10:46:09+00:00,167.04,162.84,5.21,137.9,100.0,137.9,70.12,65.8,Clouds,29.56,0.0,0,5.4,-8.85,21.7,-14.28
2026-08-26T10:46:09+00:00,solar_ems_001,94.0,2026-08-26T10:51:09+00:00,132.58,132.38,13.81,138.2,100.0,138.2,50.1,50.8,Clouds,29.56,0.0,0,26.2,-34.67,38.0,-19.33
2026-08-26T10:51:09+00:00,solar_ems_001,94.0,2026-08-26T10:56:09+00:00,138.41,132.95,1.63,138.3,100.0,138.3,57.27,56.77,Clouds,29.56,0.0,0,0.3,0.37,11.7,6.67
2026-08-26T10:56:09+00:00,solar_ems_001,94.0,2026-08-26T11:01:09+00:00,131.92,129.74,1.48,137.9,100.0,137.9,61.3,60.38,Clouds,29.56,0.0,0,6.7,-8.67,5.1,3.1
2026-08-26T11:01:09+00:00,solar_ems_001,94.0,2026-08-26T11:06:09+00:00,91.36,128.56,7.21,137.9,100.0,137.9,32.89,29.95,Clouds,29.56,0.0,0,2.6,-3.36,104.7,-31.35
2026-08-26T11:06:09+00:00,solar_ems_001,94.0,2026-08-26T11:11:09+00:00,146.95,144.5,10.68,137.6,100.0,137.6,38.52,31.78,Clouds,29.56,0.0,0,36.8,53.13,3.5,-1.11
2026-08-26T11:11:09+00:00,solar_ems_001,94.0,2026-08-26T11:16:09+00:00,134.63,129.09,0.0,138.2,100.0,138.2,28.06,32.82,Clouds,29.56,0.0,0,13.8,-17.86,17.4,-5.7
2026-08-26T11:16:09+00:00,solar_ems_001,94.0,2026-08-26T11:21:09+00:00,148.83,140.0,3.16,138.8,100.0,138.8,49.65,43.93,Clouds,29.56,0.0,0,3.8,5.38,36.1,15.87
2026-08-26T11:21:09+00:00,solar_ems_001,94.0,2026-08-26T11:26:09+00:00,174.77,142.54,1.88,139.3,100.0,139.3,68.5,54.8,Clouds,29.56,0.0,0,4.4,-6.3,9.4,5.15
2026-08-26T11:26:09+00:00,solar_ems_001,94.0,2026-08-26T11:31:09+00:00,142.94,130.12,8.03,138.8,100.0,138.8,9.52,22.71,Clouds,29.56,0.0,0,34.3,-44.65,201.6,-45.79
2026-08-26T11:31:09+00:00,solar_ems_001,94.0,2026-08-26T11:36:09+00:00,143.33,134.82,11.27,139.4,100.0,139.4,25.72,22.29,Clouds,29.56,0.0,0,6.0,-8.12,57.3,12.77
2026-08-26T11:36:09+00:00,solar_ems_001,94.0,2026-08-26T11:41:09+00:00,126.62,116.89,6.44,138.9,100.0,138.9,35.63,35.88,Clouds,29.56,0.0,0,22.6,-26.44,28.3,10.15
2026-08-26T11:41:09+00:00,solar_ems_001,94.0,2026-08-26T11:46:09+00:00,145.73,164.93,0.0,139.9,100.0,139.9,42.44,37.6,Clouds,29.44,0.0,0,23.2,38.31,5.2,1.97
2026-08-26T11:46:09+00:00,solar_ems_001,94.0,2026-08-26T11:51:09+00:00,158.32,180.3,0.0,140.0,100.0,140.0,20.22,20.09,Clouds,29.44,0.0,0,19.2,34.57,111.2,-22.35
2026-08-26T11:51:09+00:00,solar_ems_001,94.0,2026-08-26T11:56:09+00:00,136.17,136.88,8.56,139.3,100.0,139.3,15.21,15.05,Clouds,29.44,0.0,0,15.7,-21.44,34.3,-5.17
2026-08-26T11:56:09+00:00,solar_ems_001,94.0,2026-08-26T12:01:09+00:00,149.67,153.06,3.72,139.2,100.0,139.2,12.54,19.79,Clouds,29.44,0.0,0,11.0,16.88,23.1,4.58
2026-08-26T12:01:09+00:00,solar_ems_001,94.0,2026-08-26T12:06:09+00:00,138.37,115.54,9.2,139.0,100.0,139.0,19.14,14.22,Clouds,29.44,0.0,0,29.5,-34.13,11.9,1.69
2026-08-26T12:06:09+00:00,solar_ems_001,94.0,2026-08-26T12:11:09+00:00,158.9,169.79,0.0,138.7,100.0,138.7,29.92,14.1,Clouds,29.44,0.0,0,18.5,31.42,35.7,-5.04
2026-08-26T12:11:09+00:00,solar_ems_001,94.0,2026-08-26T12:16:09+00:00,140.46,119.2,0.0,138.9,100.0,138.9,19.03,21.75,Clouds,29.44,0.0,0,33.3,-39.71,37.6,-8.17
2026-08-26T12:16:09+00:00,solar_ems_001,94.0,2026-08-26T12:21:09+00:00,121.27,115.35,0.0,139.2,100.0,139.2,14.28,17.56,Clouds,29.44,0.0,0,21.8,-25.11,8.4,-1.47
2026-08-26T12:21:09+00:00,solar_ems_001,94.0,2026-08-26T12:26:09+00:00,130.74,145.17,3.93,139.4,100.0,139.4,26.48,17.25,Clouds,29.44,0.0,0,16.5,23.9,17.2,2.97
2026-08-26T12:26:09+00:00,solar_ems_001,94.0,2026-08-26T12:31:09+00:00,128.93,128.99,5.27,139.2,100.0,139.2,9.8,13.76,Clouds,29.44,0.0,0,1.4,-1.76,92.4,-12.72
2026-08-26T12:31:09+00:00,solar_ems_001,94.0,2026-08-26T12:36:09+00:00,122.86,156.3,0.0,138.6,100.0,138.6,19.68,16.16,Clouds,29.44,0.0,0,17.5,27.37,39.4,6.36
2026-08-26T12:36:09+00:00,solar_ems_001,94.0,2026-08-26T12:41:09+00:00,142.49,146.33,0.0,139.2,100.0,139.2,23.13,24.73,Clouds,29.44,0.0,0,16.0,23.47,20.4,5.05
2026-08-26T12:41:09+00:00,solar_ems_001,100.0,2026-08-26T12:46:09+00:00,28.71,117.04,14.93,140.1,100.0,140.1,36.24,36.24,Clouds,28.6,0.0,0,21.7,-25.44,36.2,13.1
2026-08-26T12:46:09+00:00,solar_ems_001,100.0,2026-08-26T12:51:09+00:00,146.18,129.44,4.23,140.4,100.0,140.4,5.19,30.86,Clouds,28.6,0.0,0,77.8,100.73,17.4,-5.38
2026-08-26T12:51:09+00:00,solar_ems_001,100.0,2026-08-26T12:56:09+00:00,145.3,136.53,10.98,140.6,100.0,140.6,7.4,7.4,Clouds,28.6,0.0,0,7.1,-9.66,29.9,2.22
2026-08-26T13:21:09+00:00,solar_ems_001,86.0,2026-08-26T13:26:09+00:00,135.34,135.34,94.34,140.3,100.0,140.3,29.08,29.08,Clouds,27.62,0.0,1,,,,
2026-08-26T13:26:09+00:00,solar_ems_001,86.0,2026-08-26T13:31:09+00:00,165.19,165.19,176.4,139.9,100.0,139.9,26.2,26.2,Clouds,27.62,0.0,1,18.1,29.85,11.0,-2.88
2026-08-26T13:31:08+00:00,solar_ems_001,86.0,2026-08-26T13:36:08+00:00,128.19,96.87,0.0,139.5,100.0,139.5,14.18,4.73,Clouds,27.62,0.0,1,70.5,-68.31,454.1,-21.48
2026-08-26T13:36:08+00:00,solar_ems_001,86.0,2026-08-26T13:41:08+00:00,124.15,115.38,0.0,139.1,100.0,139.1,12.2,9.37,Clouds,27.62,0.0,1,11.1,-12.81,51.2,-4.8
2026-08-26T13:41:08+00:00,solar_ems_001,86.0,2026-08-26T13:46:08+00:00,124.78,125.94,0.0,139.7,100.0,139.7,16.6,27.27,Clouds,27.62,0.0,1,1.4,1.79,55.3,15.07
2026-08-26T13:46:08+00:00,solar_ems_001,86.0,2026-08-26T13:51:08+00:00,122.89,115.54,87.07,139.6,100.0,139.6,17.71,21.84,Clouds,27.62,0.0,1,8.0,-9.24,24.0,5.24
2026-08-26T13:51:08+00:00,solar_ems_001,86.0,2026-08-26T13:56:08+00:00,126.43,141.99,327.44,139.4,100.0,139.4,16.65,12.55,Clouds,27.62,0.0,1,13.4,19.09,41.1,-5.16
2026-08-26T13:56:08+00:00,solar_ems_001,86.0,2026-08-26T14:01:08+00:00,127.92,134.54,340.74,139.3,100.0,139.3,16.66,14.34,Clouds,27.62,0.0,1,6.0,8.11,16.1,-2.31
2026-08-26T14:01:08+00:00,solar_ems_001,86.0,2026-08-26T14:06:08+00:00,130.04,114.56,0.0,139.2,100.0,139.2,17.62,19.8,Clouds,27.62,0.0,1,11.7,-13.35,15.9,3.14
2026-08-26T14:06:08+00:00,solar_ems_001,86.0,2026-08-26T14:11:08+00:00,128.17,127.89,0.0,139.2,100.0,139.2,18.06,18.31,Clouds,27.62,0.0,1,1.7,-2.15,3.8,0.69
2026-08-26T14:11:08+00:00,solar_ems_001,86.0,2026-08-26T14:16:08+00:00,127.8,126.8,379.77,139.4,100.0,139.4,17.52,12.87,Clouds,27.62,0.0,1,1.1,-1.38,40.3,-5.19
2026-08-26T14:16:09+00:00,solar_ems_001,86.0,2026-08-26T14:21:09+00:00,128.77,132.14,73.06,139.7,100.0,139.7,18.45,27.37,Clouds,27.62,0.0,1,3.3,4.34,36.0,9.85
2026-08-26T14:21:09+00:00,solar_ems_001,86.0,2026-08-26T14:26:09+00:00,127.77,134.16,0.0,140.1,100.0,140.1,12.09,8.34,Clouds,27.62,0.0,1,4.0,5.38,121.1,-10.11
2026-08-26T14:26:09+00:00,solar_ems_001,92.0,2026-08-26T14:31:09+00:00,125.68,106.67,0.0,138.7,100.0,138.7,12.06,9.65,Clouds,27.12,0.0,1,19.8,-21.09,25.2,-2.43
2026-08-26T14:31:09+00:00,solar_ems_001,92.0,2026-08-26T14:36:09+00:00,125.83,128.89,0.0,139.0,100.0,139.0,13.91,13.11,Clouds,27.12,0.0,1,2.5,3.21,8.0,1.05
2026-08-26T14:36:09+00:00,solar_ems_001,92.0,2026-08-26T14:41:09+00:00,126.46,114.25,0.0,138.7,100.0,138.7,16.16,15.52,Clouds,27.12,0.0,1,10.1,-11.58,10.4,1.61
2026-08-26T14:41:08+00:00,solar_ems_001,92.0,2026-08-26T14:46:08+00:00,127.29,127.27,153.21,139.3,100.0,139.3,16.7,21.2,Clouds,27.12,0.0,1,0.6,0.81,23.8,5.04
2026-08-26T14:46:08+00:00,solar_ems_001,92.0,2026-08-26T14:51:08+00:00,134.94,189.61,96.88,139.1,100.0,139.1,13.91,18.17,Clouds,27.12,0.0,1,32.9,62.32,8.1,1.46
2026-08-26T14:51:08+00:00,solar_ems_001,92.0,2026-08-26T14:56:08+00:00,131.47,108.32,2157.03,138.8,100.0,138.8,19.72,14.86,Clouds,27.12,0.0,1,24.6,-26.62,6.4,0.95
2026-08-26T14:56:08+00:00,solar_ems_001,92.0,2026-08-26T15:01:08+00:00,129.44,134.16,0.0,138.6,100.0,138.6,16.93,15.45,Clouds,27.12,0.0,1,2.0,2.69,27.7,-4.28
2026-08-26T15:01:09+00:00,solar_ems_001,92.0,2026-08-26T15:06:09+00:00,160.04,196.72,0.0,138.9,100.0,138.9,16.67,24.15,Clouds,27.12,0.0,1,34.2,67.29,29.9,7.22
2026-08-26T15:06:08+00:00,solar_ems_001,92.0,2026-08-26T15:11:08+00:00,151.36,150.2,2805.84,139.8,100.0,139.8,27.25,34.07,Clouds,27.12,0.0,1,6.6,-9.85,51.1,17.4
2026-08-26T15:11:09+00:00,solar_ems_001,92.0,2026-08-26T15:16:09+00:00,151.9,157.87,77.22,140.6,100.0,140.6,31.6,32.74,Clouds,27.12,0.0,1,4.1,6.51,16.8,5.49
2026-08-26T15:16:09+00:00,solar_ems_001,92.0,2026-08-26T15:21:09+00:00,153.44,136.11,72.5,140.6,100.0,140.6,26.38,26.05,Clouds,27.12,0.0,1,11.6,-15.79,21.3,-5.55
2026-08-26T15:21:09+00:00,solar_ems_001,92.0,2026-08-26T15:26:09+00:00,143.54,137.26,230.8,140.3,100.0,140.3,14.89,12.2,Clouds,27.12,0.0,1,11.8,-16.17,116.2,-14.18
2026-08-26T15:26:08+00:00,solar_ems_001,92.0,2026-08-26T15:31:08+00:00,132.16,126.4,0.0,139.9,100.0,139.9,9.26,6.61,Clouds,27.12,0.0,1,13.6,-17.14,125.1,-8.27
2026-08-26T15:31:08+00:00,solar_ems_001,94.0,2026-08-26T15:36:08+00:00,201.4,138.55,0.0,139.4,100.0,139.4,31.87,23.86,Clouds,25.49,0.0,1,4.6,6.39,61.2,14.6
2026-08-26T15:36:08+00:00,solar_ems_001,94.0,2026-08-26T15:41:08+00:00,150.44,146.02,0.0,139.9,100.0,139.9,18.04,16.25,Clouds,25.49,0.0,1,37.9,-55.38,96.2,-15.63
2026-08-26T15:41:08+00:00,solar_ems_001,94.0,2026-08-26T15:46:08+00:00,131.59,112.07,151.35,139.8,100.0,139.8,13.15,13.56,Clouds,25.49,0.0,1,34.2,-38.38,33.0,-4.48
2026-08-26T15:46:08+00:00,solar_ems_001,94.0,2026-08-26T15:51:08+00:00,129.76,130.45,273.31,139.6,100.0,139.6,12.31,10.9,Clouds,25.49,0.0,1,0.9,-1.14,20.6,-2.25
2026-08-26T15:51:08+00:00,solar_ems_001,94.0,2026-08-26T15:56:08+00:00,130.28,134.75,0.0,139.9,100.0,139.9,12.82,13.59,Clouds,25.49,0.0,1,3.7,4.99,9.5,1.29
2026-08-26T15:56:08+00:00,solar_ems_001,94.0,2026-08-26T16:01:08+00:00,125.82,110.52,0.0,138.7,100.0,138.7,12.94,14.44,Clouds,25.49,0.0,1,17.9,-19.76,11.3,1.63
2026-08-26T16:01:09+00:00,solar_ems_001,94.0,2026-08-26T16:06:09+00:00,133.53,126.89,0.0,138.9,100.0,138.9,20.62,17.68,Clouds,25.49,0.0,1,0.8,1.07,26.8,4.74
2026-08-26T16:06:09+00:00,solar_ems_001,94.0,2026-08-26T16:11:09+00:00,141.16,122.1,316.38,139.2,100.0,139.2,22.66,18.4,Clouds,25.49,0.0,1,9.4,-11.44,12.1,-2.23
2026-08-26T16:11:09+00:00,solar_ems_001,94.0,2026-08-26T16:16:09+00:00,124.99,144.62,63.46,140.1,100.0,140.1,28.24,34.41,Clouds,25.49,0.0,1,2.4,3.46,34.1,11.75
2026-08-26T16:16:09+00:00,solar_ems_001,94.0,2026-08-26T16:21:09+00:00,144.51,145.03,91.37,139.6,100.0,139.6,25.11,18.95,Clouds,25.49,0.0,1,13.8,20.04,49.0,-9.29
2026-08-26T16:21:09+00:00,solar_ems_001,94.0,2026-08-26T16:26:09+00:00,140.44,118.75,197.22,139.2,100.0,139.2,21.55,23.73,Clouds,25.49,0.0,1,21.7,-25.76,5.8,-1.37
2026-08-26T16:26:08+00:00,solar_ems_001,94.0,2026-08-26T16:31:08+00:00,128.96,118.74,0.0,139.9,100.0,139.9,22.4,23.75,Clouds,25.49,0.0,1,18.3,-21.71,9.2,2.19
2026-08-26T16:31:08+00:00,solar_ems_001,96.0,2026-08-26T16:36:08+00:00,135.68,141.62,0.0,140.6,100.0,140.6,27.2,22.02,Clouds,24.2,0.0,1,8.9,12.67,1.7,-0.37
2026-08-26T16:36:08+00:00,solar_ems_001,96.0,2026-08-26T16:41:08+00:00,135.64,114.54,334.0,140.5,100.0,140.5,21.81,21.45,Clouds,24.2,0.0,1,18.5,-21.14,26.8,-5.74
2026-08-26T16:41:08+00:00,solar_ems_001,96.0,2026-08-26T16:46:08+00:00,127.3,147.6,98.99,141.0,100.0,141.0,22.63,25.34,Clouds,24.2,0.0,1,8.1,11.96,13.9,3.53
2026-08-26T16:46:08+00:00,solar_ems_001,96.0,2026-08-26T16:51:08+00:00,145.41,97.28,0.0,139.9,100.0,139.9,21.3,4.53,Clouds,24.2,0.0,1,30.8,-30.01,399.6,-18.1
2026-08-26T16:51:08+00:00,solar_ems_001,96.0,2026-08-26T16:56:08+00:00,123.03,127.24,0.0,139.2,100.0,139.2,10.76,6.96,Clouds,24.2,0.0,1,14.3,-18.17,206.2,-14.35
2026-08-26T16:56:08+00:00,solar_ems_001,96.0,2026-08-26T17:01:08+00:00,130.75,150.05,0.0,139.0,100.0,139.0,11.16,12.17,Clouds,24.2,0.0,1,18.0,27.02,11.6,1.41
2026-08-26T17:01:08+00:00,solar_ems_001,50.0,2026-08-26T17:06:08+00:00,10.85,168.82,0.0,100.0,100.0,100.0,16.2,16.2,Unknown,30.0,0.0,1,22.6,38.07,31.1,5.05
2026-08-26T17:06:08+00:00,solar_ems_001,96.0,2026-08-26T17:11:08+00:00,126.51,126.5,0.0,100.0,100.0,100.0,17.96,17.07,Clouds,24.2,0.0,1,91.4,115.64,5.1,0.86
2026-08-26T17:11:08+00:00,solar_ems_001,96.0,2026-08-26T17:16:08+00:00,134.53,137.63,135.89,99.9,100.0,100.0,17.16,15.97,Clouds,24.2,0.0,1,8.1,11.12,12.4,-1.98
2026-08-26T17:16:08+00:00,solar_ems_001,96.0,2026-08-26T17:21:08+00:00,134.12,141.68,301.63,99.9,100.0,100.0,15.19,16.75,Clouds,24.2,0.0,1,5.0,7.14,2.5,-0.41
2026-08-26T17:31:08+00:00,solar_ems_001,96.0,2026-08-26T17:36:08+00:00,138.81,138.81,778.58,99.9,99.9,100.0,15.51,15.52,Clouds,23.12,0.0,1,3.4,4.69,2.1,0.33
2026-08-26T17:36:08+00:00,solar_ems_001,96.0,2026-08-26T17:41:08+00:00,168.99,194.55,-1.0,100.0,100.0,100.0,6.28,1.93,Clouds,23.12,0.0,1,28.7,55.74,703.9,-13.58
2026-08-26T17:41:08+00:00,solar_ems_001,96.0,2026-08-26T17:46:08+00:00,161.47,115.54,-1.0,99.9,99.9,91.4,1.51,1.78,Clouds,23.12,0.0,1,22.6,-31.15,,-6.28
2026-08-26T17:56:08+00:00,solar_ems_001,96.0,2026-08-26T18:01:08+00:00,146.69,102.25,-1.0,100.0,100.0,90.8,0.8,0.21,Clouds,23.12,0.0,1,57.9,-59.23,623.7,-1.3
2026-08-26T18:01:08+00:00,solar_ems_001,96.0,2026-08-26T18:06:08+00:00,148.25,154.96,-1.0,100.0,100.0,90.2,1.51,-0.18,Clouds,23.12,0.0,1,5.3,8.27,,-0.98
2026-08-26T18:06:08+00:00,solar_ems_001,96.0,2026-08-26T18:11:08+00:00,152.64,168.56,-1.0,100.0,100.0,90.3,0.42,-0.19,Clouds,23.12,0.0,1,12.1,20.31,,-1.7
2026-08-26T18:11:08+00:00,solar_ems_001,96.0,2026-08-26T18:16:08+00:00,143.82,109.66,155.44,99.9,100.0,89.9,0.37,-0.04,Clouds,23.12,0.0,1,39.2,-42.98,,-0.46
2026-08-26T18:16:08+00:00,solar_ems_001,96.0,2026-08-26T18:21:08+00:00,148.38,193.51,614.18,100.0,100.0,88.4,0.1,-0.01,Clouds,23.12,0.0,1,25.7,49.69,,-0.38
2026-08-26T18:21:08+00:00,solar_ems_001,96.0,2026-08-26T18:26:08+00:00,156.43,85.84,-1.0,100.0,100.0,87.0,0.23,-0.01,Clouds,23.12,0.0,1,72.9,-62.55,,-0.11
2026-08-26T18:26:08+00:00,solar_ems_001,96.0,2026-08-26T18:31:08+00:00,135.24,108.96,-1.0,100.0,100.0,86.6,0.18,0.03,Clouds,23.12,0.0,1,43.6,-47.48,620.1,-0.2
2026-08-26T18:31:08+00:00,solar_ems_001,96.0,2026-08-26T18:36:08+00:00,124.82,99.26,-1.0,100.0,100.0,86.6,0.17,-0.02,Clouds,23.12,0.0,1,36.3,-35.99,,-0.19
2026-08-26T18:36:08+00:00,solar_ems_001,100.0,2026-08-26T18:41:08+00:00,166.04,121.18,157.73,99.9,100.0,86.0,0.0,-0.01,Clouds,22.56,0.0,1,3.0,-3.65,,-0.18
2026-08-26T18:41:08+00:00,solar_ems_001,100.0,2026-08-26T18:46:08+00:00,121.73,94.47,182.35,99.9,100.0,85.8,0.0,-0.03,Clouds,22.56,0.0,1,75.8,-71.57,,-0.03
2026-08-26T18:46:08+00:00,solar_ems_001,100.0,2026-08-26T18:51:08+00:00,112.12,111.05,-1.0,100.0,100.0,84.1,0.03,0.0,Clouds,22.56,0.0,1,9.6,-10.68,100.0,0.0
2026-08-26T18:51:08+00:00,solar_ems_001,100.0,2026-08-26T18:56:08+00:00,109.22,100.07,-1.0,100.0,100.0,83.6,0.02,-0.01,Clouds,22.56,0.0,1,12.0,-12.05,,-0.04
2026-08-26T18:56:08+00:00,solar_ems_001,100.0,2026-08-26T19:01:08+00:00,112.92,131.61,-1.0,100.0,100.0,83.1,0.06,-0.0,Clouds,22.56,0.0,1,17.0,22.4,,-0.02
2026-08-26T19:01:08+00:00,solar_ems_001,100.0,2026-08-26T19:06:08+00:00,102.17,112.4,-1.0,100.0,100.0,83.8,0.22,-0.01,Clouds,22.56,0.0,1,0.5,-0.52,,-0.06
2026-08-26T19:06:08+00:00,solar_ems_001,100.0,2026-08-26T19:11:08+00:00,107.17,93.32,154.87,99.9,99.9,83.4,0.05,-0.0,Clouds,22.56,0.0,1,9.5,-8.85,,-0.22
2026-08-26T19:11:08+00:00,solar_ems_001,100.0,2026-08-26T19:16:08+00:00,101.48,101.91,901.37,99.9,99.9,82.6,0.0,-0.0,Clouds,22.56,0.0,1,5.2,-5.25,,-0.05
2026-08-26T19:16:08+00:00,solar_ems_001,100.0,2026-08-26T19:21:08+00:00,103.75,89.21,-1.0,100.0,100.0,81.8,0.0,-0.01,Clouds,22.56,0.0,1,13.7,-12.27,,-0.01
2026-08-26T19:21:08+00:00,solar_ems_001,100.0,2026-08-26T19:26:08+00:00,93.78,85.68,-1.0,100.0,100.0,81.1,0.01,-0.01,Clouds,22.56,0.0,1,21.1,-18.07,,-0.01
2026-08-26T19:26:08+00:00,solar_ems_001,100.0,2026-08-26T19:31:08+00:00,85.73,174.3,-1.0,100.0,100.0,81.4,0.19,-0.01,Clouds,22.56,0.0,1,46.2,80.52,,-0.02
2026-08-26T19:31:08+00:00,solar_ems_001,100.0,2026-08-26T19:36:08+00:00,128.26,101.39,168.05,99.9,100.0,82.4,0.02,-0.01,Clouds,22.56,0.0,1,15.5,15.67,,-0.21
2026-08-26T19:36:08+00:00,solar_ems_001,100.0,2026-08-26T19:41:08+00:00,120.94,99.5,207.14,99.9,99.9,81.5,0.0,-0.01,Clouds,22.51,0.0,1,28.9,-28.77,,-0.03
2026-08-26T19:41:08+00:00,solar_ems_001,100.0,2026-08-26T19:46:08+00:00,110.52,119.65,-1.0,100.0,99.9,80.9,0.05,0.01,Clouds,22.51,0.0,1,1.1,-1.29,100.0,0.01
2026-08-26T19:46:08+00:00,solar_ems_001,100.0,2026-08-26T19:51:08+00:00,113.96,185.17,-1.0,100.0,100.0,80.5,0.12,-0.01,Clouds,22.51,0.0,1,40.3,74.64,,-0.06
2026-08-26T19:51:08+00:00,solar_ems_001,100.0,2026-08-26T19:56:08+00:00,150.24,97.81,-1.0,100.0,100.0,80.8,0.01,0.0,Clouds,22.51,0.0,1,16.5,-16.14,5959.4,-0.12
2026-08-26T19:56:08+00:00,solar_ems_001,100.0,2026-08-26T20:01:08+00:00,122.67,97.1,-1.0,100.0,100.0,80.9,0.02,-0.0,Clouds,22.51,0.0,1,54.7,-53.15,,-0.01
2026-08-26T20:01:08+00:00,solar_ems_001,100.0,2026-08-26T20:06:08+00:00,101.51,108.56,156.17,99.9,99.9,81.1,0.46,-0.01,Clouds,22.51,0.0,1,13.0,-14.12,,-0.03
2026-08-26T20:06:08+00:00,solar_ems_001,100.0,2026-08-26T20:11:08+00:00,102.28,92.19,213.84,99.9,99.9,80.9,0.14,-0.0,Clouds,22.51,0.0,1,10.1,-9.32,,-0.46
2026-08-26T20:11:08+00:00,solar_ems_001,100.0,2026-08-26T20:16:08+00:00,104.56,151.52,-1.0,100.0,99.9,80.5,0.11,-0.01,Clouds,22.51,0.0,1,32.5,49.24,,-0.14
2026-08-26T20:16:08+00:00,solar_ems_001,100.0,2026-08-26T20:21:08+00:00,130.56,91.34,-1.0,100.0,99.9,80.1,0.03,0.02,Clouds,22.51,0.0,1,14.5,-13.21,455.9,-0.09
2026-08-26T20:21:08+00:00,solar_ems_001,100.0,2026-08-26T20:26:08+00:00,106.05,97.86,-1.0,100.0,100.0,80.6,0.02,-0.01,Clouds,22.51,0.0,1,33.4,-32.7,,-0.04
2026-08-26T20:26:08+00:00,solar_ems_001,100.0,2026-08-26T20:31:08+00:00,96.83,163.52,-1.0,100.0,100.0,80.2,0.12,0.02,Clouds,22.51,0.0,1,35.1,57.47,28.0,-0.01
2026-08-26T20:31:08+00:00,solar_ems_001,100.0,2026-08-26T20:36:08+00:00,133.67,99.82,171.98,99.9,100.0,80.6,0.02,-0.01,Clouds,22.51,0.0,1,3.0,3.0,,-0.13
2026-08-26T20:36:08+00:00,solar_ems_001,100.0,2026-08-26T20:41:08+00:00,121.13,118.46,-1.0,100.0,100.0,80.1,0.0,0.0,Clouds,22.43,0.0,1,12.8,-15.2,510.5,-0.02
2026-08-26T20:41:08+00:00,solar_ems_001,100.0,2026-08-26T20:46:08+00:00,120.2,107.55,-1.0,100.0,100.0,79.6,0.0,-0.02,Clouds,22.43,0.0,1,12.6,-13.58,,-0.03
2026-08-26T20:56:08+00:00,solar_ems_001,100.0,2026-08-26T21:01:08+00:00,85.0,85.0,156.03,99.8,99.8,80.4,0.0,-0.0,Clouds,22.43,0.0,1,41.4,-35.2,,-0.0
2026-08-26T21:01:08+00:00,solar_ems_001,100.0,2026-08-26T21:06:08+00:00,116.59,143.33,155.47,99.7,99.8,80.4,0.0,-0.0,Clouds,22.43,0.0,1,40.7,58.32,,-0.0
2026-08-26T21:06:08+00:00,solar_ems_001,100.0,2026-08-26T21:11:08+00:00,119.3,124.68,-1.0,99.8,99.8,80.1,0.0,-0.01,Clouds,22.43,0.0,1,6.5,8.09,,-0.01
2026-08-26T21:11:08+00:00,solar_ems_001,100.0,2026-08-26T21:16:08+00:00,112.98,94.46,-1.0,99.9,99.8,80.0,0.0,-0.0,Clouds,22.43,0.0,1,26.3,-24.85,,-0.0
2026-08-26T21:16:08+00:00,solar_ems_001,100.0,2026-08-26T21:21:08+00:00,107.46,86.69,-1.0,99.9,99.8,79.1,0.0,0.01,Clouds,22.43,0.0,1,30.3,-26.29,100.0,0.01
2026-08-26T21:21:08+00:00,solar_ems_001,100.0,2026-08-26T21:26:08+00:00,106.44,101.51,-1.0,99.9,99.8,81.0,0.0,0.0,Clouds,22.43,0.0,1,5.9,-5.95,32.0,0.0
2026-08-26T21:26:08+00:00,solar_ems_001,100.0,2026-08-26T21:31:08+00:00,122.11,194.62,225.43,99.8,99.8,80.8,0.0,0.01,Clouds,22.43,0.0,1,45.3,88.17,87.1,0.01
2026-08-26T21:31:08+00:00,solar_ems_001,100.0,2026-08-26T21:36:08+00:00,128.31,154.92,167.6,99.8,99.8,79.6,0.03,0.04,Clouds,22.43,0.0,1,21.2,32.81,99.8,0.04
2026-08-26T21:36:08+00:00,solar_ems_001,100.0,2026-08-26T21:41:08+00:00,116.99,86.22,-1.0,99.9,99.8,79.8,0.0,0.0,Clouds,22.43,0.0,1,48.8,-42.09,1032.7,-0.03
2026-08-26T21:41:08+00:00,solar_ems_001,100.0,2026-08-26T21:46:08+00:00,117.49,136.84,-1.0,100.0,99.9,79.2,0.01,0.0,Clouds,22.43,0.0,1,14.5,19.85,304.0,-0.0
2026-08-26T21:46:08+00:00,solar_ems_001,100.0,2026-08-26T21:51:08+00:00,122.64,150.04,-1.0,100.0,99.9,79.4,0.0,-0.0,Clouds,22.43,0.0,1,21.7,32.55,,-0.01
2026-08-26T21:51:08+00:00,solar_ems_001,100.0,2026-08-26T21:56:08+00:00,121.47,112.84,235.89,99.8,99.9,79.6,0.0,0.0,Clouds,22.43,0.0,1,8.7,-9.79,39.9,-0.0
2026-08-26T21:56:08+00:00,solar_ems_001,100.0,2026-08-26T22:01:08+00:00,117.92,86.59,155.13,99.8,99.9,80.0,0.0,-0.01,Clouds,22.43,0.0,1,40.3,-34.88,,-0.01
2026-08-26T22:01:08+00:00,solar_ems_001,100.0,2026-08-26T22:06:08+00:00,114.12,154.32,-1.0,99.9,99.9,80.1,0.01,-0.0,Clouds,22.16,0.0,1,23.6,36.4,,-0.0
2026-08-26T22:06:08+00:00,solar_ems_001,100.0,2026-08-26T22:11:08+00:00,114.83,116.96,-1.0,99.9,99.9,80.2,0.0,-0.01,Clouds,22.16,0.0,1,2.4,2.84,,-0.01
2026-08-26T22:11:08+00:00,solar_ems_001,100.0,2026-08-26T22:16:08+00:00,111.33,95.17,-1.0,100.0,99.9,79.1,0.0,-0.04,Clouds,22.16,0.0,1,20.7,-19.65,,-0.04
2026-08-26T22:16:08+00:00,solar_ems_001,100.0,2026-08-26T22:21:08+00:00,109.55,96.36,7237.45,99.9,99.9,78.8,0.0,-0.03,Clouds,22.16,0.0,1,15.5,-14.97,,-0.03
2026-08-26T22:21:08+00:00,solar_ems_001,100.0,2026-08-26T22:26:08+00:00,113.97,103.87,558.59,99.9,99.9,80.2,0.0,-0.0,Clouds,22.16,0.0,1,5.5,-5.67,,-0.0
2026-08-26T22:26:08+00:00,solar_ems_001,100.0,2026-08-26T22:31:08+00:00,112.64,116.33,245.2,99.8,99.9,79.4,0.0,-0.01,Clouds,22.16,0.0,1,2.0,2.36,,-0.01
2026-08-26T22:31:08+00:00,solar_ems_001,100.0,2026-08-26T22:36:08+00:00,116.05,159.26,-1.0,99.9,99.9,79.6,0.0,-0.01,Clouds,22.16,0.0,1,29.3,46.62,,-0.01
2026-08-26T22:36:08+00:00,solar_ems_001,100.0,2026-08-26T22:41:08+00:00,120.09,122.81,-1.0,99.9,99.9,79.0,0.0,-0.01,Clouds,22.16,0.0,1,5.5,6.76,,-0.01
2026-08-26T22:41:08+00:00,solar_ems_001,100.0,2026-08-26T22:46:08+00:00,120.73,106.56,-1.0,100.0,99.9,79.0,0.0,-0.01,Clouds,22.16,0.0,1,12.7,-13.53,,-0.01
2026-08-26T22:46:08+00:00,solar_ems_001,100.0,2026-08-26T22:51:08+00:00,116.24,103.27,-1.0,100.0,99.9,79.8,0.0,-0.0,Clouds,22.16,0.0,1,16.9,-17.46,,-0.0
2026-08-26T22:51:08+00:00,solar_ems_001,100.0,2026-08-26T22:56:08+00:00,117.47,111.68,169.15,99.8,99.9,80.0,0.0,-0.01,Clouds,22.16,0.0,1,4.1,-4.56,,-0.01
2026-08-26T22:56:08+00:00,solar_ems_001,100.0,2026-08-26T23:01:08+00:00,120.93,124.16,576.17,99.9,99.9,79.5,0.0,-0.0,Clouds,22.16,0.0,1,5.4,6.69,,-0.0
2026-08-26T23:01:08+00:00,solar_ems_001,100.0,2026-08-26T23:06:08+00:00,162.82,97.32,-1.0,99.9,99.9,80.0,0.01,-0.0,Clouds,22.0,0.0,1,24.3,-23.62,,-0.0
2026-08-26T23:06:08+00:00,solar_ems_001,100.0,2026-08-26T23:11:08+00:00,119.39,84.68,-1.0,100.0,99.9,78.9,0.0,-0.01,Clouds,22.0,0.0,1,92.3,-78.14,,-0.02
2026-08-26T23:11:08+00:00,solar_ems_001,100.0,2026-08-26T23:16:08+00:00,132.92,160.52,-1.0,100.0,99.9,79.1,0.0,-0.01,Clouds,22.0,0.0,1,25.6,41.13,,-0.01
2026-08-26T23:16:08+00:00,solar_ems_001,100.0,2026-08-26T23:21:08+00:00,130.92,111.93,10449.96,99.9,99.9,79.1,0.0,0.0,Clouds,22.0,0.0,1,18.7,-20.98,224.3,-0.0
2026-08-26T23:21:08+00:00,solar_ems_001,100.0,2026-08-26T23:26:08+00:00,122.32,114.28,155.45,99.8,99.9,80.0,0.0,-0.0,Clouds,22.0,0.0,1,14.6,-16.65,,-0.01
2026-08-26T23:26:08+00:00,solar_ems_001,100.0,2026-08-26T23:31:08+00:00,127.42,143.75,527.67,99.9,99.9,79.4,0.0,-0.01,Clouds,22.0,0.0,1,14.9,21.43,,-0.01
2026-08-26T23:31:08+00:00,solar_ems_001,100.0,2026-08-26T23:36:08+00:00,127.95,104.95,-1.0,99.9,99.9,79.1,0.0,-0.0,Clouds,22.0,0.0,1,21.4,-22.47,,-0.0
2026-08-26T23:36:08+00:00,solar_ems_001,100.0,2026-08-26T23:41:08+00:00,121.65,102.06,-1.0,100.0,99.9,78.8,0.0,0.0,Clouds,22.0,0.0,1,25.4,-25.89,100.0,0.0
2026-08-26T23:41:08+00:00,solar_ems_001,100.0,2026-08-26T23:46:08+00:00,104.54,97.48,-1.0,99.9,99.9,79.0,0.0,0.0,Clouds,22.0,0.0,1,24.8,-24.17,,-0.0
2026-08-26T23:46:08+00:00,solar_ems_001,100.0,2026-08-26T23:51:08+00:00,100.42,79.75,227.38,99.9,99.9,79.8,0.0,-0.0,Clouds,22.0,0.0,1,31.1,-24.79,,-0.0
2026-08-26T23:51:08+00:00,solar_ems_001,100.0,2026-08-26T23:56:08+00:00,139.02,102.26,153.96,99.8,99.9,79.6,0.01,0.0,Clouds,22.0,0.0,1,1.8,1.84,100.0,0.0
2026-08-26T23:56:08+00:00,solar_ems_001,100.0,2026-08-27T00:01:08+00:00,131.02,188.78,-1.0,100.0,99.9,79.4,0.0,-0.0,Clouds,22.0,0.0,1,26.4,49.77,,-0.01
2026-08-27T00:01:08+00:00,solar_ems_001,100.0,2026-08-27T00:06:08+00:00,147.55,139.97,-1.0,100.0,99.9,78.9,0.0,-0.01,Clouds,22.0,0.0,1,6.4,8.95,,-0.01
2026-08-27T00:06:08+00:00,solar_ems_001,99.0,2026-08-27T00:11:08+00:00,156.32,73.52,-1.0,100.0,99.9,79.0,0.01,0.02,Clouds,21.96,0.0,1,100.7,-74.04,100.0,0.02
2026-08-27T00:11:08+00:00,solar_ems_001,99.0,2026-08-27T00:16:08+00:00,62.34,84.38,-1.0,100.0,99.9,79.4,0.0,-0.0,Clouds,21.96,0.0,1,85.3,-71.94,,-0.01
2026-08-27T00:16:08+00:00,solar_ems_001,99.0,2026-08-27T00:21:08+00:00,120.16,93.7,156.04,99.9,99.9,79.4,0.01,0.01,Clouds,21.96,0.0,1,33.5,31.36,100.0,0.01
2026-08-27T00:21:08+00:00,solar_ems_001,99.0,2026-08-27T00:26:08+00:00,66.72,87.09,-1.0,99.9,99.9,79.5,0.0,-0.0,Clouds,21.96,0.0,1,38.0,-33.07,,-0.02
2026-08-27T00:26:08+00:00,solar_ems_001,99.0,2026-08-27T00:31:08+00:00,76.69,65.41,-1.0,99.9,99.9,78.9,0.0,-0.01,Clouds,21.96,0.0,1,2.0,-1.31,,-0.01
2026-08-27T00:31:08+00:00,solar_ems_001,99.0,2026-08-27T00:36:08+00:00,123.59,115.27,-1.0,100.0,99.9,78.8,0.0,0.0,Clouds,21.96,0.0,1,33.5,38.57,100.0,0.0
2026-08-27T00:36:08+00:00,solar_ems_001,99.0,2026-08-27T00:41:08+00:00,98.99,88.81,-1.0,100.0,99.9,79.1,0.0,-0.0,Clouds,21.96,0.0,1,39.2,-34.78,,-0.01
2026-08-27T00:41:08+00:00,solar_ems_001,99.0,2026-08-27T00:46:08+00:00,126.85,173.51,406.6,99.9,99.9,79.8,0.0,0.0,Clouds,21.96,0.0,1,42.9,74.52,100.0,0.0
2026-08-27T00:46:08+00:00,solar_ems_001,99.0,2026-08-27T00:51:08+00:00,132.41,124.08,184.11,99.9,99.9,80.0,0.0,0.0,Clouds,21.96,0.0,1,2.2,-2.77,9.9,0.0
2026-08-27T00:51:08+00:00,solar_ems_001,99.0,2026-08-27T00:56:08+00:00,124.06,93.31,-1.0,99.9,99.9,79.6,0.0,-0.0,Clouds,21.96,0.0,1,41.9,-39.1,,-0.0
2026-08-27T00:56:08+00:00,solar_ems_001,99.0,2026-08-27T01:01:08+00:00,123.6,182.12,-1.0,100.0,99.9,79.5,0.0,0.0,Clouds,21.96,0.0,1,31.9,58.07,94.1,0.0
2026-08-27T01:01:08+00:00,solar_ems_001,99.0,2026-08-27T01:06:08+00:00,120.58,132.53,-1.0,100.0,99.9,78.1,0.0,-0.01,Clouds,21.96,0.0,1,6.7,8.92,,-0.01
2026-08-27T01:06:08+00:00,solar_ems_001,99.0,2026-08-27T01:11:08+00:00,111.32,127.43,-1.0,100.0,99.9,79.2,0.0,-0.02,Clouds,21.96,0.0,1,5.4,6.85,,-0.02
2026-08-27T01:11:08+00:00,solar_ems_001,100.0,2026-08-27T01:16:08+00:00,128.87,90.78,201.94,99.9,99.9,80.0,0.0,0.0,Clouds,21.8,0.0,1,22.6,-20.54,,0.0
2026-08-27T01:16:08+00:00,solar_ems_001,100.0,2026-08-27T01:21:08+00:00,79.06,97.71,183.09,99.9,99.9,79.6,0.0,-0.02,Clouds,21.8,0.0,1,31.9,-31.16,,-0.02
2026-08-27T01:21:08+00:00,solar_ems_001,100.0,2026-08-27T01:26:08+00:00,91.99,62.63,15709.11,99.9,99.9,79.1,0.0,-0.01,Clouds,21.8,0.0,1,26.2,-16.43,,-0.01
2026-08-27T01:26:08+00:00,solar_ems_001,100.0,2026-08-27T01:31:08+00:00,116.32,83.03,-1.0,100.0,99.9,78.6,0.01,0.01,Clouds,21.8,0.0,1,10.8,-8.95,100.0,0.01
2026-08-27T01:31:08+00:00,solar_ems_001,100.0,2026-08-27T01:36:08+00:00,89.07,97.93,-1.0,100.0,99.9,78.9,0.0,-0.0,Clouds,21.8,0.0,1,18.8,-18.38,,-0.01
2026-08-27T01:36:08+00:00,solar_ems_001,100.0,2026-08-27T01:41:08+00:00,99.06,75.0,-1.0,100.0,99.9,79.2,0.0,0.0,Clouds,21.8,0.0,1,18.8,-14.07,100.0,0.0
2026-08-27T01:41:08+00:00,solar_ems_001,100.0,2026-08-27T01:46:08+00:00,85.17,91.11,208.73,99.9,99.9,79.6,0.0,-0.0,Clouds,21.8,0.0,1,8.7,-7.95,,-0.0
2026-08-27T01:46:08+00:00,solar_ems_001,100.0,2026-08-27T01:51:08+00:00,106.97,116.32,949.03,99.9,99.9,79.5,0.0,0.0,Clouds,21.8,0.0,1,26.8,31.15,,0.0
2026-08-27T01:51:08+00:00,solar_ems_001,100.0,2026-08-27T01:56:08+00:00,119.13,149.89,-1.0,99.9,99.9,80.1,0.0,0.0,Clouds,21.8,0.0,1,28.6,42.92,,0.0
2026-08-27T01:56:08+00:00,solar_ems_001,100.0,2026-08-27T02:01:08+00:00,134.44,71.73,-1.0,100.0,99.9,75.9,0.0,-0.0,Clouds,21.8,0.0,1,66.1,-47.4,,-0.0
2026-08-27T02:01:08+00:00,solar_ems_001,100.0,2026-08-27T02:06:08+00:00,91.15,137.77,-1.0,100.0,99.9,78.9,0.0,0.01,Clouds,21.8,0.0,1,2.4,3.34,100.0,0.01
2026-08-27T02:06:08+00:00,solar_ems_001,100.0,2026-08-27T02:11:08+00:00,134.75,86.55,181.01,99.9,99.9,79.5,0.01,0.02,Clouds,21.8,0.0,1,5.3,-4.61,95.6,0.02
2026-08-27T02:11:08+00:00,solar_ems_001,100.0,2026-08-27T02:16:08+00:00,91.4,111.29,156.29,99.9,99.9,79.6,0.01,0.01,Clouds,21.8,0.0,1,21.1,-23.47,19.7,-0.0
2026-08-27T02:16:08+00:00,solar_ems_001,100.0,2026-08-27T02:21:08+00:00,115.28,103.45,-1.0,99.9,99.9,78.9,0.01,0.02,Clouds,21.68,0.0,1,11.7,12.05,30.3,0.01
2026-08-27T02:21:08+00:00,solar_ems_001,100.0,2026-08-27T02:26:08+00:00,80.65,132.94,-1.0,100.0,99.9,78.6,0.0,-0.0,Clouds,21.68,0.0,1,13.3,17.66,,-0.01
2026-08-27T02:26:08+00:00,solar_ems_001,100.0,2026-08-27T02:31:08+00:00,111.31,105.11,-1.0,100.0,99.9,78.5,0.0,0.0,Clouds,21.68,0.0,1,23.3,24.45,190.2,-0.0
2026-08-27T02:31:08+00:00,solar_ems_001,100.0,2026-08-27T02:36:08+00:00,100.22,164.48,-1.0,100.0,99.9,79.1,0.0,-0.0,Clouds,21.68,0.0,1,32.3,53.17,,-0.0
2026-08-27T02:36:08+00:00,solar_ems_001,100.0,2026-08-27T02:41:08+00:00,151.22,168.06,211.6,99.9,99.9,79.4,0.0,0.0,Clouds,21.68,0.0,1,40.4,67.84,,0.0
2026-08-27T02:41:08+00:00,solar_ems_001,100.0,2026-08-27T02:46:08+00:00,137.66,91.56,415.69,99.9,99.9,79.5,0.0,-0.01,Clouds,21.68,0.0,1,65.2,-59.67,,-0.01
2026-08-27T02:46:08+00:00,solar_ems_001,100.0,2026-08-27T02:51:08+00:00,106.22,118.67,-1.0,100.0,99.9,78.8,0.0,-0.01,Clouds,21.68,0.0,1,16.0,-18.99,,-0.01
2026-08-27T02:51:08+00:00,solar_ems_001,100.0,2026-08-27T02:56:08+00:00,121.42,123.28,-1.0,100.0,99.9,77.9,0.0,-0.0,Clouds,21.68,0.0,1,13.8,17.06,,-0.0
2026-08-27T02:56:08+00:00,solar_ems_001,100.0,2026-08-27T03:01:08+00:00,133.68,134.55,-1.0,100.0,99.9,78.8,0.0,-0.0,Clouds,21.68,0.0,1,9.8,13.13,,-0.0
2026-08-27T03:01:08+00:00,solar_ems_001,100.0,2026-08-27T03:06:08+00:00,118.06,104.58,-1.0,100.0,99.9,80.0,0.0,-0.0,Clouds,21.68,0.0,1,27.8,-29.1,,-0.0
2026-08-27T03:06:08+00:00,solar_ems_001,100.0,2026-08-27T03:11:08+00:00,112.01,101.16,224.72,99.9,99.9,79.6,0.0,0.0,Clouds,21.68,0.0,1,16.7,-16.9,100.0,0.0
2026-08-27T03:11:08+00:00,solar_ems_001,100.0,2026-08-27T03:16:08+00:00,116.0,135.5,214.07,99.9,99.9,79.0,0.0,0.01,Clouds,21.68,0.0,1,17.3,23.49,54.1,0.0
2026-08-27T03:16:08+00:00,solar_ems_001,100.0,2026-08-27T03:21:08+00:00,120.0,128.26,-1.0,99.9,99.9,78.8,0.0,0.0,Clouds,21.57,0.0,1,9.6,12.26,24.0,-0.0
2026-08-27T03:21:08+00:00,solar_ems_001,100.0,2026-08-27T03:26:08+00:00,127.81,153.79,-1.0,100.0,99.9,78.5,0.0,0.0,Clouds,21.57,0.0,1,22.0,33.79,46.1,0.0
2026-08-27T03:26:08+00:00,solar_ems_001,100.0,2026-08-27T03:31:08+00:00,129.29,113.01,-1.0,100.0,99.9,78.4,0.0,-0.0,Clouds,21.57,0.0,1,13.1,-14.8,,-0.0
2026-08-27T03:31:08+00:00,solar_ems_001,100.0,2026-08-27T03:36:08+00:00,118.58,110.28,527.91,99.9,99.9,79.2,0.0,-0.0,Clouds,21.57,0.0,1,17.2,-19.01,,-0.0
2026-08-27T03:36:08+00:00,solar_ems_001,100.0,2026-08-27T03:41:08+00:00,101.96,195.95,157.92,99.9,99.9,79.2,0.0,-0.0,Clouds,21.57,0.0,1,39.5,77.37,,-0.0
2026-08-27T03:41:08+00:00,solar_ems_001,100.0,2026-08-27T03:46:08+00:00,154.54,106.6,189.19,99.9,99.9,78.4,0.0,-0.0,Clouds,21.57,0.0,1,4.3,4.63,,-0.0
2026-08-27T03:46:08+00:00,solar_ems_001,100.0,2026-08-27T03:51:08+00:00,126.12,112.61,-1.0,100.0,99.9,76.6,0.0,-0.0,Clouds,21.57,0.0,1,37.2,-41.93,,-0.0
2026-08-27T03:51:08+00:00,solar_ems_001,100.0,2026-08-27T03:56:08+00:00,109.44,94.82,-1.0,100.0,99.9,78.4,0.0,-0.0,Clouds,21.57,0.0,1,33.0,-31.3,,-0.0
2026-08-27T03:56:08+00:00,solar_ems_001,100.0,2026-08-27T04:01:08+00:00,107.68,88.62,-1.0,100.0,99.9,79.4,0.0,-0.01,Clouds,21.57,0.0,1,23.5,-20.82,,-0.01
2026-08-27T04:01:08+00:00,solar_ems_001,100.0,2026-08-27T04:06:08+00:00,107.56,100.88,-1.0,100.0,99.9,79.2,0.0,-0.01,Clouds,21.57,0.0,1,6.7,-6.8,,-0.01
2026-08-27T04:06:08+00:00,solar_ems_001,100.0,2026-08-27T04:11:08+00:00,115.35,138.04,192.59,99.9,99.9,79.0,0.0,-0.01,Clouds,21.57,0.0,1,22.1,30.48,,-0.01
2026-08-27T04:11:08+00:00,solar_ems_001,100.0,2026-08-27T04:16:08+00:00,126.04,141.51,357.38,99.9,99.9,78.9,0.0,-0.0,Clouds,21.57,0.0,1,18.5,26.16,,-0.0
2026-08-27T04:16:08+00:00,solar_ems_001,100.0,2026-08-27T04:21:08+00:00,136.09,147.75,-1.0,100.0,99.9,77.8,0.0,-0.0,Clouds,21.57,0.0,1,14.7,21.7,,-0.0
2026-08-27T04:21:08+00:00,solar_ems_001,100.0,2026-08-27T04:26:08+00:00,132.78,110.43,-1.0,100.0,99.9,78.2,0.0,-0.0,Clouds,21.5,0.0,1,23.2,-25.66,,-0.0
2026-08-27T04:26:08+00:00,solar_ems_001,100.0,2026-08-27T04:31:08+00:00,113.5,110.67,-1.0,100.0,99.9,79.0,0.0,-0.0,Clouds,21.5,0.0,1,20.0,-22.11,,-0.0
2026-08-27T04:31:08+00:00,solar_ems_001,100.0,2026-08-27T04:36:08+00:00,111.43,119.42,154.07,99.9,99.9,79.0,0.0,-0.0,Clouds,21.5,0.0,1,4.9,5.91,,-0.0
2026-08-27T04:36:08+00:00,solar_ems_001,100.0,2026-08-27T04:41:08+00:00,114.37,101.51,155.62,99.9,99.9,78.9,0.0,-0.0,Clouds,21.5,0.0,1,9.8,-9.91,,-0.0
2026-08-27T04:41:08+00:00,solar_ems_001,100.0,2026-08-27T04:46:08+00:00,105.8,195.02,-1.0,100.0,99.9,79.8,0.0,-0.0,Clouds,21.5,0.0,1,41.4,80.65,,-0.0
2026-08-27T04:46:08+00:00,solar_ems_001,100.0,2026-08-27T04:51:08+00:00,118.78,92.52,-1.0,100.0,99.9,76.6,0.0,-0.02,Clouds,21.5,0.0,1,14.4,-13.29,,-0.02
2026-08-27T04:51:08+00:00,solar_ems_001,100.0,2026-08-27T04:56:08+00:00,124.34,116.97,-1.0,100.0,99.9,77.9,0.0,0.0,Clouds,21.5,0.0,1,1.5,-1.81,100.0,0.0
2026-08-27T04:56:08+00:00,solar_ems_001,100.0,2026-08-27T05:01:08+00:00,105.08,91.42,-1.0,100.0,99.9,79.2,0.0,-0.01,Clouds,21.5,0.0,1,36.0,-32.92,,-0.01
2026-08-27T05:01:08+00:00,solar_ems_001,100.0,2026-08-27T05:06:08+00:00,131.22,110.19,175.7,99.9,99.9,78.8,0.0,-0.0,Clouds,21.5,0.0,1,4.6,5.11,,-0.0
2026-08-27T05:06:08+00:00,solar_ems_001,100.0,2026-08-27T05:11:08+00:00,116.97,121.71,-1.0,100.0,99.9,78.5,0.0,-0.01,Clouds,21.5,0.0,1,7.8,-9.51,,-0.01
2026-08-27T05:11:08+00:00,solar_ems_001,100.0,2026-08-27T05:16:08+00:00,49.15,96.32,-1.0,100.0,99.9,78.5,0.0,-0.05,Clouds,21.5,0.0,1,21.4,-20.65,,-0.05
2026-08-27T05:16:08+00:00,solar_ems_001,100.0,2026-08-27T05:21:08+00:00,90.18,160.6,-1.0,100.0,99.9,78.1,0.0,-0.1,Clouds,21.5,0.0,1,69.4,111.46,,-0.1
2026-08-27T05:21:08+00:00,solar_ems_001,100.0,2026-08-27T05:26:08+00:00,131.0,109.47,-1.0,100.0,99.9,78.0,0.0,-0.13,Clouds,21.5,0.0,1,17.6,19.29,,-0.13
2026-08-27T05:26:08+00:00,solar_ems_001,100.0,2026-08-27T05:31:08+00:00,94.01,106.09,-1.0,100.0,99.9,79.0,0.0,-0.15,Clouds,21.48,0.0,1,23.5,-24.91,,-0.15
2026-08-27T05:31:08+00:00,solar_ems_001,100.0,2026-08-27T05:36:08+00:00,112.16,124.18,197.88,99.9,99.9,79.0,0.0,0.0,Clouds,21.48,0.0,1,24.3,30.17,,0.0
2026-08-27T05:36:08+00:00,solar_ems_001,100.0,2026-08-27T05:41:08+00:00,183.71,200.82,5226.41,99.9,99.9,78.1,0.21,0.31,Clouds,21.48,0.0,1,44.1,88.66,100.0,0.31
2026-08-27T05:41:08+00:00,solar_ems_001,100.0,2026-08-27T05:46:08+00:00,828.58,114.47,-1.0,100.0,99.9,76.1,2.32,2.32,Clouds,21.48,0.0,1,60.5,-69.24,91.1,2.12
2026-08-27T05:46:08+00:00,solar_ems_001,100.0,2026-08-27T05:51:08+00:00,281.86,106.07,-1.0,100.0,99.9,77.2,0.44,5.47,Clouds,21.48,0.0,1,681.2,-722.51,57.5,3.14
2026-08-27T05:51:08+00:00,solar_ems_001,100.0,2026-08-27T05:56:08+00:00,177.55,134.63,-1.0,100.0,99.9,78.4,2.74,8.85,Clouds,21.48,0.0,1,109.4,-147.23,95.0,8.4
2026-08-27T05:56:08+00:00,solar_ems_001,100.0,2026-08-27T06:01:08+00:00,172.32,116.68,99.96,99.9,99.9,79.4,12.61,13.28,Clouds,21.48,0.0,1,52.2,-60.87,79.4,10.54
2026-08-27T06:01:08+00:00,solar_ems_001,100.0,2026-08-27T06:06:08+00:00,127.59,115.01,259.54,99.9,99.9,79.4,9.21,13.8,Clouds,21.48,0.0,1,49.8,-57.31,8.6,1.19
2026-08-27T06:06:08+00:00,solar_ems_001,100.0,2026-08-27T06:11:08+00:00,119.75,130.46,-1.0,100.0,99.9,79.2,21.08,17.32,Clouds,21.48,0.0,1,2.2,2.87,46.8,8.11
2026-08-27T06:11:08+00:00,solar_ems_001,100.0,2026-08-27T06:16:08+00:00,123.24,140.92,-1.0,100.0,99.9,78.5,13.43,15.67,Clouds,21.48,0.0,1,15.0,21.18,34.5,-5.41
2026-08-27T06:16:08+00:00,solar_ems_001,100.0,2026-08-27T06:21:08+00:00,120.45,95.75,-1.0,100.0,99.9,78.2,0.59,3.15,Clouds,21.48,0.0,1,28.7,-27.49,325.8,-10.28
2026-08-27T06:21:08+00:00,solar_ems_001,100.0,2026-08-27T06:26:08+00:00,118.69,166.89,-1.0,100.0,99.9,78.5,0.55,2.77,Clouds,21.48,0.0,1,27.8,46.44,78.8,2.18
2026-08-27T06:26:08+00:00,solar_ems_001,100.0,2026-08-27T06:31:08+00:00,127.36,114.47,158.42,99.9,99.9,79.6,1.46,2.62,Clouds,21.48,0.0,1,3.7,-4.23,78.9,2.07
2026-08-27T12:31:07+00:00,solar_ems_001,100.0,2026-08-27T12:36:07+00:00,132.07,132.07,-1.0,100.0,100.0,95.0,29.31,29.31,Clouds,27.0,0.0,1,3.6,4.7,95.0,27.85
2026-08-27T12:36:07+00:00,solar_ems_001,100.0,2026-08-27T12:41:07+00:00,160.65,184.86,-1.0,100.0,100.0,95.3,28.84,28.45,Clouds,27.0,0.0,1,28.6,52.79,3.0,-0.86
2026-08-27T12:41:07+00:00,solar_ems_001,100.0,2026-08-27T12:46:07+00:00,157.84,147.73,-1.0,100.0,100.0,95.5,28.79,28.67,Clouds,27.0,0.0,1,8.8,-12.93,0.6,-0.17
2026-08-27T12:46:07+00:00,solar_ems_001,100.0,2026-08-27T12:51:07+00:00,147.27,115.69,75.6,99.9,100.0,95.2,28.14,26.16,Clouds,27.0,0.0,1,36.4,-42.15,10.0,-2.62
2026-08-27T12:51:07+00:00,solar_ems_001,100.0,2026-08-27T12:56:07+00:00,137.94,102.81,110.53,99.9,100.0,95.3,26.87,22.05,Clouds,27.0,0.0,1,43.2,-44.46,27.6,-6.09
2026-08-27T12:56:07+00:00,solar_ems_001,100.0,2026-08-27T13:01:07+00:00,133.7,114.82,207.5,99.9,99.9,95.0,21.59,10.54,Clouds,27.0,0.0,1,20.1,-23.11,155.0,-16.33
2026-08-27T13:01:07+00:00,solar_ems_001,100.0,2026-08-27T13:06:07+00:00,130.85,117.82,-1.0,100.0,100.0,94.6,8.12,8.12,Clouds,27.0,0.0,1,13.5,-15.88,166.0,-13.47
2026-08-27T13:06:07+00:00,solar_ems_001,100.0,2026-08-27T13:11:07+00:00,130.0,123.58,-1.0,100.0,100.0,94.1,15.77,15.0,Clouds,27.0,0.0,1,5.9,-7.28,45.9,6.88
2026-08-27T13:11:07+00:00,solar_ems_001,100.0,2026-08-27T13:16:07+00:00,127.08,104.94,-1.0,100.0,100.0,94.4,17.48,20.03,Clouds,27.0,0.0,1,23.9,-25.05,21.3,4.27
2026-08-27T13:16:07+00:00,solar_ems_001,100.0,2026-08-27T13:21:07+00:00,127.01,126.17,137.2,99.9,100.0,94.6,19.42,19.46,Clouds,27.0,0.0,1,0.7,-0.91,10.2,1.98
2026-08-27T13:21:07+00:00,solar_ems_001,100.0,2026-08-27T13:26:07+00:00,127.41,131.79,98.61,99.9,99.9,94.6,25.21,30.92,Clouds,27.0,0.0,1,3.6,4.78,37.2,11.5
2026-08-27T13:26:07+00:00,solar_ems_001,100.0,2026-08-27T13:31:07+00:00,129.57,152.51,235.07,99.9,99.9,96.1,21.85,22.08,Clouds,27.0,0.0,1,16.5,25.09,14.2,-3.13
2026-08-27T13:31:07+00:00,solar_ems_001,100.0,2026-08-27T13:36:07+00:00,128.9,121.07,-1.0,100.0,100.0,94.6,15.27,10.49,Clouds,27.0,0.0,1,7.0,-8.5,108.3,-11.36
2026-08-27T13:36:07+00:00,solar_ems_001,100.0,2026-08-27T13:41:07+00:00,128.59,124.07,-1.0,100.0,100.0,94.1,12.56,10.55,Clouds,27.04,0.0,1,3.9,-4.83,44.7,-4.72
2026-08-27T14:01:07+00:00,solar_ems_001,100.0,2026-08-27T14:06:07+00:00,122.97,122.97,-1.0,100.0,100.0,93.6,14.87,14.87,Clouds,27.04,0.0,1,4.6,-5.62,15.5,2.31
2026-08-27T14:06:07+00:00,solar_ems_001,100.0,2026-08-27T14:11:07+00:00,128.38,132.96,-1.0,100.0,100.0,93.5,15.95,16.87,Clouds,27.04,0.0,1,7.5,9.99,11.9,2.0
2026-08-27T14:11:07+00:00,solar_ems_001,100.0,2026-08-27T14:16:07+00:00,132.89,145.33,-1.0,100.0,100.0,94.2,16.69,18.7,Clouds,27.04,0.0,1,11.7,16.95,14.7,2.75
2026-08-27T14:16:07+00:00,solar_ems_001,100.0,2026-08-27T14:21:07+00:00,133.53,135.66,87.94,99.9,100.0,94.1,17.28,19.13,Clouds,27.04,0.0,1,2.0,2.77,12.8,2.44
2026-08-27T14:21:07+00:00,solar_ems_001,100.0,2026-08-27T14:26:07+00:00,135.56,143.19,119.94,99.9,100.0,93.9,17.72,19.36,Clouds,27.04,0.0,1,6.8,9.67,10.7,2.07
2026-08-27T14:26:07+00:00,solar_ems_001,100.0,2026-08-27T14:31:07+00:00,134.83,131.92,167.56,99.9,100.0,94.2,19.01,24.48,Clouds,27.04,0.0,1,2.8,-3.64,27.6,6.76
2026-08-27T14:31:07+00:00,solar_ems_001,100.0,2026-08-27T14:36:07+00:00,144.29,188.01,206.72,99.9,99.9,94.5,41.88,35.65,Clouds,27.04,0.0,1,28.3,53.18,46.7,16.64
2026-08-27T14:36:07+00:00,solar_ems_001,100.0,2026-08-27T14:41:07+00:00,145.3,169.76,-1.0,100.0,100.0,95.4,22.92,24.86,Clouds,27.04,0.0,1,15.0,25.47,68.5,-17.02
2026-08-27T14:41:07+00:00,solar_ems_001,100.0,2026-08-27T14:46:07+00:00,138.08,127.1,-1.0,100.0,100.0,95.7,19.19,18.86,Clouds,27.04,0.0,1,14.3,-18.2,21.6,-4.07
2026-08-27T14:46:07+00:00,solar_ems_001,100.0,2026-08-27T14:51:07+00:00,135.39,124.2,257.21,99.9,100.0,94.6,4.96,4.96,Clouds,27.04,0.0,1,11.2,-13.88,287.2,-14.24
2026-08-27T14:51:07+00:00,solar_ems_001,100.0,2026-08-27T14:56:07+00:00,132.76,115.93,320.56,99.9,100.0,94.3,10.72,11.89,Clouds,27.04,0.0,1,16.8,-19.46,58.3,6.93
2026-08-27T14:56:07+00:00,solar_ems_001,100.0,2026-08-27T15:01:07+00:00,130.27,107.88,-1.0,100.0,100.0,93.9,1.65,1.65,Clouds,27.04,0.0,1,23.1,-24.88,549.3,-9.07
2026-08-27T15:46:07+00:00,solar_ems_001,100.0,2026-08-27T15:51:07+00:00,173.9,173.9,193.46,99.5,99.5,86.9,0.92,0.92,Clouds,25.34,0.0,1,25.1,43.63,79.3,-0.73
2026-08-27T15:51:07+00:00,solar_ems_001,100.0,2026-08-27T15:56:07+00:00,184.51,193.49,-1.0,99.5,99.5,86.1,1.17,1.38,Clouds,25.34,0.0,1,10.1,19.6,33.5,0.46
2026-08-27T15:56:07+00:00,solar_ems_001,100.0,2026-08-27T16:01:07+00:00,168.77,123.19,-1.0,99.6,99.5,84.5,1.36,1.86,Clouds,25.34,0.0,1,49.8,-61.32,37.1,0.69
2026-08-27T16:01:07+00:00,solar_ems_001,100.0,2026-08-27T16:06:07+00:00,162.28,142.44,-1.0,99.7,99.6,84.2,1.48,1.86,Clouds,25.34,0.0,1,18.5,-26.32,27.2,0.51
2026-08-27T16:06:07+00:00,solar_ems_001,100.0,2026-08-27T16:11:07+00:00,152.78,152.78,-1.0,99.6,99.6,84.6,1.82,1.82,Rain,25.34,1.0,1,6.2,-9.5,18.9,0.34
2026-08-27T16:11:07+00:00,solar_ems_001,100.0,2026-08-27T16:16:07+00:00,136.42,122.57,652.75,99.6,99.6,84.4,1.94,2.04,Rain,25.34,1.0,1,24.7,-30.22,10.7,0.22
2026-08-27T16:16:07+00:00,solar_ems_001,100.0,2026-08-27T16:21:07+00:00,141.96,158.92,-1.0,99.6,99.6,83.8,1.94,1.92,Rain,25.34,1.0,1,14.2,22.5,1.2,-0.02
2026-08-27T16:21:07+00:00,solar_ems_001,100.0,2026-08-27T16:26:07+00:00,136.14,118.36,-1.0,99.7,99.6,83.0,1.64,0.74,Rain,25.34,1.0,1,19.9,-23.6,163.5,-1.2
2026-08-27T16:26:07+00:00,solar_ems_001,100.0,2026-08-27T16:31:07+00:00,134.19,126.62,-1.0,99.7,99.7,82.8,6.53,6.53,Rain,25.34,1.0,1,7.5,-9.52,74.9,4.89
2026-08-27T16:31:07+00:00,solar_ems_001,100.0,2026-08-27T16:36:07+00:00,140.08,165.24,-1.0,99.8,99.7,83.2,3.58,6.17,Rain,25.34,1.0,1,18.8,31.05,5.8,-0.35
2026-08-27T16:36:07+00:00,solar_ems_001,100.0,2026-08-27T16:41:07+00:00,141.36,146.77,-1.0,99.7,99.7,81.0,4.15,3.4,Rain,25.34,1.0,1,4.6,6.68,5.5,-0.19
2026-08-27T16:41:07+00:00,solar_ems_001,100.0,2026-08-27T16:46:07+00:00,137.05,128.71,165.29,99.6,99.7,84.1,4.13,2.34,Rain,25.34,1.0,1,9.8,-12.65,77.3,-1.81
2026-08-27T16:46:07+00:00,solar_ems_001,100.0,2026-08-27T16:51:07+00:00,146.8,196.53,-1.0,99.7,99.7,83.4,1.2,2.29,Rain,25.34,1.0,1,30.3,59.47,80.8,-1.85
2026-08-27T16:51:07+00:00,solar_ems_001,100.0,2026-08-27T16:56:07+00:00,157.76,199.0,-1.0,99.7,99.7,81.4,2.1,2.04,Rain,25.34,1.0,1,26.2,52.19,41.5,0.85
2026-08-27T16:56:07+00:00,solar_ems_001,100.0,2026-08-27T17:01:07+00:00,151.31,150.98,-1.0,99.8,99.7,80.9,2.67,1.86,Rain,25.34,1.0,1,4.5,-6.78,12.8,-0.24
2026-08-27T17:01:07+00:00,solar_ems_001,100.0,2026-08-27T17:06:07+00:00,126.85,196.57,-1.0,99.9,99.7,81.0,0.46,2.64,Rain,25.34,1.0,1,23.0,45.26,0.9,-0.02
2026-08-27T17:06:07+00:00,solar_ems_001,100.0,2026-08-27T17:11:07+00:00,154.83,145.27,508.55,99.7,99.7,82.4,2.35,1.95,Rain,25.34,1.0,1,12.7,18.42,76.6,1.49
2026-08-27T17:11:07+00:00,solar_ems_001,100.0,2026-08-27T17:16:07+00:00,155.53,164.42,184.21,99.7,99.7,81.6,2.16,2.25,Rain,24.32,1.0,1,5.8,9.6,4.7,-0.11
2026-08-27T17:16:07+00:00,solar_ems_001,100.0,2026-08-27T17:21:07+00:00,156.06,162.55,184.77,99.6,99.7,80.1,2.01,1.85,Rain,24.32,1.0,1,4.3,7.02,16.3,-0.3
2026-08-27T17:21:07+00:00,solar_ems_001,100.0,2026-08-27T17:26:07+00:00,153.29,129.98,-1.0,99.8,99.7,79.6,2.13,1.43,Rain,24.32,1.0,1,20.1,-26.08,40.8,-0.58
2026-08-27T18:21:07+00:00,solar_ems_001,98.0,2026-08-27T18:26:07+00:00,156.58,156.58,-1.0,100.0,100.0,79.8,0.0,-0.0,Rain,23.04,1.0,1,2.1,3.29,,-2.14
2026-08-27T18:26:07+00:00,solar_ems_001,98.0,2026-08-27T18:31:07+00:00,192.54,222.98,-1.0,100.0,100.0,80.9,0.0,-0.02,Rain,23.04,1.0,1,29.8,66.4,,-0.02
2026-08-27T18:31:07+00:00,solar_ems_001,98.0,2026-08-27T18:36:07+00:00,186.87,168.07,-1.0,100.0,100.0,79.8,0.0,0.02,Rain,23.04,1.0,1,14.6,-24.47,100.0,0.02
2026-08-27T18:36:07+00:00,solar_ems_001,98.0,2026-08-27T18:41:07+00:00,179.52,157.77,160.82,99.9,100.0,80.8,0.0,0.0,Rain,23.04,1.0,1,18.4,-29.1,43.3,-0.0
2026-08-27T18:41:07+00:00,solar_ems_001,98.0,2026-08-27T18:46:07+00:00,180.34,184.05,158.08,99.9,100.0,80.9,0.0,-0.01,Rain,23.04,1.0,1,2.5,4.52,,-0.02
2026-08-27T18:46:07+00:00,solar_ems_001,98.0,2026-08-27T18:51:07+00:00,173.59,143.37,-1.0,100.0,100.0,78.8,0.0,-0.03,Rain,23.04,1.0,1,25.8,-36.97,,-0.03
2026-08-27T18:51:07+00:00,solar_ems_001,98.0,2026-08-27T18:56:07+00:00,171.72,163.44,-1.0,100.0,100.0,80.1,0.0,-0.01,Rain,23.04,1.0,1,6.2,-10.15,,-0.01
2026-08-27T18:56:07+00:00,solar_ems_001,98.0,2026-08-27T19:01:07+00:00,173.88,190.57,-1.0,100.0,100.0,78.9,0.0,0.0,Rain,23.04,1.0,1,9.9,18.85,,0.0
2026-08-27T19:01:07+00:00,solar_ems_001,98.0,2026-08-27T19:06:07+00:00,174.95,183.69,1362.23,100.0,100.0,79.8,0.01,0.01,Rain,23.04,1.0,1,5.3,9.81,100.0,0.01
2026-08-27T19:06:07+00:00,solar_ems_001,98.0,2026-08-27T19:11:07+00:00,173.37,157.19,358.63,100.0,100.0,80.1,0.0,-0.03,Rain,23.04,1.0,1,11.3,-17.76,,-0.04
2026-08-27T19:11:07+00:00,solar_ems_001,98.0,2026-08-27T19:16:07+00:00,172.64,171.14,543.04,100.0,100.0,80.4,0.0,-0.0,Rain,23.04,1.0,1,1.3,-2.23,,-0.0
2026-08-27T19:16:07+00:00,solar_ems_001,98.0,2026-08-27T19:21:07+00:00,157.66,126.35,-1.0,100.0,100.0,80.0,0.0,-0.0,Rain,23.04,1.0,1,36.6,-46.29,,-0.0
2026-08-27T19:21:07+00:00,solar_ems_001,98.0,2026-08-27T19:26:07+00:00,169.99,163.08,-1.0,100.0,100.0,78.6,0.0,0.0,Rain,23.04,1.0,1,3.3,5.42,100.0,0.0
2026-08-27T19:26:07+00:00,solar_ems_001,100.0,2026-08-27T19:31:07+00:00,153.35,114.26,-1.0,100.0,100.0,79.5,0.0,-0.01,Rain,22.65,1.0,1,48.8,-55.73,,-0.01
2026-08-27T19:31:06+00:00,solar_ems_001,100.0,2026-08-27T19:36:06+00:00,162.83,136.5,156.41,99.9,100.0,79.5,0.0,-0.04,Rain,22.65,1.0,1,12.3,-16.85,,-0.04
2026-08-27T19:36:06+00:00,solar_ems_001,100.0,2026-08-27T19:41:06+00:00,161.98,150.66,161.17,99.9,100.0,80.0,0.0,-0.02,Rain,22.65,1.0,1,8.1,-12.17,,-0.02
2026-08-27T19:41:06+00:00,solar_ems_001,100.0,2026-08-27T19:46:06+00:00,161.76,157.99,-1.0,100.0,100.0,79.4,0.0,-0.01,Rain,22.65,1.0,1,2.5,-3.99,,-0.01
2026-08-27T19:46:06+00:00,solar_ems_001,100.0,2026-08-27T19:51:06+00:00,148.32,120.54,-1.0,100.0,100.0,79.2,0.0,-0.0,Rain,22.65,1.0,1,34.2,-41.23,,-0.0
2026-08-27T19:51:06+00:00,solar_ems_001,100.0,2026-08-27T19:56:06+00:00,133.93,117.28,-1.0,100.0,100.0,79.0,0.0,-0.01,Rain,22.65,1.0,1,26.5,-31.04,,-0.01
2026-08-27T19:56:06+00:00,solar_ems_001,100.0,2026-08-27T20:01:06+00:00,141.25,152.85,-1.0,100.0,100.0,79.5,0.0,-0.0,Rain,22.65,1.0,1,12.4,18.92,,-0.0
2026-08-27T20:01:06+00:00,solar_ems_001,100.0,2026-08-27T20:06:06+00:00,318.89,165.07,519.23,100.0,100.0,79.9,0.0,-0.0,Rain,22.65,1.0,1,14.4,23.82,,-0.0
2026-08-27T20:06:06+00:00,solar_ems_001,100.0,2026-08-27T20:11:06+00:00,156.63,145.26,173.38,99.9,100.0,79.9,0.0,-0.01,Rain,22.65,1.0,1,119.5,-173.62,,-0.01
2026-08-27T20:11:06+00:00,solar_ems_001,100.0,2026-08-27T20:16:06+00:00,152.2,118.49,-1.0,100.0,100.0,80.8,0.0,-0.0,Rain,22.65,1.0,1,32.2,-38.14,,-0.0
2026-08-27T20:16:06+00:00,solar_ems_001,100.0,2026-08-27T20:21:06+00:00,152.91,145.6,-1.0,100.0,100.0,79.1,0.01,0.01,Rain,22.65,1.0,1,4.5,-6.6,100.0,0.01
2026-08-27T20:21:06+00:00,solar_ems_001,100.0,2026-08-27T20:26:06+00:00,151.51,138.14,-1.0,100.0,100.0,79.8,0.0,-0.0,Rain,22.65,1.0,1,10.7,-14.77,,-0.01
2026-08-27T20:26:06+00:00,solar_ems_001,100.0,2026-08-27T20:31:06+00:00,152.48,155.88,182.19,99.9,100.0,79.4,0.0,-0.01,Rain,22.65,1.0,1,2.8,4.37,,-0.01
2026-08-27T20:31:06+00:00,solar_ems_001,100.0,2026-08-27T20:36:06+00:00,175.81,113.91,237.97,99.9,100.0,79.4,0.0,-0.02,Clouds,22.33,0.0,1,33.9,-38.58,,-0.02
2026-08-27T20:36:06+00:00,solar_ems_001,100.0,2026-08-27T20:41:06+00:00,167.73,197.3,-1.0,100.0,100.0,79.4,0.0,-0.01,Clouds,22.33,0.0,1,10.9,21.48,,-0.01
2026-08-27T20:41:06+00:00,solar_ems_001,100.0,2026-08-27T20:46:06+00:00,160.21,121.78,-1.0,100.0,100.0,79.0,0.01,0.01,Clouds,22.33,0.0,1,37.7,-45.96,100.0,0.01
2026-08-27T20:46:06+00:00,solar_ems_001,100.0,2026-08-27T20:51:06+00:00,128.31,113.4,-1.0,100.0,100.0,78.8,0.0,-0.0,Clouds,22.33,0.0,1,41.3,-46.81,,-0.01
2026-08-27T20:51:06+00:00,solar_ems_001,100.0,2026-08-27T20:56:06+00:00,115.57,109.26,-1.0,100.0,100.0,78.9,0.0,-0.01,Clouds,22.33,0.0,1,17.4,-19.05,,-0.01
2026-08-27T20:56:06+00:00,solar_ems_001,100.0,2026-08-27T21:01:06+00:00,132.54,154.06,171.5,99.9,100.0,79.6,0.0,-0.0,Clouds,22.33,0.0,1,25.0,38.49,,-0.0
2026-08-27T21:01:06+00:00,solar_ems_001,100.0,2026-08-27T21:06:06+00:00,83.52,114.74,176.71,99.9,100.0,79.2,0.0,-0.0,Clouds,22.33,0.0,1,15.5,-17.8,,-0.0
2026-08-27T21:06:06+00:00,solar_ems_001,100.0,2026-08-27T21:11:06+00:00,118.5,142.52,-1.0,100.0,100.0,79.8,0.0,-0.0,Clouds,22.33,0.0,1,41.4,59.0,,-0.0
2026-08-27T21:11:06+00:00,solar_ems_001,100.0,2026-08-27T21:16:06+00:00,138.64,135.33,-1.0,100.0,100.0,79.6,0.0,-0.01,Clouds,22.33,0.0,1,12.4,16.83,,-0.01
2026-08-27T21:16:06+00:00,solar_ems_001,100.0,2026-08-27T21:21:06+00:00,128.95,119.19,-1.0,100.0,100.0,78.4,0.01,0.02,Clouds,22.33,0.0,1,16.3,-19.45,100.0,0.02
2026-08-27T21:21:06+00:00,solar_ems_001,100.0,2026-08-27T21:26:06+00:00,134.36,144.71,635.5,100.0,100.0,78.6,0.0,-0.01,Clouds,22.33,0.0,1,10.9,15.76,,-0.02
2026-08-27T21:26:06+00:00,solar_ems_001,100.0,2026-08-27T21:31:06+00:00,139.19,106.95,194.39,99.9,100.0,81.0,0.0,-0.01,Clouds,22.33,0.0,1,25.6,-27.42,,-0.01
2026-08-27T21:31:06+00:00,solar_ems_001,100.0,2026-08-27T21:36:06+00:00,144.47,186.37,-1.0,100.0,100.0,79.2,0.0,-0.04,Clouds,22.14,0.0,1,25.3,47.18,,-0.04
2026-08-27T21:36:06+00:00,solar_ems_001,100.0,2026-08-27T21:41:06+00:00,167.77,167.49,-1.0,100.0,100.0,79.0,0.0,-0.02,Clouds,22.14,0.0,1,13.7,23.02,,-0.02
