time,battery_type,home_id,battery_current,battery_voltage,load_current,solar_current,solar_voltage,temperature,interval_s,temperature_raw,temperature_valid,generation
2026-07-29T10:59:18+00:00,LEAD_ACID,home_001,-2.3,12.3,7.5,5.2,18.5,30.0,,,,
2026-07-29T11:04:03+00:00,LEAD_ACID,home_001,-2.17,12.26,9.3,7.13,18.45,32.5,,,,
2026-07-29T11:05:52+00:00,LEAD_ACID,home_001,-7.26,12.26,14.45,7.19,18.28,33.2,,,,
2026-07-29T11:06:01+00:00,LEAD_ACID,home_001,-6.35,12.26,13.22,6.87,18.57,29.3,,,,
2026-07-29T11:06:07+00:00,LEAD_ACID,home_001,-7.71,12.26,15.26,7.55,18.57,34.1,,,,
2026-07-29T11:06:12+00:00,LEAD_ACID,home_001,-7.54,12.26,14.35,6.81,18.26,28.2,,,,
2026-07-29T11:06:17+00:00,LEAD_ACID,home_001,-6.1,12.26,13.55,7.45,18.26,33.0,,,,
2026-07-29T11:06:23+00:00,LEAD_ACID,home_001,-8.04,12.26,14.88,6.84,18.34,26.6,,,,
2026-07-29T11:06:27+00:00,LEAD_ACID,home_001,-8.47,12.26,15.4,6.93,18.61,28.4,,,,
2026-07-29T11:06:32+00:00,LEAD_ACID,home_001,-8.08,12.26,15.64,7.56,18.45,26.6,,,,
2026-07-29T11:06:37+00:00,LEAD_ACID,home_001,-6.79,12.26,13.86,7.07,18.45,25.6,,,,
2026-07-29T11:06:42+00:00,LEAD_ACID,home_001,-3.75,12.26,11.23,7.48,18.72,28.6,,,,
2026-07-29T11:06:47+00:00,LEAD_ACID,home_001,-3.33,12.26,10.31,6.98,18.51,33.4,,,,
2026-07-29T11:06:52+00:00,LEAD_ACID,home_001,-8.75,12.26,16.23,7.48,18.55,34.8,,,,
2026-07-29T11:06:57+00:00,LEAD_ACID,home_001,-5.17,12.259,12.53,7.36,18.64,28.4,,,,
2026-07-29T11:07:02+00:00,LEAD_ACID,home_001,-1.53,12.259,8.36,6.83,18.39,30.2,,,,
2026-07-29T11:07:07+00:00,LEAD_ACID,home_001,-4.18,12.259,11.21,7.03,18.68,32.3,,,,
2026-07-29T11:07:12+00:00,LEAD_ACID,home_001,-1.04,12.259,7.99,6.95,18.37,31.2,,,,
2026-07-29T11:07:17+00:00,LEAD_ACID,home_001,-1.43,12.259,8.88,7.45,18.66,34.3,,,,
2026-07-29T11:07:22+00:00,LEAD_ACID,home_001,-6.55,12.26,13.77,7.22,18.63,25.1,,,,
2026-07-29T11:07:27+00:00,LEAD_ACID,home_001,-3.56,12.259,10.65,7.09,18.37,31.5,,,,
2026-07-29T11:07:32+00:00,LEAD_ACID,home_001,-5.98,12.259,12.93,6.95,18.4,25.5,,,,
2026-07-29T11:07:37+00:00,LEAD_ACID,home_001,-0.53,12.259,7.75,7.22,18.61,34.2,,,,
2026-07-29T11:07:49+00:00,LEAD_ACID,home_001,-3.6,12.26,10.48,6.88,18.7,33.3,,,,
2026-07-29T11:07:50+00:00,LEAD_ACID,home_001,-7.92,12.26,14.97,7.05,18.38,31.3,,,,
2026-07-29T11:07:52+00:00,LEAD_ACID,home_001,-0.23,12.259,7.71,7.48,18.25,29.8,,,,
2026-07-29T11:07:57+00:00,LEAD_ACID,home_001,-6.97,12.259,14.02,7.05,18.46,31.5,,,,
2026-07-29T11:08:02+00:00,LEAD_ACID,home_001,-9.01,12.259,15.82,6.81,18.67,29.1,,,,
2026-07-29T11:08:07+00:00,LEAD_ACID,home_001,0.35,12.259,7.08,7.43,18.7,30.2,,,,
2026-07-29T11:08:12+00:00,LEAD_ACID,home_001,-6.43,12.259,13.42,6.99,18.66,26.9,,,,
2026-07-29T11:08:17+00:00,LEAD_ACID,home_001,-2.27,12.259,9.45,7.18,18.49,25.9,,,,
2026-07-29T11:08:22+00:00,LEAD_ACID,home_001,0.19,12.259,7.12,7.31,18.72,27.7,,,,
2026-07-29T11:08:27+00:00,LEAD_ACID,home_001,-2.3,12.259,9.38,7.08,18.6,27.0,,,,
2026-07-29T11:08:32+00:00,LEAD_ACID,home_001,-0.58,12.259,7.85,7.27,18.31,33.8,,,,
2026-07-29T11:08:37+00:00,LEAD_ACID,home_001,-4.07,12.26,11.0,6.93,18.66,30.3,,,,
2026-07-29T11:08:42+00:00,LEAD_ACID,home_001,-0.19,12.26,7.1,6.91,18.48,31.0,,,,
2026-07-29T11:08:47+00:00,LEAD_ACID,home_001,-0.67,12.26,7.74,7.07,18.69,25.6,,,,
2026-07-29T11:08:52+00:00,LEAD_ACID,home_001,-5.8,12.26,13.39,7.59,18.63,25.8,,,,
2026-07-29T11:08:57+00:00,LEAD_ACID,home_001,-0.62,12.26,7.63,7.01,18.46,26.5,,,,
2026-07-29T11:09:02+00:00,LEAD_ACID,home_001,-6.74,12.26,14.11,7.37,18.38,33.3,,,,
2026-07-29T11:09:07+00:00,LEAD_ACID,home_001,-6.48,12.26,13.88,7.4,18.33,27.6,,,,
2026-07-29T11:09:12+00:00,LEAD_ACID,home_001,-7.64,12.26,14.66,7.02,18.64,33.8,,,,
2026-07-29T11:09:17+00:00,LEAD_ACID,home_001,-6.59,12.259,13.47,6.88,18.66,25.8,,,,
2026-07-29T11:09:23+00:00,LEAD_ACID,home_001,0.54,12.259,6.79,7.33,18.5,30.3,,,,
2026-07-29T11:09:27+00:00,LEAD_ACID,home_001,0.26,12.259,7.07,7.33,18.41,28.9,,,,
2026-07-29T11:09:32+00:00,LEAD_ACID,home_001,-8.33,12.26,15.89,7.56,18.59,27.4,,,,
2026-07-29T11:09:37+00:00,LEAD_ACID,home_001,-0.19,12.259,7.59,7.4,18.43,25.0,,,,
2026-07-29T11:09:42+00:00,LEAD_ACID,home_001,0.44,12.26,6.78,7.22,18.45,31.9,,,,
2026-07-29T11:09:47+00:00,LEAD_ACID,home_001,-3.68,12.26,11.11,7.43,18.32,28.2,,,,
2026-07-29T11:09:52+00:00,LEAD_ACID,home_001,-0.45,12.26,7.97,7.52,18.62,26.4,,,,
2026-07-29T11:09:57+00:00,LEAD_ACID,home_001,-6.33,12.26,13.36,7.03,18.39,25.8,,,,
2026-07-29T11:10:02+00:00,LEAD_ACID,home_001,-3.97,12.26,11.06,7.09,18.57,31.2,,,,
2026-07-29T11:10:07+00:00,LEAD_ACID,home_001,-6.62,12.26,13.59,6.97,18.41,28.4,,,,
2026-07-29T11:10:12+00:00,LEAD_ACID,home_001,-0.41,12.26,7.38,6.97,18.44,28.8,,,,
2026-07-29T11:10:17+00:00,LEAD_ACID,home_001,-4.02,12.26,10.89,6.87,18.53,25.4,,,,
2026-07-29T11:10:23+00:00,LEAD_ACID,home_001,-3.35,12.26,10.61,7.26,18.3,34.4,,,,
2026-07-29T11:10:27+00:00,LEAD_ACID,home_001,-8.58,12.26,15.97,7.39,18.29,34.0,,,,
2026-07-29T11:10:32+00:00,LEAD_ACID,home_001,-3.06,12.26,10.26,7.2,18.53,30.9,,,,
2026-07-29T11:10:37+00:00,LEAD_ACID,home_001,-2.16,12.26,9.55,7.39,18.29,32.8,,,,
2026-07-29T11:10:42+00:00,LEAD_ACID,home_001,-5.57,12.26,12.48,6.91,18.48,28.1,,,,
2026-07-29T11:10:47+00:00,LEAD_ACID,home_001,-4.9,12.26,12.19,7.29,18.25,28.0,,,,
2026-07-29T11:10:52+00:00,LEAD_ACID,home_001,-0.35,12.26,7.7,7.35,18.66,26.5,,,,
2026-07-29T11:10:57+00:00,LEAD_ACID,home_001,-9.05,12.26,16.41,7.36,18.29,31.7,,,,
2026-07-29T11:11:02+00:00,LEAD_ACID,home_001,-6.71,12.259,13.54,6.83,18.4,30.1,,,,
2026-07-29T11:11:07+00:00,LEAD_ACID,home_001,-3.93,12.259,10.96,7.03,18.67,34.6,,,,
2026-07-29T11:11:12+00:00,LEAD_ACID,home_001,-7.12,12.259,14.17,7.05,18.71,30.9,,,,
2026-07-29T11:11:17+00:00,LEAD_ACID,home_001,-0.42,12.259,7.51,7.09,18.25,31.3,,,,
2026-07-29T11:11:22+00:00,LEAD_ACID,home_001,-5.8,12.259,13.33,7.53,18.46,30.9,,,,
2026-07-29T11:11:27+00:00,LEAD_ACID,home_001,-9.39,12.259,16.5,7.11,18.38,32.1,,,,
2026-07-29T11:11:32+00:00,LEAD_ACID,home_001,-6.28,12.259,13.44,7.16,18.58,30.7,,,,
2026-07-29T11:11:37+00:00,LEAD_ACID,home_001,-6.28,12.259,13.64,7.36,18.6,32.0,,,,
2026-07-29T11:11:42+00:00,LEAD_ACID,home_001,-5.04,12.259,11.9,6.86,18.46,34.2,,,,
2026-07-29T11:11:47+00:00,LEAD_ACID,home_001,-5.01,12.259,12.57,7.56,18.29,26.8,,,,
2026-07-29T11:11:52+00:00,LEAD_ACID,home_001,-1.16,12.259,8.24,7.08,18.61,33.5,,,,
2026-07-29T11:11:57+00:00,LEAD_ACID,home_001,-5.38,12.259,12.53,7.15,18.58,26.5,,,,
2026-07-29T11:12:02+00:00,LEAD_ACID,home_001,-8.92,12.259,16.32,7.4,18.34,30.1,,,,
2026-07-29T11:12:07+00:00,LEAD_ACID,home_001,-7.36,12.259,14.35,6.99,18.65,26.4,,,,
2026-07-29T11:12:12+00:00,LEAD_ACID,home_001,-8.83,12.259,16.37,7.54,18.73,31.4,,,,
2026-07-29T11:12:17+00:00,LEAD_ACID,home_001,-0.46,12.259,7.96,7.5,18.36,29.5,,,,
2026-07-29T11:12:22+00:00,LEAD_ACID,home_001,-5.26,12.259,12.24,6.98,18.44,26.7,,,,
2026-07-29T11:12:27+00:00,LEAD_ACID,home_001,-4.26,12.259,11.11,6.85,18.33,32.4,,,,
2026-07-29T11:12:32+00:00,LEAD_ACID,home_001,-6.15,12.259,13.67,7.52,18.4,33.0,,,,
2026-07-29T11:12:37+00:00,LEAD_ACID,home_001,-8.32,12.259,15.23,6.91,18.43,33.7,,,,
2026-07-29T11:12:42+00:00,LEAD_ACID,home_001,-7.33,12.259,14.75,7.42,18.33,25.3,,,,
2026-07-29T11:12:47+00:00,LEAD_ACID,home_001,-7.98,12.259,15.44,7.46,18.7,27.4,,,,
2026-07-29T11:12:52+00:00,LEAD_ACID,home_001,-6.89,12.259,14.11,7.22,18.41,34.3,,,,
2026-07-29T11:12:57+00:00,LEAD_ACID,home_001,-8.87,12.259,15.98,7.11,18.55,30.9,,,,
2026-07-29T11:13:02+00:00,LEAD_ACID,home_001,-4.39,12.259,11.76,7.37,18.37,25.1,,,,
2026-07-29T11:13:07+00:00,LEAD_ACID,home_001,-2.91,12.259,10.21,7.3,18.42,27.1,,,,
2026-07-29T11:13:12+00:00,LEAD_ACID,home_001,-8.41,12.259,15.78,7.37,18.3,33.8,,,,
2026-07-29T11:13:17+00:00,LEAD_ACID,home_001,-8.59,12.259,15.55,6.96,18.4,31.5,,,,
2026-07-29T11:13:22+00:00,LEAD_ACID,home_001,-5.57,12.258,12.69,7.12,18.3,26.7,,,,
2026-07-29T11:13:27+00:00,LEAD_ACID,home_001,-5.16,12.258,12.41,7.25,18.6,30.9,,,,
2026-07-29T11:13:32+00:00,LEAD_ACID,home_001,-6.94,12.258,14.48,7.54,18.48,30.3,,,,
2026-07-29T11:13:37+00:00,LEAD_ACID,home_001,-8.08,12.258,15.21,7.13,18.66,32.8,,,,
2026-07-29T11:13:43+00:00,LEAD_ACID,home_001,0.51,12.258,6.93,7.44,18.69,25.1,,,,
2026-07-29T11:13:53+00:00,LEAD_ACID,home_001,-7.34,12.258,14.89,7.55,18.45,29.1,,,,
2026-07-29T11:13:57+00:00,LEAD_ACID,home_001,-6.55,12.258,14.13,7.58,18.35,26.2,,,,
2026-07-29T11:14:02+00:00,LEAD_ACID,home_001,-8.51,12.258,15.95,7.44,18.33,32.7,,,,
2026-07-29T11:14:07+00:00,LEAD_ACID,home_001,0.13,12.258,6.87,7.0,18.28,30.1,,,,
2026-07-29T11:14:12+00:00,LEAD_ACID,home_001,-4.57,12.258,12.05,7.48,18.53,25.4,,,,
2026-07-29T11:14:17+00:00,LEAD_ACID,home_001,-4.77,12.258,11.96,7.19,18.67,33.6,,,,
2026-07-29T11:14:22+00:00,LEAD_ACID,home_001,-5.36,12.258,12.39,7.03,18.6,32.5,,,,
2026-07-29T11:14:27+00:00,LEAD_ACID,home_001,-0.29,12.258,7.24,6.95,18.3,33.1,,,,
2026-07-29T11:14:32+00:00,LEAD_ACID,home_001,-2.28,12.258,9.14,6.86,18.55,25.4,,,,
2026-07-29T11:14:37+00:00,LEAD_ACID,home_001,-7.6,12.258,14.67,7.07,18.41,29.3,,,,
2026-07-29T11:14:42+00:00,LEAD_ACID,home_001,-8.81,12.258,15.72,6.91,18.27,34.5,,,,
2026-07-29T11:14:47+00:00,LEAD_ACID,home_001,-0.28,12.258,7.45,7.17,18.26,25.8,,,,
2026-07-29T11:14:52+00:00,LEAD_ACID,home_001,-8.47,12.258,15.89,7.42,18.54,32.6,,,,
2026-07-29T11:14:57+00:00,LEAD_ACID,home_001,-2.86,12.258,9.9,7.04,18.71,31.9,,,,
2026-07-29T11:15:02+00:00,LEAD_ACID,home_001,-5.67,12.258,13.25,7.58,18.48,26.5,,,,
2026-07-29T11:15:07+00:00,LEAD_ACID,home_001,-0.16,12.258,7.33,7.17,18.69,34.3,,,,
2026-07-29T11:15:12+00:00,LEAD_ACID,home_001,-7.38,12.258,14.57,7.19,18.6,33.2,,,,
2026-07-29T11:15:17+00:00,LEAD_ACID,home_001,-7.67,12.258,14.7,7.03,18.7,34.4,,,,
2026-07-29T11:15:22+00:00,LEAD_ACID,home_001,-3.22,12.258,10.79,7.57,18.64,31.3,,,,
2026-07-29T11:15:27+00:00,LEAD_ACID,home_001,-8.11,12.258,15.26,7.15,18.5,34.9,,,,
2026-07-29T11:15:32+00:00,LEAD_ACID,home_001,-8.31,12.258,15.44,7.13,18.66,33.3,,,,
2026-07-29T11:15:37+00:00,LEAD_ACID,home_001,-5.2,12.258,12.79,7.59,18.57,30.3,,,,
2026-07-29T11:15:42+00:00,LEAD_ACID,home_001,0.78,12.258,6.8,7.58,18.56,26.1,,,,
2026-07-29T11:15:47+00:00,LEAD_ACID,home_001,-6.16,12.258,13.68,7.52,18.46,26.3,,,,
2026-07-29T11:15:52+00:00,LEAD_ACID,home_001,-3.35,12.258,10.2,6.85,18.59,26.0,,,,
2026-07-29T11:15:57+00:00,LEAD_ACID,home_001,-2.07,12.258,9.53,7.46,18.34,26.6,,,,
2026-07-29T11:16:02+00:00,LEAD_ACID,home_001,-2.02,12.258,9.24,7.22,18.65,32.6,,,,
2026-07-29T11:16:07+00:00,LEAD_ACID,home_001,-1.42,12.258,8.72,7.3,18.46,34.5,,,,
2026-07-29T11:16:12+00:00,LEAD_ACID,home_001,-3.31,12.258,10.33,7.02,18.26,31.4,,,,
2026-07-29T11:16:18+00:00,LEAD_ACID,home_001,-7.96,12.258,15.21,7.25,18.49,29.6,,,,
2026-07-29T11:16:22+00:00,LEAD_ACID,home_001,-7.93,12.258,14.75,6.82,18.61,27.9,,,,
2026-07-29T11:16:27+00:00,LEAD_ACID,home_001,-6.02,12.258,13.61,7.59,18.45,26.8,,,,
2026-07-29T11:16:32+00:00,LEAD_ACID,home_001,-6.33,12.258,13.36,7.03,18.64,25.3,,,,
2026-07-29T11:16:37+00:00,LEAD_ACID,home_001,-2.88,12.258,10.18,7.3,18.32,25.1,,,,
2026-07-29T11:16:42+00:00,LEAD_ACID,home_001,-2.46,12.258,9.64,7.18,18.65,28.1,,,,
2026-07-29T11:16:47+00:00,LEAD_ACID,home_001,-6.35,12.258,13.18,6.83,18.32,28.6,,,,
2026-07-29T11:16:52+00:00,LEAD_ACID,home_001,-5.74,12.258,13.05,7.31,18.31,33.6,,,,
2026-07-29T11:16:57+00:00,LEAD_ACID,home_001,-0.5,12.258,7.74,7.24,18.66,32.6,,,,
2026-07-29T11:17:02+00:00,LEAD_ACID,home_001,-8.94,12.258,16.23,7.29,18.46,31.5,,,,
2026-07-29T11:17:07+00:00,LEAD_ACID,home_001,-2.16,12.258,9.21,7.05,18.72,34.0,,,,
2026-07-29T11:17:12+00:00,LEAD_ACID,home_001,-7.98,12.258,14.85,6.87,18.66,30.3,,,,
2026-07-29T11:17:17+00:00,LEAD_ACID,home_001,-0.78,12.258,7.72,6.94,18.28,31.1,,,,
2026-07-29T11:17:22+00:00,LEAD_ACID,home_001,-1.73,12.258,9.13,7.4,18.42,29.6,,,,
2026-07-29T11:17:27+00:00,LEAD_ACID,home_001,-1.62,12.258,8.79,7.17,18.57,33.7,,,,
2026-07-29T11:17:32+00:00,LEAD_ACID,home_001,-0.28,12.258,7.71,7.43,18.36,30.2,,,,
2026-07-29T11:17:37+00:00,LEAD_ACID,home_001,-4.94,12.258,12.53,7.59,18.55,26.8,,,,
2026-07-29T11:17:43+00:00,LEAD_ACID,home_001,-0.04,12.258,7.02,6.98,18.53,31.3,,,,
2026-07-29T11:17:48+00:00,LEAD_ACID,home_001,-1.46,12.258,8.96,7.5,18.42,28.2,,,,
2026-07-29T11:17:59+00:00,LEAD_ACID,home_001,-1.83,12.258,8.71,6.88,18.75,33.7,,,,
2026-07-29T11:18:01+00:00,LEAD_ACID,home_001,-3.58,12.258,10.48,6.9,18.38,27.6,,,,
2026-07-29T11:18:02+00:00,LEAD_ACID,home_001,0.44,12.258,7.15,7.59,18.44,28.9,,,,
2026-07-29T11:18:07+00:00,LEAD_ACID,home_001,-1.98,12.258,9.04,7.06,18.48,32.2,,,,
2026-07-29T11:18:12+00:00,LEAD_ACID,home_001,-1.2,12.258,8.65,7.45,18.4,34.2,,,,
2026-07-29T11:18:17+00:00,LEAD_ACID,home_001,-7.92,12.258,15.36,7.44,18.56,33.5,,,,
2026-07-29T11:18:22+00:00,LEAD_ACID,home_001,-5.86,12.258,13.27,7.41,18.68,34.1,,,,
2026-07-29T11:18:27+00:00,LEAD_ACID,home_001,-1.0,12.258,8.09,7.09,18.41,29.2,,,,
2026-07-29T11:18:32+00:00,LEAD_ACID,home_001,0.49,12.258,6.72,7.21,18.46,32.1,,,,
2026-07-29T11:18:37+00:00,LEAD_ACID,home_001,-0.7,12.258,7.97,7.27,18.67,34.2,,,,
2026-07-29T11:18:42+00:00,LEAD_ACID,home_001,-8.58,12.258,15.77,7.19,18.72,30.1,,,,
2026-07-29T11:18:47+00:00,LEAD_ACID,home_001,-2.68,12.258,9.97,7.29,18.39,34.1,,,,
2026-07-29T11:18:52+00:00,LEAD_ACID,home_001,-2.21,12.258,9.28,7.07,18.72,33.6,,,,
2026-07-29T11:18:57+00:00,LEAD_ACID,home_001,0.01,12.258,7.17,7.18,18.67,29.7,,,,
2026-07-29T11:19:02+00:00,LEAD_ACID,home_001,-5.92,12.258,13.12,7.2,18.36,26.3,,,,
2026-07-29T11:19:07+00:00,LEAD_ACID,home_001,-2.42,12.258,9.8,7.38,18.44,30.3,,,,
2026-07-29T11:19:12+00:00,LEAD_ACID,home_001,-8.04,12.258,15.08,7.04,18.35,31.6,,,,
2026-07-29T11:19:17+00:00,LEAD_ACID,home_001,-4.96,12.258,12.14,7.18,18.37,33.0,,,,
2026-07-29T11:19:22+00:00,LEAD_ACID,home_001,-3.11,12.258,10.02,6.91,18.54,33.3,,,,
2026-07-29T11:19:28+00:00,LEAD_ACID,home_001,-3.43,12.258,10.3,6.87,18.29,27.4,,,,
2026-07-29T11:19:32+00:00,LEAD_ACID,home_001,-0.83,12.258,8.25,7.42,18.74,31.9,,,,
2026-07-29T11:19:37+00:00,LEAD_ACID,home_001,-3.02,12.258,10.4,7.38,18.38,25.8,,,,
2026-07-29T11:19:42+00:00,LEAD_ACID,home_001,-0.47,12.258,8.07,7.6,18.3,34.8,,,,
2026-07-29T11:19:47+00:00,LEAD_ACID,home_001,-6.32,12.258,13.71,7.39,18.46,29.6,,,,
2026-07-29T11:19:52+00:00,LEAD_ACID,home_001,-5.35,12.258,12.92,7.57,18.74,31.5,,,,
2026-07-29T11:19:57+00:00,LEAD_ACID,home_001,-3.81,12.258,11.1,7.29,18.72,28.2,,,,
2026-07-29T11:20:03+00:00,LEAD_ACID,home_001,-9.81,12.258,16.64,6.83,18.62,31.6,,,,
2026-07-29T11:20:07+00:00,LEAD_ACID,home_001,-2.93,12.258,10.1,7.17,18.56,33.0,,,,
2026-07-29T11:20:12+00:00,LEAD_ACID,home_001,-3.59,12.258,10.59,7.0,18.6,32.9,,,,
2026-07-29T11:20:17+00:00,LEAD_ACID,home_001,-7.16,12.258,14.69,7.53,18.65,32.5,,,,
2026-07-29T11:20:24+00:00,LEAD_ACID,home_001,-5.74,12.258,13.18,7.44,18.56,27.4,,,,
2026-07-29T11:20:27+00:00,LEAD_ACID,home_001,-1.69,12.258,9.12,7.43,18.44,27.6,,,,
2026-07-29T11:20:32+00:00,LEAD_ACID,home_001,-3.65,12.258,10.65,7.0,18.63,34.8,,,,
2026-07-29T11:20:37+00:00,LEAD_ACID,home_001,-2.01,12.258,9.33,7.32,18.73,30.5,,,,
2026-07-29T11:20:42+00:00,LEAD_ACID,home_001,-3.59,12.258,10.98,7.39,18.59,26.3,,,,
2026-07-29T11:20:47+00:00,LEAD_ACID,home_001,-6.71,12.258,13.76,7.05,18.7,28.7,,,,
2026-07-29T11:20:52+00:00,LEAD_ACID,home_001,-1.28,12.258,8.84,7.56,18.37,30.2,,,,
2026-07-29T11:20:57+00:00,LEAD_ACID,home_001,-1.49,12.258,8.49,7.0,18.55,28.4,,,,
2026-07-29T11:21:02+00:00,LEAD_ACID,home_001,-0.13,12.258,7.63,7.5,18.53,27.7,,,,
2026-07-29T11:21:07+00:00,LEAD_ACID,home_001,-1.36,12.258,8.42,7.06,18.66,25.1,,,,
2026-07-29T11:21:13+00:00,LEAD_ACID,home_001,-4.34,12.258,11.33,6.99,18.33,30.1,,,,
2026-07-29T11:21:17+00:00,LEAD_ACID,home_001,-8.72,12.258,16.03,7.31,18.48,27.0,,,,
2026-07-29T11:21:23+00:00,LEAD_ACID,home_001,-8.04,12.258,14.87,6.83,18.43,27.4,,,,
2026-07-29T11:21:27+00:00,LEAD_ACID,home_001,-6.14,12.258,13.4,7.26,18.48,33.1,,,,
2026-07-29T11:21:32+00:00,LEAD_ACID,home_001,-4.22,12.258,11.25,7.03,18.5,33.9,,,,
2026-07-29T11:21:37+00:00,LEAD_ACID,home_001,-3.39,12.258,10.27,6.88,18.63,29.7,,,,
2026-07-29T11:21:42+00:00,LEAD_ACID,home_001,-6.37,12.258,13.95,7.58,18.25,32.0,,,,
2026-07-29T11:21:47+00:00,LEAD_ACID,home_001,-4.42,12.258,11.91,7.49,18.44,28.2,,,,
2026-07-29T11:21:52+00:00,LEAD_ACID,home_001,-0.92,12.258,8.31,7.39,18.54,28.5,,,,
2026-07-29T11:21:57+00:00,LEAD_ACID,home_001,-9.38,12.258,16.36,6.98,18.51,26.8,,,,
2026-07-29T11:22:02+00:00,LEAD_ACID,home_001,-6.97,12.258,14.5,7.53,18.74,31.1,,,,
2026-07-29T11:22:07+00:00,LEAD_ACID,home_001,-2.17,12.258,9.75,7.58,18.34,28.7,,,,
2026-07-29T11:22:13+00:00,LEAD_ACID,home_001,-3.93,12.258,11.5,7.57,18.49,31.9,,,,
2026-07-29T11:22:17+00:00,LEAD_ACID,home_001,-3.95,12.258,11.15,7.2,18.53,29.6,,,,
2026-07-29T11:22:23+00:00,LEAD_ACID,home_001,-8.87,12.258,15.93,7.06,18.3,28.1,,,,
2026-07-29T11:22:28+00:00,LEAD_ACID,home_001,-4.05,12.258,11.38,7.33,18.33,31.7,,,,
2026-07-29T11:22:33+00:00,LEAD_ACID,home_001,-6.06,12.258,13.08,7.02,18.31,26.2,,,,
2026-07-29T11:22:37+00:00,LEAD_ACID,home_001,-7.37,12.258,14.29,6.92,18.7,26.1,,,,
2026-07-29T11:22:42+00:00,LEAD_ACID,home_001,-8.21,12.258,15.37,7.16,18.33,31.8,,,,
2026-07-29T11:22:47+00:00,LEAD_ACID,home_001,-7.46,12.257,15.05,7.59,18.59,29.3,,,,
2026-07-29T11:22:53+00:00,LEAD_ACID,home_001,-8.75,12.257,16.08,7.33,18.3,27.9,,,,
2026-07-29T11:22:58+00:00,LEAD_ACID,home_001,-7.69,12.257,14.71,7.02,18.41,30.0,,,,
2026-07-29T11:23:03+00:00,LEAD_ACID,home_001,-8.19,12.257,15.45,7.26,18.56,27.9,,,,
2026-07-29T11:23:08+00:00,LEAD_ACID,home_001,-0.27,12.257,7.65,7.38,18.43,25.9,,,,
2026-07-29T11:23:13+00:00,LEAD_ACID,home_001,0.55,12.257,6.78,7.33,18.51,27.4,,,,
2026-07-29T11:23:18+00:00,LEAD_ACID,home_001,-3.33,12.257,10.28,6.95,18.51,27.9,,,,
2026-07-29T11:23:22+00:00,LEAD_ACID,home_001,-4.56,12.257,11.48,6.92,18.68,30.5,,,,
2026-07-29T11:23:28+00:00,LEAD_ACID,home_001,-6.66,12.257,13.49,6.83,18.54,28.0,,,,
2026-07-29T11:23:32+00:00,LEAD_ACID,home_001,-4.2,12.257,11.33,7.13,18.43,27.5,,,,
2026-07-29T11:23:38+00:00,LEAD_ACID,home_001,0.21,12.257,7.34,7.55,18.71,25.9,,,,
2026-07-29T11:23:43+00:00,LEAD_ACID,home_001,-5.43,12.257,12.72,7.29,18.54,31.8,,,,
2026-07-29T11:23:48+00:00,LEAD_ACID,home_001,-2.76,12.257,9.6,6.84,18.54,30.7,,,,
2026-07-29T11:23:53+00:00,LEAD_ACID,home_001,-3.84,12.257,10.9,7.06,18.6,28.0,,,,
2026-07-29T11:23:58+00:00,LEAD_ACID,home_001,0.38,12.257,6.97,7.35,18.73,27.4,,,,
2026-07-29T11:24:03+00:00,LEAD_ACID,home_001,-2.53,12.257,9.34,6.81,18.29,33.6,,,,
2026-07-29T11:24:08+00:00,LEAD_ACID,home_001,-3.33,12.257,10.82,7.49,18.35,28.3,,,,
2026-07-29T11:24:13+00:00,LEAD_ACID,home_001,-0.96,12.257,8.18,7.22,18.63,26.6,,,,
2026-07-29T11:24:18+00:00,LEAD_ACID,home_001,-8.0,12.257,14.93,6.93,18.44,34.4,,,,
2026-07-29T11:24:23+00:00,LEAD_ACID,home_001,-9.39,12.257,16.46,7.07,18.66,30.3,,,,
2026-07-29T11:24:28+00:00,LEAD_ACID,home_001,-4.62,12.257,12.21,7.59,18.65,30.0,,,,
2026-07-29T11:24:34+00:00,LEAD_ACID,home_001,-3.41,12.257,10.25,6.84,18.7,28.7,,,,
2026-07-29T11:24:38+00:00,LEAD_ACID,home_001,-2.26,12.257,9.53,7.27,18.64,28.9,,,,
2026-07-29T11:24:45+00:00,LEAD_ACID,home_001,-7.3,12.257,14.45,7.15,18.68,31.8,,,,
2026-07-29T11:24:48+00:00,LEAD_ACID,home_001,-3.42,12.257,10.47,7.05,18.69,26.1,,,,
2026-07-29T11:24:53+00:00,LEAD_ACID,home_001,-4.02,12.257,11.42,7.4,18.57,34.6,,,,
2026-07-29T11:24:58+00:00,LEAD_ACID,home_001,-2.4,12.257,9.55,7.15,18.43,28.7,,,,
2026-07-29T11:25:03+00:00,LEAD_ACID,home_001,-0.28,12.257,7.12,6.84,18.55,32.1,,,,
2026-07-29T11:25:08+00:00,LEAD_ACID,home_001,-6.21,12.257,13.76,7.55,18.38,33.6,,,,
2026-07-29T11:25:13+00:00,LEAD_ACID,home_001,-6.59,12.257,13.82,7.23,18.4,30.2,,,,
2026-07-29T11:25:18+00:00,LEAD_ACID,home_001,-7.99,12.257,15.06,7.07,18.27,33.2,,,,
2026-07-29T11:25:23+00:00,LEAD_ACID,home_001,-5.31,12.257,12.19,6.88,18.61,25.4,,,,
2026-07-29T11:25:28+00:00,LEAD_ACID,home_001,-2.48,12.257,9.69,7.21,18.25,33.6,,,,
2026-07-29T11:25:33+00:00,LEAD_ACID,home_001,-7.58,12.257,14.5,6.92,18.54,26.1,,,,
2026-07-29T11:25:38+00:00,LEAD_ACID,home_001,-2.55,12.257,10.16,7.61,18.56,32.9,,,,
2026-07-29T11:25:43+00:00,LEAD_ACID,home_001,-2.54,12.257,9.66,7.12,18.68,26.5,,,,
2026-07-29T11:25:48+00:00,LEAD_ACID,home_001,-7.94,12.257,15.1,7.16,18.36,30.7,,,,
2026-07-29T11:25:53+00:00,LEAD_ACID,home_001,0.08,12.257,6.85,6.93,18.63,25.2,,,,
2026-07-29T11:25:58+00:00,LEAD_ACID,home_001,-5.8,12.257,13.36,7.56,18.45,28.9,,,,
2026-07-29T11:26:03+00:00,LEAD_ACID,home_001,-5.15,12.257,12.16,7.01,18.48,33.8,,,,
2026-07-29T11:26:08+00:00,LEAD_ACID,home_001,-5.69,12.257,13.01,7.32,18.4,27.0,,,,
2026-07-29T11:26:13+00:00,LEAD_ACID,home_001,-7.18,12.257,14.54,7.36,18.53,28.0,,,,
2026-07-29T11:26:18+00:00,LEAD_ACID,home_001,-7.22,12.257,14.1,6.88,18.44,34.0,,,,
2026-07-29T11:26:23+00:00,LEAD_ACID,home_001,0.67,12.257,6.74,7.41,18.66,27.3,,,,
2026-07-29T11:26:28+00:00,LEAD_ACID,home_001,-5.5,12.257,12.41,6.91,18.29,27.9,,,,
2026-07-29T11:26:33+00:00,LEAD_ACID,home_001,-7.32,12.257,14.51,7.19,18.34,31.5,,,,
2026-07-29T11:26:38+00:00,LEAD_ACID,home_001,-4.68,12.257,11.78,7.1,18.31,31.8,,,,
2026-07-29T11:26:43+00:00,LEAD_ACID,home_001,-6.84,12.257,14.09,7.25,18.66,32.2,,,,
2026-07-29T11:26:48+00:00,LEAD_ACID,home_001,-7.39,12.257,14.78,7.39,18.36,27.6,,,,
2026-07-29T11:26:53+00:00,LEAD_ACID,home_001,-4.51,12.257,11.82,7.31,18.58,32.8,,,,
2026-07-29T11:26:58+00:00,LEAD_ACID,home_001,-3.53,12.257,10.94,7.41,18.53,30.2,,,,
2026-07-29T11:27:03+00:00,LEAD_ACID,home_001,-2.74,12.257,9.95,7.21,18.44,26.5,,,,
2026-07-29T11:27:08+00:00,LEAD_ACID,home_001,-9.25,12.257,16.22,6.97,18.47,33.1,,,,
2026-07-29T11:27:13+00:00,LEAD_ACID,home_001,-2.28,12.257,9.6,7.32,18.3,29.2,,,,
2026-07-29T11:27:20+00:00,LEAD_ACID,home_001,-0.73,12.257,7.88,7.15,18.27,27.2,,,,
2026-07-29T11:27:23+00:00,LEAD_ACID,home_001,-3.92,12.257,11.15,7.23,18.3,34.3,,,,
2026-07-29T11:27:28+00:00,LEAD_ACID,home_001,-5.69,12.257,13.26,7.57,18.54,25.9,,,,
2026-07-29T11:27:33+00:00,LEAD_ACID,home_001,-6.62,12.257,13.72,7.1,18.52,28.3,,,,
2026-07-29T11:27:38+00:00,LEAD_ACID,home_001,-2.31,12.257,9.16,6.85,18.52,35.0,,,,
2026-07-29T11:27:43+00:00,LEAD_ACID,home_001,-6.29,12.257,13.66,7.37,18.66,34.6,,,,
2026-07-29T11:27:48+00:00,LEAD_ACID,home_001,-6.4,12.257,13.9,7.5,18.41,31.4,,,,
2026-07-29T11:27:53+00:00,LEAD_ACID,home_001,-5.07,12.257,12.0,6.93,18.64,34.3,,,,
2026-07-29T11:29:16+00:00,LEAD_ACID,home_001,-3.29,12.257,10.1,6.81,18.58,34.5,,,,
2026-07-29T11:29:18+00:00,LEAD_ACID,home_001,-8.81,12.257,16.26,7.45,18.59,26.8,,,,
2026-07-29T11:29:23+00:00,LEAD_ACID,home_001,-4.83,12.256,11.99,7.16,18.7,27.5,,,,
2026-07-29T11:29:28+00:00,LEAD_ACID,home_001,-2.84,12.256,10.44,7.6,18.66,25.8,,,,
2026-07-29T11:29:33+00:00,LEAD_ACID,home_001,-1.33,12.256,8.91,7.58,18.44,27.8,,,,
2026-07-29T11:29:38+00:00,LEAD_ACID,home_001,-7.41,12.256,14.8,7.39,18.73,25.4,,,,
2026-07-29T11:29:43+00:00,LEAD_ACID,home_001,-1.7,12.256,8.9,7.2,18.32,31.5,,,,
2026-07-29T11:29:48+00:00,LEAD_ACID,home_001,-5.35,12.256,12.68,7.33,18.6,29.4,,,,
2026-07-29T11:29:53+00:00,LEAD_ACID,home_001,-5.8,12.256,13.08,7.28,18.56,34.3,,,,
2026-07-29T11:29:58+00:00,LEAD_ACID,home_001,-8.42,12.256,15.46,7.04,18.72,26.0,,,,
2026-07-29T11:30:03+00:00,LEAD_ACID,home_001,0.11,12.256,6.99,7.1,18.29,34.0,,,,
2026-07-29T11:30:08+00:00,LEAD_ACID,home_001,-8.54,12.256,16.11,7.57,18.43,29.2,,,,
2026-07-29T11:30:13+00:00,LEAD_ACID,home_001,-5.52,12.256,12.76,7.24,18.61,28.8,,,,
2026-07-29T11:30:18+00:00,LEAD_ACID,home_001,-0.46,12.256,7.4,6.94,18.67,26.8,,,,
2026-07-29T11:30:23+00:00,LEAD_ACID,home_001,-1.52,12.256,8.43,6.91,18.32,33.5,,,,
2026-07-29T11:30:28+00:00,LEAD_ACID,home_001,-4.03,12.256,11.16,7.13,18.5,34.6,,,,
2026-07-29T11:30:33+00:00,LEAD_ACID,home_001,0.55,12.256,6.99,7.54,18.72,34.9,,,,
2026-07-29T11:30:38+00:00,LEAD_ACID,home_001,-9.36,12.256,16.66,7.3,18.47,28.5,,,,
2026-07-29T11:30:43+00:00,LEAD_ACID,home_001,-2.75,12.256,10.24,7.49,18.66,25.4,,,,
2026-07-29T11:30:48+00:00,LEAD_ACID,home_001,-5.84,12.256,13.44,7.6,18.67,34.3,,,,
2026-07-29T11:30:53+00:00,LEAD_ACID,home_001,-8.37,12.256,15.47,7.1,18.66,27.9,,,,
2026-07-29T11:30:58+00:00,LEAD_ACID,home_001,-6.94,12.256,14.21,7.27,18.42,28.8,,,,
2026-07-29T11:31:03+00:00,LEAD_ACID,home_001,-7.5,12.256,14.46,6.96,18.45,30.8,,,,
2026-07-29T11:31:08+00:00,LEAD_ACID,home_001,-7.88,12.256,14.94,7.06,18.38,30.3,,,,
2026-07-29T11:31:13+00:00,LEAD_ACID,home_001,-4.62,12.256,12.17,7.55,18.59,31.1,,,,
2026-07-29T11:31:18+00:00,LEAD_ACID,home_001,-4.82,12.256,12.43,7.61,18.29,30.8,,,,
2026-07-29T11:31:23+00:00,LEAD_ACID,home_001,-3.28,12.256,10.6,7.32,18.38,34.5,,,,
2026-07-29T11:31:28+00:00,LEAD_ACID,home_001,-1.66,12.256,8.76,7.1,18.29,25.7,,,,
2026-07-29T11:31:33+00:00,LEAD_ACID,home_001,-7.82,12.256,14.67,6.85,18.61,25.2,,,,
2026-07-29T11:31:38+00:00,LEAD_ACID,home_001,-3.89,12.256,11.33,7.44,18.64,30.4,,,,
2026-07-29T11:31:43+00:00,LEAD_ACID,home_001,-1.97,12.256,9.5,7.53,18.26,29.5,,,,
2026-07-29T11:31:48+00:00,LEAD_ACID,home_001,-4.44,12.256,11.34,6.9,18.35,33.8,,,,
2026-07-29T11:31:53+00:00,LEAD_ACID,home_001,0.5,12.256,6.97,7.47,18.43,26.4,,,,
2026-07-29T11:31:58+00:00,LEAD_ACID,home_001,-3.35,12.256,10.8,7.45,18.34,26.5,,,,
2026-07-29T11:32:03+00:00,LEAD_ACID,home_001,-7.15,12.256,14.37,7.22,18.49,32.1,,,,
2026-07-29T11:32:08+00:00,LEAD_ACID,home_001,-6.0,12.256,13.42,7.42,18.43,31.9,,,,
2026-07-29T11:32:14+00:00,LEAD_ACID,home_001,-8.84,12.256,16.04,7.2,18.75,31.7,,,,
2026-07-29T11:32:18+00:00,LEAD_ACID,home_001,-8.87,12.256,15.94,7.07,18.65,32.0,,,,
2026-07-29T11:32:23+00:00,LEAD_ACID,home_001,-5.95,12.256,13.2,7.25,18.42,27.4,,,,
2026-07-29T11:32:28+00:00,LEAD_ACID,home_001,-1.06,12.256,7.96,6.9,18.38,32.2,,,,
2026-07-29T11:32:33+00:00,LEAD_ACID,home_001,-0.86,12.256,8.42,7.56,18.48,28.9,,,,
2026-07-29T11:32:38+00:00,LEAD_ACID,home_001,-0.25,12.256,7.09,6.84,18.46,25.4,,,,
2026-07-29T11:32:43+00:00,LEAD_ACID,home_001,-7.44,12.256,14.78,7.34,18.71,30.5,,,,
2026-07-29T11:32:49+00:00,LEAD_ACID,home_001,-9.11,12.256,16.37,7.26,18.5,30.2,,,,
2026-07-29T11:32:53+00:00,LEAD_ACID,home_001,-4.51,12.256,11.38,6.87,18.36,32.7,,,,
2026-07-29T11:32:59+00:00,LEAD_ACID,home_001,-7.16,12.256,14.42,7.26,18.39,31.4,,,,
2026-07-29T11:33:03+00:00,LEAD_ACID,home_001,-4.71,12.256,11.9,7.19,18.27,31.1,,,,
2026-07-29T11:33:09+00:00,LEAD_ACID,home_001,-0.98,12.256,8.21,7.23,18.42,33.7,,,,
2026-07-29T11:33:13+00:00,LEAD_ACID,home_001,-5.44,12.256,12.41,6.97,18.36,28.4,,,,
2026-07-29T11:33:19+00:00,LEAD_ACID,home_001,-8.89,12.256,15.9,7.01,18.42,31.5,,,,
2026-07-29T11:33:24+00:00,LEAD_ACID,home_001,-0.3,12.256,7.23,6.93,18.28,34.1,,,,
2026-07-29T11:33:29+00:00,LEAD_ACID,home_001,-1.73,12.256,9.07,7.34,18.37,33.4,,,,
2026-07-29T11:33:34+00:00,LEAD_ACID,home_001,-6.14,12.256,13.1,6.96,18.53,26.2,,,,
2026-07-29T11:33:39+00:00,LEAD_ACID,home_001,-1.2,12.256,8.57,7.37,18.69,29.9,,,,
2026-07-29T11:33:44+00:00,LEAD_ACID,home_001,-1.89,12.256,8.9,7.01,18.51,34.8,,,,
2026-07-29T11:33:49+00:00,LEAD_ACID,home_001,-3.3,12.256,10.15,6.85,18.72,28.1,,,,
2026-07-29T11:33:54+00:00,LEAD_ACID,home_001,-8.94,12.256,16.08,7.14,18.59,30.3,,,,
2026-07-29T11:33:59+00:00,LEAD_ACID,home_001,-5.6,12.256,13.09,7.49,18.51,31.6,,,,
2026-07-29T11:34:04+00:00,LEAD_ACID,home_001,-2.34,12.256,9.54,7.2,18.33,27.9,,,,
2026-07-29T11:34:09+00:00,LEAD_ACID,home_001,-6.59,12.256,13.71,7.12,18.3,25.0,,,,
2026-07-29T11:34:14+00:00,LEAD_ACID,home_001,-3.31,12.256,10.28,6.97,18.39,30.7,,,,
2026-07-29T11:34:19+00:00,LEAD_ACID,home_001,-4.64,12.256,11.74,7.1,18.65,26.6,,,,
2026-07-29T11:34:24+00:00,LEAD_ACID,home_001,-1.81,12.256,8.89,7.08,18.3,28.4,,,,
2026-07-29T11:34:29+00:00,LEAD_ACID,home_001,-8.37,12.256,15.36,6.99,18.42,28.5,,,,
2026-07-29T11:34:34+00:00,LEAD_ACID,home_001,-6.07,12.256,12.97,6.9,18.41,30.9,,,,
2026-07-29T11:34:39+00:00,LEAD_ACID,home_001,-1.52,12.256,8.83,7.31,18.74,26.7,,,,
2026-07-29T11:34:44+00:00,LEAD_ACID,home_001,-7.01,12.256,14.03,7.02,18.4,28.5,,,,
2026-07-29T11:34:49+00:00,LEAD_ACID,home_001,-8.97,12.255,16.16,7.19,18.6,26.9,,,,
2026-07-29T11:34:54+00:00,LEAD_ACID,home_001,-5.37,12.255,12.22,6.85,18.72,28.9,,,,
2026-07-29T11:34:59+00:00,LEAD_ACID,home_001,-0.86,12.255,8.13,7.27,18.48,34.8,,,,
2026-07-29T11:35:04+00:00,LEAD_ACID,home_001,-1.13,12.255,8.31,7.18,18.51,25.9,,,,
2026-07-29T11:35:09+00:00,LEAD_ACID,home_001,-2.11,12.255,8.97,6.86,18.72,33.3,,,,
2026-07-29T11:35:14+00:00,LEAD_ACID,home_001,-4.57,12.255,11.67,7.1,18.58,31.2,,,,
2026-07-29T11:35:19+00:00,LEAD_ACID,home_001,-0.66,12.255,7.89,7.23,18.36,30.6,,,,
2026-07-29T11:35:24+00:00,LEAD_ACID,home_001,-7.83,12.256,15.11,7.28,18.63,28.0,,,,
2026-07-29T11:35:29+00:00,LEAD_ACID,home_001,-5.04,12.255,12.27,7.23,18.65,30.6,,,,
2026-07-29T11:35:34+00:00,LEAD_ACID,home_001,-6.45,12.255,13.94,7.49,18.56,25.3,,,,
2026-07-29T11:35:39+00:00,LEAD_ACID,home_001,-4.5,12.255,11.86,7.36,18.44,30.7,,,,
2026-07-29T11:35:44+00:00,LEAD_ACID,home_001,0.33,12.255,6.75,7.08,18.34,30.9,,,,
2026-07-29T11:35:49+00:00,LEAD_ACID,home_001,-5.25,12.255,12.3,7.05,18.54,28.2,,,,
2026-07-29T11:35:54+00:00,LEAD_ACID,home_001,-2.8,12.255,10.08,7.28,18.39,33.1,,,,
2026-07-29T11:35:59+00:00,LEAD_ACID,home_001,-3.16,12.255,10.47,7.31,18.65,26.3,,,,
2026-07-29T11:36:04+00:00,LEAD_ACID,home_001,-3.96,12.255,11.33,7.37,18.49,27.6,,,,
2026-07-29T11:36:09+00:00,LEAD_ACID,home_001,-2.23,12.255,9.68,7.45,18.44,29.9,,,,
2026-07-29T11:36:14+00:00,LEAD_ACID,home_001,-7.92,12.255,15.41,7.49,18.71,32.4,,,,
2026-07-29T11:36:19+00:00,LEAD_ACID,home_001,-0.38,12.255,7.42,7.04,18.51,25.6,,,,
2026-07-29T11:36:24+00:00,LEAD_ACID,home_001,-3.63,12.255,10.55,6.92,18.37,28.2,,,,
2026-07-29T11:36:29+00:00,LEAD_ACID,home_001,0.47,12.255,6.85,7.32,18.65,26.4,,,,
2026-07-29T11:36:34+00:00,LEAD_ACID,home_001,-2.73,12.256,9.84,7.11,18.28,27.9,,,,
2026-07-29T11:36:39+00:00,LEAD_ACID,home_001,-1.83,12.256,8.97,7.14,18.43,30.0,,,,
2026-07-29T11:36:44+00:00,LEAD_ACID,home_001,-4.88,12.256,12.03,7.15,18.48,32.0,,,,
2026-07-29T11:36:49+00:00,LEAD_ACID,home_001,-0.69,12.256,7.73,7.04,18.45,27.3,,,,
2026-07-29T11:36:54+00:00,LEAD_ACID,home_001,-3.0,12.256,9.82,6.82,18.3,25.3,,,,
2026-07-29T11:36:59+00:00,LEAD_ACID,home_001,-1.46,12.256,8.34,6.88,18.72,34.3,,,,
2026-07-29T11:37:04+00:00,LEAD_ACID,home_001,-7.76,12.256,15.06,7.3,18.45,34.4,,,,
2026-07-29T11:37:09+00:00,LEAD_ACID,home_001,-1.25,12.256,8.54,7.29,18.4,28.7,,,,
2026-07-29T11:37:14+00:00,LEAD_ACID,home_001,-7.85,12.256,15.05,7.2,18.43,33.1,,,,
2026-07-29T11:37:19+00:00,LEAD_ACID,home_001,-2.85,12.256,10.36,7.51,18.72,32.3,,,,
2026-07-29T11:37:24+00:00,LEAD_ACID,home_001,0.35,12.256,7.08,7.43,18.57,26.4,,,,
2026-07-29T11:37:29+00:00,LEAD_ACID,home_001,-1.2,12.256,8.55,7.35,18.57,28.7,,,,
2026-07-29T11:37:34+00:00,LEAD_ACID,home_001,-6.8,12.256,13.79,6.99,18.54,33.7,,,,
2026-07-29T11:37:39+00:00,LEAD_ACID,home_001,-0.52,12.256,7.4,6.88,18.67,30.6,,,,
2026-07-29T11:37:44+00:00,LEAD_ACID,home_001,-3.81,12.256,10.72,6.91,18.51,34.5,,,,
2026-07-29T11:37:49+00:00,LEAD_ACID,home_001,-5.76,12.256,12.84,7.08,18.26,29.8,,,,
2026-07-29T11:37:54+00:00,LEAD_ACID,home_001,-2.36,12.256,9.96,7.6,18.56,31.0,,,,
2026-07-29T11:37:59+00:00,LEAD_ACID,home_001,0.01,12.256,7.54,7.55,18.67,30.4,,,,
2026-07-29T11:38:04+00:00,LEAD_ACID,home_001,-2.47,12.256,9.55,7.08,18.53,28.3,,,,
2026-07-29T11:38:09+00:00,LEAD_ACID,home_001,-3.74,12.256,10.55,6.81,18.54,34.2,,,,
2026-07-29T11:38:14+00:00,LEAD_ACID,home_001,-1.33,12.256,8.34,7.01,18.3,30.8,,,,
2026-07-29T11:38:19+00:00,LEAD_ACID,home_001,-0.23,12.256,7.66,7.43,18.28,28.5,,,,
2026-07-29T11:38:24+00:00,LEAD_ACID,home_001,-9.16,12.256,16.02,6.86,18.48,31.5,,,,
2026-07-29T11:38:29+00:00,LEAD_ACID,home_001,-2.54,12.256,10.12,7.58,18.48,30.5,,,,
2026-07-29T11:38:34+00:00,LEAD_ACID,home_001,0.85,12.256,6.74,7.59,18.64,33.3,,,,
2026-07-29T11:38:39+00:00,LEAD_ACID,home_001,-6.25,12.256,13.06,6.81,18.52,25.7,,,,
2026-07-29T11:38:44+00:00,LEAD_ACID,home_001,-4.16,12.256,11.15,6.99,18.53,32.3,,,,
2026-07-29T11:38:49+00:00,LEAD_ACID,home_001,-6.69,12.256,14.13,7.44,18.3,33.6,,,,
2026-07-29T11:38:54+00:00,LEAD_ACID,home_001,-0.62,12.256,7.54,6.92,18.54,26.2,,,,
2026-07-29T11:38:59+00:00,LEAD_ACID,home_001,-7.09,12.256,14.53,7.44,18.6,27.8,,,,
2026-07-29T11:39:04+00:00,LEAD_ACID,home_001,-5.01,12.256,12.11,7.1,18.3,34.5,,,,
2026-07-29T11:39:09+00:00,LEAD_ACID,home_001,-0.19,12.256,7.34,7.15,18.67,25.2,,,,
2026-07-29T11:39:14+00:00,LEAD_ACID,home_001,-0.88,12.256,8.41,7.53,18.71,28.5,,,,
2026-07-29T11:39:19+00:00,LEAD_ACID,home_001,-1.38,12.256,8.33,6.95,18.54,30.8,,,,
2026-07-29T11:39:24+00:00,LEAD_ACID,home_001,0.21,12.256,7.31,7.52,18.6,26.2,,,,
2026-07-29T11:39:29+00:00,LEAD_ACID,home_001,0.57,12.256,6.84,7.41,18.52,33.7,,,,
2026-07-29T11:39:34+00:00,LEAD_ACID,home_001,-5.57,12.256,12.89,7.32,18.57,31.6,,,,
2026-07-29T11:39:39+00:00,LEAD_ACID,home_001,-4.63,12.256,11.86,7.23,18.41,26.8,,,,
2026-07-29T11:39:44+00:00,LEAD_ACID,home_001,-7.82,12.256,14.88,7.06,18.29,32.0,,,,
2026-07-29T11:39:49+00:00,LEAD_ACID,home_001,-0.25,12.256,7.6,7.35,18.74,27.4,,,,
2026-07-29T11:39:54+00:00,LEAD_ACID,home_001,-7.43,12.256,14.68,7.25,18.74,31.2,,,,
2026-07-29T11:39:59+00:00,LEAD_ACID,home_001,-3.46,12.256,10.62,7.16,18.43,34.5,,,,
2026-07-29T11:40:04+00:00,LEAD_ACID,home_001,-6.75,12.256,14.07,7.32,18.61,25.1,,,,
2026-07-29T11:40:09+00:00,LEAD_ACID,home_001,-0.97,12.256,8.22,7.25,18.27,29.0,,,,
2026-07-29T11:40:14+00:00,LEAD_ACID,home_001,-7.48,12.256,14.66,7.18,18.47,33.7,,,,
2026-07-29T11:40:19+00:00,LEAD_ACID,home_001,-3.33,12.256,10.78,7.45,18.48,32.4,,,,
2026-07-29T11:40:24+00:00,LEAD_ACID,home_001,-1.21,12.256,8.2,6.99,18.66,33.6,,,,
2026-07-29T11:40:29+00:00,LEAD_ACID,home_001,-2.26,12.256,9.16,6.9,18.64,28.1,,,,
2026-07-29T11:40:34+00:00,LEAD_ACID,home_001,-6.65,12.256,13.54,6.89,18.35,32.8,,,,
2026-07-29T11:40:40+00:00,LEAD_ACID,home_001,-3.77,12.256,10.58,6.81,18.58,32.2,,,,
2026-07-29T11:40:44+00:00,LEAD_ACID,home_001,0.02,12.256,7.57,7.59,18.47,30.1,,,,
2026-07-29T11:40:49+00:00,LEAD_ACID,home_001,-6.25,12.256,13.85,7.6,18.66,30.5,,,,
2026-07-29T11:40:54+00:00,LEAD_ACID,home_001,-6.31,12.256,13.76,7.45,18.48,34.1,,,,
2026-07-29T11:40:59+00:00,LEAD_ACID,home_001,-7.59,12.256,14.65,7.06,18.41,27.8,,,,
2026-07-29T11:41:04+00:00,LEAD_ACID,home_001,-7.14,12.256,14.06,6.92,18.65,31.7,,,,
2026-07-29T11:41:09+00:00,LEAD_ACID,home_001,-7.15,12.256,14.37,7.22,18.25,33.2,,,,
2026-07-29T11:41:14+00:00,LEAD_ACID,home_001,-2.2,12.256,9.55,7.35,18.69,26.3,,,,
2026-07-29T11:41:19+00:00,LEAD_ACID,home_001,-8.42,12.256,15.28,6.86,18.37,32.9,,,,
2026-07-29T11:41:24+00:00,LEAD_ACID,home_001,-4.1,12.256,11.3,7.2,18.35,34.4,,,,
2026-07-29T11:41:29+00:00,LEAD_ACID,home_001,-3.81,12.256,11.36,7.55,18.31,27.5,,,,
2026-07-29T11:41:34+00:00,LEAD_ACID,home_001,-2.16,12.256,9.74,7.58,18.67,29.4,,,,
2026-07-29T11:41:39+00:00,LEAD_ACID,home_001,-8.41,12.256,15.22,6.81,18.57,34.8,,,,
2026-07-29T11:41:44+00:00,LEAD_ACID,home_001,0.21,12.255,7.35,7.56,18.28,26.6,,,,
2026-07-29T11:41:49+00:00,LEAD_ACID,home_001,-0.26,12.256,7.32,7.06,18.72,31.9,,,,
2026-07-29T11:41:54+00:00,LEAD_ACID,home_001,-0.95,12.256,7.91,6.96,18.57,32.9,,,,
2026-07-29T11:42:00+00:00,LEAD_ACID,home_001,-6.6,12.256,13.55,6.95,18.47,28.4,,,,
2026-07-29T11:42:04+00:00,LEAD_ACID,home_001,-0.87,12.256,8.46,7.59,18.68,25.2,,,,
2026-07-29T11:42:09+00:00,LEAD_ACID,home_001,-2.66,12.256,9.67,7.01,18.42,27.1,,,,
2026-07-29T11:42:14+00:00,LEAD_ACID,home_001,-6.78,12.256,14.33,7.55,18.39,33.2,,,,
2026-07-29T11:42:19+00:00,LEAD_ACID,home_001,-0.38,12.256,7.36,6.98,18.34,29.3,,,,
2026-07-29T11:42:24+00:00,LEAD_ACID,home_001,-1.18,12.256,8.62,7.44,18.27,31.8,,,,
2026-07-29T11:42:29+00:00,LEAD_ACID,home_001,-9.48,12.256,16.34,6.86,18.47,28.5,,,,
2026-07-29T11:42:34+00:00,LEAD_ACID,home_001,-1.75,12.256,9.16,7.41,18.48,32.9,,,,
2026-07-29T11:42:40+00:00,LEAD_ACID,home_001,-6.88,12.256,13.89,7.01,18.67,32.1,,,,
2026-07-29T11:42:44+00:00,LEAD_ACID,home_001,-2.78,12.256,9.67,6.89,18.62,26.5,,,,
2026-07-29T11:42:55+00:00,LEAD_ACID,home_001,-3.08,12.256,10.34,7.26,18.45,25.6,,,,
2026-07-29T11:43:00+00:00,LEAD_ACID,home_001,-8.18,12.256,15.14,6.96,18.27,28.1,,,,
2026-07-29T11:43:05+00:00,LEAD_ACID,home_001,-0.23,12.256,7.56,7.33,18.7,32.0,,,,
2026-07-29T11:43:10+00:00,LEAD_ACID,home_001,-5.61,12.256,12.72,7.11,18.44,32.3,,,,
2026-07-29T11:43:15+00:00,LEAD_ACID,home_001,-3.09,12.256,10.23,7.14,18.69,26.7,,,,
2026-07-29T11:43:20+00:00,LEAD_ACID,home_001,-9.39,12.256,16.69,7.3,18.48,28.3,,,,
2026-07-29T11:43:25+00:00,LEAD_ACID,home_001,-7.8,12.256,15.18,7.38,18.71,25.7,,,,
2026-07-29T11:43:30+00:00,LEAD_ACID,home_001,-4.42,12.255,11.41,6.99,18.39,26.2,,,,
2026-07-29T11:43:35+00:00,LEAD_ACID,home_001,-7.31,12.255,14.77,7.46,18.74,34.4,,,,
2026-07-29T11:43:40+00:00,LEAD_ACID,home_001,-5.74,12.255,13.21,7.47,18.55,34.8,,,,
2026-07-29T11:43:45+00:00,LEAD_ACID,home_001,-1.82,12.255,9.2,7.38,18.5,33.5,,,,
2026-07-29T11:43:50+00:00,LEAD_ACID,home_001,-1.43,12.255,8.51,7.08,18.55,28.6,,,,
2026-07-29T11:43:55+00:00,LEAD_ACID,home_001,-3.19,12.255,10.78,7.59,18.28,32.8,,,,
2026-07-29T11:44:00+00:00,LEAD_ACID,home_001,0.45,12.255,6.8,7.25,18.35,30.5,,,,
2026-07-29T11:44:05+00:00,LEAD_ACID,home_001,-2.17,12.256,9.21,7.04,18.52,32.8,,,,
2026-07-29T11:44:10+00:00,LEAD_ACID,home_001,-1.18,12.256,8.45,7.27,18.3,27.3,,,,
2026-07-29T11:44:15+00:00,LEAD_ACID,home_001,-6.95,12.256,13.89,6.94,18.54,28.8,,,,
2026-07-29T11:44:20+00:00,LEAD_ACID,home_001,-7.57,12.256,14.38,6.81,18.49,31.6,,,,
2026-07-29T11:44:25+00:00,LEAD_ACID,home_001,-8.03,12.255,15.18,7.15,18.47,27.2,,,,
2026-07-29T11:44:30+00:00,LEAD_ACID,home_001,-2.62,12.255,9.54,6.92,18.69,32.1,,,,
2026-07-29T11:44:41+00:00,LEAD_ACID,home_001,-3.73,12.255,11.33,7.6,18.47,28.3,,,,
2026-07-29T11:44:45+00:00,LEAD_ACID,home_001,-2.67,12.255,10.22,7.55,18.38,30.6,,,,
2026-07-29T11:44:50+00:00,LEAD_ACID,home_001,-2.17,12.255,9.46,7.29,18.43,29.1,,,,
2026-07-29T11:44:55+00:00,LEAD_ACID,home_001,-9.09,12.255,16.44,7.35,18.35,26.1,,,,
2026-07-29T11:45:00+00:00,LEAD_ACID,home_001,-1.37,12.255,8.84,7.47,18.69,28.8,,,,
2026-07-29T11:45:05+00:00,LEAD_ACID,home_001,-4.55,12.255,11.8,7.25,18.66,32.3,,,,
2026-07-29T11:45:10+00:00,LEAD_ACID,home_001,-1.54,12.255,9.1,7.56,18.57,31.6,,,,
2026-07-29T11:45:15+00:00,LEAD_ACID,home_001,-6.44,12.255,14.04,7.6,18.57,35.0,,,,
2026-07-29T11:45:20+00:00,LEAD_ACID,home_001,-8.36,12.255,15.95,7.59,18.26,32.6,,,,
2026-07-29T11:45:25+00:00,LEAD_ACID,home_001,-4.29,12.255,11.82,7.53,18.58,26.4,,,,
2026-07-29T11:45:30+00:00,LEAD_ACID,home_001,-0.73,12.255,7.93,7.2,18.6,27.7,,,,
2026-07-29T11:45:35+00:00,LEAD_ACID,home_001,-5.13,12.255,12.36,7.23,18.27,30.7,,,,
2026-07-29T11:45:40+00:00,LEAD_ACID,home_001,0.11,12.255,7.32,7.43,18.53,29.7,,,,
2026-07-29T11:45:45+00:00,LEAD_ACID,home_001,-2.36,12.255,9.87,7.51,18.64,32.3,,,,
2026-07-29T11:45:50+00:00,LEAD_ACID,home_001,-6.08,12.255,13.09,7.01,18.61,32.9,,,,
2026-07-29T11:45:55+00:00,LEAD_ACID,home_001,-0.72,12.255,7.53,6.81,18.44,32.9,,,,
2026-07-29T11:46:00+00:00,LEAD_ACID,home_001,-5.28,12.255,12.46,7.18,18.43,26.2,,,,
2026-07-29T11:46:05+00:00,LEAD_ACID,home_001,-4.42,12.255,11.45,7.03,18.5,29.0,,,,
2026-07-29T11:46:10+00:00,LEAD_ACID,home_001,-7.54,12.255,15.09,7.55,18.48,26.5,,,,
2026-07-29T11:46:15+00:00,LEAD_ACID,home_001,-5.87,12.255,12.85,6.98,18.52,25.8,,,,
2026-07-29T11:46:20+00:00,LEAD_ACID,home_001,-7.63,12.255,14.72,7.09,18.36,29.0,,,,
2026-07-29T11:46:25+00:00,LEAD_ACID,home_001,-8.44,12.255,15.46,7.02,18.33,25.1,,,,
2026-07-29T11:46:30+00:00,LEAD_ACID,home_001,-2.03,12.255,9.15,7.12,18.72,32.2,,,,
2026-07-29T11:46:35+00:00,LEAD_ACID,home_001,-5.11,12.255,11.97,6.86,18.39,25.8,,,,
2026-07-29T11:46:40+00:00,LEAD_ACID,home_001,-6.15,12.255,13.38,7.23,18.73,28.5,,,,
2026-07-29T11:46:45+00:00,LEAD_ACID,home_001,-8.56,12.255,15.66,7.1,18.44,33.0,,,,
2026-07-29T11:46:50+00:00,LEAD_ACID,home_001,-2.45,12.255,9.36,6.91,18.48,32.5,,,,
2026-07-29T11:46:55+00:00,LEAD_ACID,home_001,-6.63,12.255,13.85,7.22,18.64,27.0,,,,
2026-07-29T11:47:00+00:00,LEAD_ACID,home_001,-2.52,12.255,10.06,7.54,18.74,32.6,,,,
2026-07-29T11:47:05+00:00,LEAD_ACID,home_001,-6.99,12.255,14.59,7.6,18.65,30.1,,,,
2026-07-29T11:47:10+00:00,LEAD_ACID,home_001,-2.68,12.255,10.24,7.56,18.53,31.4,,,,
2026-07-29T11:47:15+00:00,LEAD_ACID,home_001,-5.1,12.255,11.95,6.85,18.57,27.7,,,,
2026-07-29T11:47:20+00:00,LEAD_ACID,home_001,-2.4,12.255,9.38,6.98,18.65,33.4,,,,
2026-07-29T11:47:25+00:00,LEAD_ACID,home_001,-8.86,12.255,15.9,7.04,18.68,27.7,,,,
2026-07-29T11:47:30+00:00,LEAD_ACID,home_001,-8.81,12.255,16.08,7.27,18.5,25.2,,,,
2026-07-29T11:47:35+00:00,LEAD_ACID,home_001,-6.79,12.255,14.19,7.4,18.52,32.4,,,,
2026-07-29T11:47:40+00:00,LEAD_ACID,home_001,-2.45,12.255,9.57,7.12,18.52,34.2,,,,
2026-07-29T11:47:45+00:00,LEAD_ACID,home_001,-8.91,12.255,16.17,7.26,18.63,25.3,,,,
2026-07-29T11:47:50+00:00,LEAD_ACID,home_001,-2.29,12.255,9.89,7.6,18.72,26.7,,,,
2026-07-29T11:47:55+00:00,LEAD_ACID,home_001,-4.48,12.255,11.87,7.39,18.6,31.6,,,,
2026-07-29T11:48:00+00:00,LEAD_ACID,home_001,-2.31,12.255,9.75,7.44,18.63,29.4,,,,
2026-07-29T11:48:05+00:00,LEAD_ACID,home_001,-9.19,12.255,16.59,7.4,18.34,25.7,,,,
2026-07-29T11:48:10+00:00,LEAD_ACID,home_001,-5.79,12.255,12.83,7.04,18.7,26.8,,,,
2026-07-29T11:48:15+00:00,LEAD_ACID,home_001,-7.48,12.255,14.48,7.0,18.47,26.8,,,,
2026-07-29T11:48:20+00:00,LEAD_ACID,home_001,-3.09,12.255,10.03,6.94,18.58,32.9,,,,
2026-07-29T11:48:25+00:00,LEAD_ACID,home_001,-3.15,12.255,10.05,6.9,18.65,33.1,,,,
2026-07-29T11:48:30+00:00,LEAD_ACID,home_001,-5.29,12.255,12.15,6.86,18.6,27.8,,,,
2026-07-29T11:48:35+00:00,LEAD_ACID,home_001,-9.77,12.255,16.6,6.83,18.7,28.4,,,,
2026-07-29T11:48:40+00:00,LEAD_ACID,home_001,-0.99,12.254,7.95,6.96,18.57,31.2,,,,
2026-07-29T11:48:45+00:00,LEAD_ACID,home_001,-0.83,12.254,8.17,7.34,18.38,34.2,,,,
2026-07-29T11:48:50+00:00,LEAD_ACID,home_001,-4.11,12.254,10.93,6.82,18.54,27.2,,,,
2026-07-29T11:48:55+00:00,LEAD_ACID,home_001,-3.85,12.254,11.21,7.36,18.56,33.1,,,,
2026-07-29T11:49:00+00:00,LEAD_ACID,home_001,-1.13,12.254,8.35,7.22,18.52,34.0,,,,
2026-07-29T11:49:05+00:00,LEAD_ACID,home_001,-7.69,12.255,14.62,6.93,18.4,25.7,,,,
2026-07-29T11:49:10+00:00,LEAD_ACID,home_001,-6.29,12.254,13.22,6.93,18.7,31.9,,,,
2026-07-29T11:49:15+00:00,LEAD_ACID,home_001,-6.8,12.254,14.16,7.36,18.63,31.0,,,,
2026-07-29T11:49:20+00:00,LEAD_ACID,home_001,-5.91,12.254,13.33,7.42,18.52,26.0,,,,
2026-07-29T11:49:25+00:00,LEAD_ACID,home_001,-2.43,12.254,9.83,7.4,18.6,33.4,,,,
2026-07-29T11:49:30+00:00,LEAD_ACID,home_001,-0.73,12.254,8.19,7.46,18.61,25.6,,,,
2026-07-29T11:49:35+00:00,LEAD_ACID,home_001,-3.48,12.254,10.7,7.22,18.41,25.6,,,,
2026-07-29T11:49:40+00:00,LEAD_ACID,home_001,-2.28,12.254,9.6,7.32,18.66,34.5,,,,
2026-07-29T11:49:45+00:00,LEAD_ACID,home_001,-2.87,12.254,9.93,7.06,18.29,28.0,,,,
2026-07-29T11:49:50+00:00,LEAD_ACID,home_001,-4.02,12.254,11.6,7.58,18.35,29.6,,,,
2026-07-29T11:49:55+00:00,LEAD_ACID,home_001,-1.22,12.254,8.81,7.59,18.44,33.5,,,,
2026-07-29T11:50:00+00:00,LEAD_ACID,home_001,-8.43,12.254,15.48,7.05,18.55,31.3,,,,
2026-07-29T11:50:05+00:00,LEAD_ACID,home_001,-2.42,12.254,9.51,7.09,18.28,27.9,,,,
2026-07-29T11:50:10+00:00,LEAD_ACID,home_001,-3.67,12.254,10.98,7.31,18.52,33.9,,,,
2026-07-29T11:50:15+00:00,LEAD_ACID,home_001,-5.63,12.254,12.6,6.97,18.27,33.1,,,,
2026-07-29T11:50:20+00:00,LEAD_ACID,home_001,-6.47,12.254,14.05,7.58,18.3,32.2,,,,
2026-07-29T11:50:25+00:00,LEAD_ACID,home_001,-1.0,12.254,8.59,7.59,18.43,29.1,,,,
2026-07-29T11:50:30+00:00,LEAD_ACID,home_001,-0.07,12.254,7.16,7.09,18.72,27.4,,,,
2026-07-29T11:50:35+00:00,LEAD_ACID,home_001,-0.99,12.254,8.42,7.43,18.59,31.2,,,,
2026-07-29T11:50:40+00:00,LEAD_ACID,home_001,-8.29,12.254,15.75,7.46,18.56,27.3,,,,
2026-07-29T11:50:45+00:00,LEAD_ACID,home_001,-0.18,12.254,7.08,6.9,18.35,32.7,,,,
2026-07-29T11:50:50+00:00,LEAD_ACID,home_001,-1.39,12.254,8.27,6.88,18.3,34.3,,,,
2026-07-29T11:50:55+00:00,LEAD_ACID,home_001,-4.3,12.255,11.3,7.0,18.4,29.1,,,,
2026-07-29T11:51:00+00:00,LEAD_ACID,home_001,-7.05,12.254,14.2,7.15,18.67,27.2,,,,
2026-07-29T11:51:05+00:00,LEAD_ACID,home_001,-3.47,12.254,10.49,7.02,18.68,29.9,,,,
2026-07-29T11:51:10+00:00,LEAD_ACID,home_001,-7.45,12.254,14.6,7.15,18.57,28.2,,,,
2026-07-29T11:51:15+00:00,LEAD_ACID,home_001,-8.63,12.254,16.21,7.58,18.62,26.7,,,,
2026-07-29T11:51:20+00:00,LEAD_ACID,home_001,-9.4,12.254,16.34,6.94,18.28,32.3,,,,
2026-07-29T11:51:25+00:00,LEAD_ACID,home_001,-3.47,12.254,10.91,7.44,18.26,30.7,,,,
2026-07-29T11:51:30+00:00,LEAD_ACID,home_001,-3.24,12.254,10.58,7.34,18.48,26.5,,,,
2026-07-29T11:51:35+00:00,LEAD_ACID,home_001,-9.48,12.254,16.37,6.89,18.52,25.3,,,,
2026-07-29T11:51:40+00:00,LEAD_ACID,home_001,-7.7,12.254,14.82,7.12,18.37,25.1,,,,
2026-07-29T11:51:45+00:00,LEAD_ACID,home_001,-6.3,12.254,13.28,6.98,18.69,30.8,,,,
2026-07-29T11:51:50+00:00,LEAD_ACID,home_001,0.08,12.254,7.03,7.11,18.41,27.9,,,,
2026-07-29T11:51:55+00:00,LEAD_ACID,home_001,-4.59,12.254,11.76,7.17,18.55,33.2,,,,
2026-07-29T11:52:00+00:00,LEAD_ACID,home_001,-1.9,12.254,9.29,7.39,18.63,27.2,,,,
2026-07-29T11:52:05+00:00,LEAD_ACID,home_001,-0.68,12.254,8.17,7.49,18.54,29.2,,,,
2026-07-29T11:52:10+00:00,LEAD_ACID,home_001,-3.27,12.254,10.58,7.31,18.67,27.8,,,,
2026-07-29T11:52:15+00:00,LEAD_ACID,home_001,-7.79,12.254,15.28,7.49,18.51,27.4,,,,
2026-07-29T11:52:20+00:00,LEAD_ACID,home_001,-5.86,12.254,12.69,6.83,18.3,25.2,,,,
2026-07-29T11:52:25+00:00,LEAD_ACID,home_001,-4.77,12.254,11.88,7.11,18.67,27.3,,,,
2026-07-29T11:52:31+00:00,LEAD_ACID,home_001,-4.78,12.254,11.86,7.08,18.51,34.0,,,,
2026-07-29T11:52:36+00:00,LEAD_ACID,home_001,-9.03,12.254,16.41,7.38,18.49,33.6,,,,
2026-07-29T11:52:41+00:00,LEAD_ACID,home_001,-0.67,12.254,8.02,7.35,18.55,29.0,,,,
2026-07-29T11:52:46+00:00,LEAD_ACID,home_001,-1.99,12.254,9.5,7.51,18.73,30.5,,,,
2026-07-29T11:52:51+00:00,LEAD_ACID,home_001,-7.31,12.254,14.17,6.86,18.64,28.5,,,,
2026-07-29T11:52:56+00:00,LEAD_ACID,home_001,-7.52,12.254,15.12,7.6,18.57,27.9,,,,
2026-07-29T11:53:01+00:00,LEAD_ACID,home_001,-0.98,12.254,7.89,6.91,18.54,32.7,,,,
2026-07-29T11:53:06+00:00,LEAD_ACID,home_001,-3.36,12.254,10.55,7.19,18.66,34.6,,,,
2026-07-29T11:53:11+00:00,LEAD_ACID,home_001,-6.31,12.254,13.85,7.54,18.64,29.1,,,,
2026-07-29T11:53:16+00:00,LEAD_ACID,home_001,-7.07,12.254,14.67,7.6,18.38,30.3,,,,
2026-07-29T11:53:21+00:00,LEAD_ACID,home_001,-7.14,12.254,14.14,7.0,18.75,34.3,,,,
2026-07-29T11:53:26+00:00,LEAD_ACID,home_001,-8.73,12.254,15.72,6.99,18.68,27.2,,,,
2026-07-29T11:53:31+00:00,LEAD_ACID,home_001,-7.02,12.254,13.89,6.87,18.61,27.5,,,,
2026-07-29T11:53:36+00:00,LEAD_ACID,home_001,-4.36,12.254,11.5,7.14,18.54,25.5,,,,
2026-07-29T11:53:41+00:00,LEAD_ACID,home_001,-5.77,12.254,12.95,7.18,18.28,30.4,,,,
2026-07-29T11:53:46+00:00,LEAD_ACID,home_001,-0.56,12.254,8.09,7.53,18.56,34.6,,,,
2026-07-29T11:53:51+00:00,LEAD_ACID,home_001,-6.79,12.254,14.3,7.51,18.61,30.0,,,,
2026-07-29T11:53:56+00:00,LEAD_ACID,home_001,-0.2,12.254,7.73,7.53,18.61,27.0,,,,
2026-07-29T11:54:01+00:00,LEAD_ACID,home_001,-1.44,12.254,8.74,7.3,18.39,32.3,,,,
2026-07-29T11:54:06+00:00,LEAD_ACID,home_001,-4.45,12.254,11.37,6.92,18.28,29.9,,,,
2026-07-29T11:54:11+00:00,LEAD_ACID,home_001,-7.67,12.254,15.2,7.53,18.7,27.5,,,,
2026-07-29T11:54:16+00:00,LEAD_ACID,home_001,-0.69,12.254,8.11,7.42,18.61,26.7,,,,
2026-07-29T11:54:21+00:00,LEAD_ACID,home_001,-7.73,12.254,14.67,6.94,18.48,33.0,,,,
2026-07-29T11:54:26+00:00,LEAD_ACID,home_001,-1.79,12.254,8.91,7.12,18.27,30.7,,,,
2026-07-29T11:54:31+00:00,LEAD_ACID,home_001,-6.08,12.254,13.42,7.34,18.63,30.2,,,,
2026-07-29T11:54:36+00:00,LEAD_ACID,home_001,-6.07,12.254,13.25,7.18,18.43,31.0,,,,
2026-07-29T11:54:41+00:00,LEAD_ACID,home_001,-3.15,12.254,10.2,7.05,18.63,25.8,,,,
2026-07-29T11:54:46+00:00,LEAD_ACID,home_001,-4.46,12.254,11.93,7.47,18.27,29.3,,,,
2026-07-29T11:54:51+00:00,LEAD_ACID,home_001,-1.19,12.254,8.15,6.96,18.67,32.6,,,,
2026-07-29T11:54:56+00:00,LEAD_ACID,home_001,-3.69,12.254,11.27,7.58,18.56,29.7,,,,
2026-07-29T11:55:01+00:00,LEAD_ACID,home_001,-4.29,12.254,11.59,7.3,18.5,28.9,,,,
2026-07-29T11:55:06+00:00,LEAD_ACID,home_001,-0.35,12.254,7.19,6.84,18.61,26.7,,,,
2026-07-29T11:55:11+00:00,LEAD_ACID,home_001,-5.72,12.254,13.03,7.31,18.28,31.9,,,,
2026-07-29T11:55:16+00:00,LEAD_ACID,home_001,-8.24,12.254,15.83,7.59,18.37,30.0,,,,
2026-07-29T11:55:21+00:00,LEAD_ACID,home_001,-0.15,12.254,7.58,7.43,18.32,26.9,,,,
2026-07-29T11:55:26+00:00,LEAD_ACID,home_001,-1.97,12.254,9.55,7.58,18.64,29.0,,,,
2026-07-29T11:55:31+00:00,LEAD_ACID,home_001,0.18,12.254,7.06,7.24,18.54,34.2,,,,
2026-07-29T11:55:36+00:00,LEAD_ACID,home_001,-0.75,12.254,8.06,7.31,18.55,29.8,,,,
2026-07-29T11:55:41+00:00,LEAD_ACID,home_001,-0.95,12.254,7.83,6.88,18.32,33.2,,,,
2026-07-29T11:55:46+00:00,LEAD_ACID,home_001,-4.32,12.254,11.64,7.32,18.4,31.3,,,,
2026-07-29T11:55:51+00:00,LEAD_ACID,home_001,-8.51,12.254,15.37,6.86,18.73,33.0,,,,
2026-07-29T11:55:56+00:00,LEAD_ACID,home_001,-3.76,12.254,11.26,7.5,18.38,28.5,,,,
2026-07-29T11:56:01+00:00,LEAD_ACID,home_001,-2.34,12.254,9.58,7.24,18.63,27.9,,,,
2026-07-29T11:56:06+00:00,LEAD_ACID,home_001,-2.57,12.254,9.77,7.2,18.41,28.1,,,,
2026-07-29T11:56:11+00:00,LEAD_ACID,home_001,-4.24,12.254,11.18,6.94,18.63,26.1,,,,
2026-07-29T11:56:16+00:00,LEAD_ACID,home_001,-1.0,12.254,7.92,6.92,18.51,30.8,,,,
2026-07-29T11:56:21+00:00,LEAD_ACID,home_001,0.04,12.254,7.09,7.13,18.63,30.3,,,,
2026-07-29T11:56:26+00:00,LEAD_ACID,home_001,-4.18,12.254,11.59,7.41,18.61,25.8,,,,
2026-07-29T11:56:31+00:00,LEAD_ACID,home_001,0.25,12.254,7.16,7.41,18.5,29.5,,,,
2026-07-29T11:56:36+00:00,LEAD_ACID,home_001,0.13,12.254,7.31,7.44,18.49,32.1,,,,
2026-07-29T11:56:41+00:00,LEAD_ACID,home_001,0.24,12.254,7.08,7.32,18.57,28.2,,,,
2026-07-29T11:56:46+00:00,LEAD_ACID,home_001,-1.09,12.254,8.55,7.46,18.45,31.2,,,,
2026-07-29T11:56:51+00:00,LEAD_ACID,home_001,-5.95,12.254,12.89,6.94,18.57,28.1,,,,
2026-07-29T11:56:56+00:00,LEAD_ACID,home_001,-7.92,12.254,14.91,6.99,18.55,33.7,,,,
2026-07-29T11:57:01+00:00,LEAD_ACID,home_001,-6.3,12.254,13.66,7.36,18.47,34.9,,,,
2026-07-29T11:57:06+00:00,LEAD_ACID,home_001,-2.4,12.254,9.59,7.19,18.26,26.0,,,,
2026-07-29T11:57:11+00:00,LEAD_ACID,home_001,-3.57,12.254,10.57,7.0,18.49,29.7,,,,
2026-07-29T11:57:16+00:00,LEAD_ACID,home_001,-9.46,12.254,16.61,7.15,18.7,29.0,,,,
2026-07-29T11:57:21+00:00,LEAD_ACID,home_001,-1.81,12.254,9.32,7.51,18.5,25.5,,,,
2026-07-29T11:57:27+00:00,LEAD_ACID,home_001,-7.01,12.254,14.05,7.04,18.58,25.3,,,,
2026-07-29T11:57:31+00:00,LEAD_ACID,home_001,-7.08,12.254,14.02,6.94,18.38,27.1,,,,
2026-07-29T11:57:36+00:00,LEAD_ACID,home_001,-5.33,12.254,12.42,7.09,18.38,30.2,,,,
2026-07-29T11:57:41+00:00,LEAD_ACID,home_001,-1.24,12.254,8.61,7.37,18.6,33.7,,,,
2026-07-29T11:57:46+00:00,LEAD_ACID,home_001,-9.73,12.254,16.57,6.84,18.56,26.4,,,,
2026-07-29T11:57:51+00:00,LEAD_ACID,home_001,-7.23,12.254,14.83,7.6,18.45,34.5,,,,
2026-07-29T11:57:56+00:00,LEAD_ACID,home_001,-9.22,12.254,16.64,7.42,18.35,31.9,,,,
2026-07-29T11:58:01+00:00,LEAD_ACID,home_001,-8.37,12.254,15.37,7.0,18.42,30.3,,,,
2026-07-29T11:58:06+00:00,LEAD_ACID,home_001,-5.93,12.253,13.02,7.09,18.67,26.6,,,,
2026-07-29T11:58:11+00:00,LEAD_ACID,home_001,-0.12,12.253,7.59,7.47,18.72,31.8,,,,
2026-07-29T11:58:16+00:00,LEAD_ACID,home_001,-7.38,12.254,14.88,7.5,18.69,31.4,,,,
2026-07-29T11:58:21+00:00,LEAD_ACID,home_001,-7.32,12.253,14.57,7.25,18.41,30.4,,,,
2026-07-29T11:58:26+00:00,LEAD_ACID,home_001,-3.05,12.253,10.1,7.05,18.6,27.2,,,,
2026-07-29T11:58:31+00:00,LEAD_ACID,home_001,-3.32,12.253,10.55,7.23,18.52,33.1,,,,
2026-07-29T11:58:36+00:00,LEAD_ACID,home_001,-1.37,12.253,8.8,7.43,18.34,35.0,,,,
2026-07-29T11:58:41+00:00,LEAD_ACID,home_001,-3.58,12.253,10.77,7.19,18.49,32.4,,,,
2026-07-29T11:58:46+00:00,LEAD_ACID,home_001,-2.18,12.253,9.13,6.95,18.27,27.2,,,,
2026-07-29T11:58:51+00:00,LEAD_ACID,home_001,0.67,12.253,6.87,7.54,18.68,34.7,,,,
2026-07-29T11:58:56+00:00,LEAD_ACID,home_001,0.0,12.254,7.58,7.58,18.67,29.9,,,,
2026-07-29T11:59:01+00:00,LEAD_ACID,home_001,-9.2,12.254,16.27,7.07,18.6,26.9,,,,
2026-07-29T11:59:06+00:00,LEAD_ACID,home_001,-7.65,12.254,15.21,7.56,18.39,31.1,,,,
2026-07-29T11:59:11+00:00,LEAD_ACID,home_001,-9.53,12.253,16.42,6.89,18.44,26.1,,,,
2026-07-29T11:59:16+00:00,LEAD_ACID,home_001,-2.78,12.253,10.0,7.22,18.28,33.4,,,,
2026-07-29T11:59:21+00:00,LEAD_ACID,home_001,-7.09,12.253,14.47,7.38,18.45,27.1,,,,
2026-07-29T11:59:26+00:00,LEAD_ACID,home_001,0.8,12.253,6.71,7.51,18.73,25.7,,,,
2026-07-29T11:59:31+00:00,LEAD_ACID,home_001,-3.56,12.253,10.85,7.29,18.52,34.8,,,,
2026-07-29T11:59:36+00:00,LEAD_ACID,home_001,-6.85,12.253,13.67,6.82,18.47,31.0,,,,
2026-07-29T11:59:41+00:00,LEAD_ACID,home_001,-8.23,12.253,15.12,6.89,18.46,26.4,,,,
2026-07-29T11:59:46+00:00,LEAD_ACID,home_001,-7.72,12.253,15.32,7.6,18.54,31.1,,,,
2026-07-29T11:59:51+00:00,LEAD_ACID,home_001,-4.81,12.253,12.21,7.4,18.25,27.1,,,,
2026-07-29T11:59:56+00:00,LEAD_ACID,home_001,-6.18,12.253,13.38,7.2,18.33,34.0,,,,
2026-07-29T12:00:01+00:00,LEAD_ACID,home_001,-6.98,12.253,14.85,7.87,18.3,30.7,,,,
2026-07-29T12:00:06+00:00,LEAD_ACID,home_001,-7.28,12.253,15.4,8.12,18.37,29.8,,,,
2026-07-29T12:00:11+00:00,LEAD_ACID,home_001,-7.74,12.253,15.37,7.63,18.43,25.7,,,,
2026-07-29T12:00:16+00:00,LEAD_ACID,home_001,-2.13,12.253,9.96,7.83,18.57,27.2,,,,
2026-07-29T12:00:21+00:00,LEAD_ACID,home_001,-1.6,12.253,9.38,7.78,18.6,32.4,,,,
2026-07-29T12:00:26+00:00,LEAD_ACID,home_001,-3.98,12.253,12.1,8.12,18.55,30.2,,,,
2026-07-29T12:00:31+00:00,LEAD_ACID,home_001,0.1,12.253,7.7,7.8,18.59,30.7,,,,
2026-07-29T12:00:36+00:00,LEAD_ACID,home_001,0.0,12.253,7.99,7.99,18.71,27.9,,,,
2026-07-29T12:00:41+00:00,LEAD_ACID,home_001,-0.7,12.253,8.76,8.06,18.67,25.2,,,,
2026-07-29T12:00:46+00:00,LEAD_ACID,home_001,0.3,12.253,7.49,7.79,18.6,27.0,,,,
2026-07-29T12:00:51+00:00,LEAD_ACID,home_001,-5.8,12.253,13.89,8.09,18.37,27.9,,,,
2026-07-29T12:00:57+00:00,LEAD_ACID,home_001,-2.25,12.253,10.36,8.11,18.61,26.1,,,,
2026-07-29T12:01:01+00:00,LEAD_ACID,home_001,-3.64,12.253,11.78,8.14,18.62,27.4,,,,
2026-07-29T12:01:06+00:00,LEAD_ACID,home_001,-4.74,12.253,12.3,7.56,18.36,31.9,,,,
2026-07-29T12:01:11+00:00,LEAD_ACID,home_001,-5.57,12.253,13.52,7.95,18.69,32.6,,,,
2026-07-29T12:01:17+00:00,LEAD_ACID,home_001,0.08,12.253,7.45,7.53,18.58,29.7,,,,
2026-07-29T12:01:22+00:00,LEAD_ACID,home_001,-2.11,12.253,10.09,7.98,18.45,31.2,,,,
2026-07-29T12:01:27+00:00,LEAD_ACID,home_001,-1.53,12.253,9.13,7.6,18.65,30.3,,,,
2026-07-29T12:01:32+00:00,LEAD_ACID,home_001,-3.07,12.253,10.79,7.72,18.29,31.8,,,,
2026-07-29T12:01:37+00:00,LEAD_ACID,home_001,-5.23,12.253,13.34,8.11,18.56,27.4,,,,
2026-07-29T12:01:42+00:00,LEAD_ACID,home_001,-5.91,12.253,14.08,8.17,18.26,26.6,,,,
2026-07-29T12:01:47+00:00,LEAD_ACID,home_001,-8.27,12.253,15.68,7.41,18.54,29.1,,,,
2026-07-29T12:01:52+00:00,LEAD_ACID,home_001,-3.72,12.253,11.37,7.65,18.61,31.5,,,,
2026-07-29T12:01:57+00:00,LEAD_ACID,home_001,-7.76,12.253,15.56,7.8,18.27,28.0,,,,
2026-07-29T12:02:02+00:00,LEAD_ACID,home_001,-5.6,12.253,13.33,7.73,18.27,29.1,,,,
2026-07-29T12:02:07+00:00,LEAD_ACID,home_001,-4.89,12.253,12.61,7.72,18.72,33.1,,,,
2026-07-29T12:02:12+00:00,LEAD_ACID,home_001,-5.11,12.253,12.96,7.85,18.6,26.4,,,,
2026-07-29T12:02:17+00:00,LEAD_ACID,home_001,-2.3,12.253,10.26,7.96,18.33,25.9,,,,
2026-07-29T12:02:22+00:00,LEAD_ACID,home_001,-0.29,12.253,8.1,7.81,18.43,30.8,,,,
2026-07-29T12:02:27+00:00,LEAD_ACID,home_001,-5.84,12.253,13.36,7.52,18.59,34.3,,,,
2026-07-29T12:02:32+00:00,LEAD_ACID,home_001,-2.9,12.253,10.94,8.04,18.37,34.6,,,,
2026-07-29T12:02:37+00:00,LEAD_ACID,home_001,-1.03,12.253,8.83,7.8,18.29,26.9,,,,
2026-07-29T12:02:42+00:00,LEAD_ACID,home_001,1.01,12.253,6.92,7.93,18.73,25.3,,,,
2026-07-29T12:02:47+00:00,LEAD_ACID,home_001,0.02,12.253,7.52,7.54,18.62,27.4,,,,
2026-07-29T12:02:52+00:00,LEAD_ACID,home_001,-8.28,12.253,15.94,7.66,18.61,34.5,,,,
2026-07-29T12:02:57+00:00,LEAD_ACID,home_001,-5.59,12.253,13.08,7.49,18.29,31.4,,,,
2026-07-29T12:03:02+00:00,LEAD_ACID,home_001,-4.82,12.253,12.8,7.98,18.28,27.4,,,,
2026-07-29T12:03:07+00:00,LEAD_ACID,home_001,-7.7,12.253,15.25,7.55,18.66,26.5,,,,
2026-07-29T12:03:12+00:00,LEAD_ACID,home_001,0.53,12.253,7.3,7.83,18.64,27.5,,,,
2026-07-29T12:03:17+00:00,LEAD_ACID,home_001,-3.21,12.253,10.8,7.59,18.59,29.7,,,,
2026-07-29T12:03:22+00:00,LEAD_ACID,home_001,-4.22,12.253,11.73,7.51,18.69,31.1,,,,
2026-07-29T12:03:27+00:00,LEAD_ACID,home_001,-7.53,12.253,15.28,7.75,18.44,34.4,,,,
2026-07-29T12:03:32+00:00,LEAD_ACID,home_001,-8.34,12.253,15.91,7.57,18.3,32.4,,,,
2026-07-29T12:03:37+00:00,LEAD_ACID,home_001,-2.37,12.253,10.31,7.94,18.3,34.1,,,,
2026-07-29T12:03:42+00:00,LEAD_ACID,home_001,-3.03,12.253,10.77,7.74,18.34,28.3,,,,
2026-07-29T12:03:47+00:00,LEAD_ACID,home_001,-0.92,12.253,8.5,7.58,18.52,29.3,,,,
2026-07-29T12:03:52+00:00,LEAD_ACID,home_001,0.64,12.253,7.11,7.75,18.35,30.2,,,,
2026-07-29T12:03:57+00:00,LEAD_ACID,home_001,-7.5,12.253,15.67,8.17,18.36,25.4,,,,
2026-07-29T12:04:02+00:00,LEAD_ACID,home_001,0.22,12.253,7.5,7.72,18.57,28.5,,,,
2026-07-29T12:04:07+00:00,LEAD_ACID,home_001,-5.96,12.253,14.02,8.06,18.56,25.1,,,,
2026-07-29T12:04:12+00:00,LEAD_ACID,home_001,0.65,12.253,6.85,7.5,18.37,29.7,,,,
2026-07-29T12:04:17+00:00,LEAD_ACID,home_001,-5.44,12.253,13.07,7.63,18.25,32.5,,,,
2026-07-29T12:04:22+00:00,LEAD_ACID,home_001,-5.66,12.253,13.37,7.71,18.72,27.9,,,,
2026-07-29T12:04:27+00:00,LEAD_ACID,home_001,-8.62,12.253,16.06,7.44,18.58,28.9,,,,
2026-07-29T12:04:32+00:00,LEAD_ACID,home_001,-7.41,12.253,15.14,7.73,18.25,27.9,,,,
2026-07-29T12:04:37+00:00,LEAD_ACID,home_001,-3.46,12.253,11.06,7.6,18.27,30.5,,,,
2026-07-29T12:04:42+00:00,LEAD_ACID,home_001,-0.95,12.253,8.88,7.93,18.36,31.6,,,,
2026-07-29T12:04:47+00:00,LEAD_ACID,home_001,-3.32,12.253,11.43,8.11,18.36,26.0,,,,
2026-07-29T12:04:52+00:00,LEAD_ACID,home_001,-2.23,12.253,9.81,7.58,18.41,30.3,,,,
2026-07-29T12:04:57+00:00,LEAD_ACID,home_001,-8.63,12.253,16.25,7.62,18.71,25.8,,,,
2026-07-29T12:05:02+00:00,LEAD_ACID,home_001,-8.53,12.253,16.56,8.03,18.56,25.5,,,,
2026-07-29T12:05:07+00:00,LEAD_ACID,home_001,0.23,12.253,7.7,7.93,18.33,28.8,,,,
2026-07-29T12:05:12+00:00,LEAD_ACID,home_001,-7.75,12.253,15.48,7.73,18.72,34.7,,,,
2026-07-29T12:05:17+00:00,LEAD_ACID,home_001,-7.45,12.253,15.64,8.19,18.34,30.1,,,,
2026-07-29T12:05:22+00:00,LEAD_ACID,home_001,-6.9,12.253,14.45,7.55,18.33,29.9,,,,
2026-07-29T12:05:27+00:00,LEAD_ACID,home_001,-7.14,12.253,15.18,8.04,18.57,28.4,,,,
2026-07-29T12:05:32+00:00,LEAD_ACID,home_001,-6.16,12.253,13.82,7.66,18.59,34.1,,,,
2026-07-29T12:05:37+00:00,LEAD_ACID,home_001,-7.95,12.253,16.01,8.06,18.65,33.3,,,,
2026-07-29T12:05:42+00:00,LEAD_ACID,home_001,-2.55,12.253,10.03,7.48,18.74,30.2,,,,
2026-07-29T12:05:47+00:00,LEAD_ACID,home_001,-7.34,12.253,15.44,8.1,18.51,28.9,,,,
2026-07-29T12:05:52+00:00,LEAD_ACID,home_001,-1.53,12.253,9.18,7.65,18.62,28.5,,,,
2026-07-29T12:05:57+00:00,LEAD_ACID,home_001,-3.52,12.253,11.15,7.63,18.47,33.4,,,,
2026-07-29T12:06:02+00:00,LEAD_ACID,home_001,0.68,12.253,7.3,7.98,18.36,33.9,,,,
2026-07-29T12:06:07+00:00,LEAD_ACID,home_001,-3.45,12.253,11.51,8.06,18.34,34.8,,,,
2026-07-29T12:06:12+00:00,LEAD_ACID,home_001,-2.41,12.253,10.09,7.68,18.62,32.2,,,,
2026-07-29T12:06:17+00:00,LEAD_ACID,home_001,-6.19,12.253,14.38,8.19,18.49,25.3,,,,
2026-07-29T12:06:22+00:00,LEAD_ACID,home_001,-0.58,12.253,8.27,7.69,18.58,27.3,,,,
2026-07-29T12:06:27+00:00,LEAD_ACID,home_001,-3.08,12.253,10.91,7.83,18.37,26.7,,,,
2026-07-29T12:06:32+00:00,LEAD_ACID,home_001,-7.6,12.253,15.57,7.97,18.31,26.3,,,,
2026-07-29T12:06:37+00:00,LEAD_ACID,home_001,-0.52,12.253,8.58,8.06,18.39,30.5,,,,
2026-07-29T12:06:42+00:00,LEAD_ACID,home_001,-6.91,12.253,14.63,7.72,18.32,25.2,,,,
2026-07-29T12:06:47+00:00,LEAD_ACID,home_001,-8.98,12.253,16.61,7.63,18.5,31.0,,,,
2026-07-29T12:06:52+00:00,LEAD_ACID,home_001,-1.45,12.253,9.59,8.14,18.51,28.9,,,,
2026-07-29T12:06:57+00:00,LEAD_ACID,home_001,-7.49,12.253,15.61,8.12,18.37,27.8,,,,
2026-07-29T12:07:02+00:00,LEAD_ACID,home_001,-3.91,12.253,11.39,7.48,18.48,28.0,,,,
2026-07-29T12:07:07+00:00,LEAD_ACID,home_001,0.19,12.253,7.7,7.89,18.56,33.2,,,,
2026-07-29T12:07:12+00:00,LEAD_ACID,home_001,-6.59,12.253,14.49,7.9,18.3,26.4,,,,
2026-07-29T12:07:17+00:00,LEAD_ACID,home_001,-7.9,12.253,15.56,7.66,18.5,32.3,,,,
2026-07-29T12:07:22+00:00,LEAD_ACID,home_001,0.48,12.253,7.35,7.83,18.63,34.1,,,,
2026-07-29T12:07:27+00:00,LEAD_ACID,home_001,-8.34,12.253,16.42,8.08,18.34,30.8,,,,
2026-07-29T12:07:32+00:00,LEAD_ACID,home_001,-2.02,12.253,10.16,8.14,18.45,31.5,,,,
2026-07-29T12:07:37+00:00,LEAD_ACID,home_001,-7.85,12.253,15.62,7.77,18.38,32.2,,,,
2026-07-29T12:07:42+00:00,LEAD_ACID,home_001,-2.14,12.253,10.12,7.98,18.44,26.6,,,,
2026-07-29T12:07:47+00:00,LEAD_ACID,home_001,-5.86,12.253,13.95,8.09,18.47,29.6,,,,
2026-07-29T12:07:52+00:00,LEAD_ACID,home_001,-2.86,12.253,10.77,7.91,18.25,29.7,,,,
2026-07-29T12:07:57+00:00,LEAD_ACID,home_001,-1.11,12.253,9.3,8.19,18.65,25.4,,,,
2026-07-29T12:08:02+00:00,LEAD_ACID,home_001,-0.82,12.253,8.78,7.96,18.32,32.1,,,,
2026-07-29T12:08:07+00:00,LEAD_ACID,home_001,-0.88,12.253,8.74,7.86,18.48,34.2,,,,
2026-07-29T12:08:12+00:00,LEAD_ACID,home_001,-4.53,12.253,12.14,7.61,18.64,34.3,,,,
2026-07-29T12:08:17+00:00,LEAD_ACID,home_001,-4.07,12.253,12.14,8.07,18.31,32.7,,,,
2026-07-29T12:08:22+00:00,LEAD_ACID,home_001,-7.87,12.253,15.47,7.6,18.45,26.3,,,,
2026-07-29T12:08:27+00:00,LEAD_ACID,home_001,-4.18,12.253,11.77,7.59,18.5,33.1,,,,
2026-07-29T12:08:32+00:00,LEAD_ACID,home_001,-0.13,12.253,7.82,7.69,18.46,30.1,,,,
2026-07-29T12:08:37+00:00,LEAD_ACID,home_001,-7.27,12.253,15.21,7.94,18.38,33.6,,,,
2026-07-29T12:08:42+00:00,LEAD_ACID,home_001,-7.72,12.253,15.84,8.12,18.63,31.3,,,,
2026-07-29T12:08:47+00:00,LEAD_ACID,home_001,-4.75,12.253,12.63,7.88,18.6,28.1,,,,
2026-07-29T12:08:52+00:00,LEAD_ACID,home_001,-8.95,12.253,16.68,7.73,18.73,27.0,,,,
2026-07-29T12:08:57+00:00,LEAD_ACID,home_001,-8.37,12.253,15.85,7.48,18.27,26.9,,,,
2026-07-29T12:09:02+00:00,LEAD_ACID,home_001,-2.89,12.253,10.59,7.7,18.26,26.0,,,,
2026-07-29T12:09:07+00:00,LEAD_ACID,home_001,-1.35,12.253,9.52,8.17,18.7,27.5,,,,
2026-07-29T12:09:12+00:00,LEAD_ACID,home_001,-2.83,12.253,10.63,7.8,18.54,26.1,,,,
2026-07-29T12:09:17+00:00,LEAD_ACID,home_001,-1.96,12.253,9.56,7.6,18.44,28.7,,,,
2026-07-29T12:09:22+00:00,LEAD_ACID,home_001,-1.61,12.253,9.25,7.64,18.71,27.0,,,,
2026-07-29T12:09:27+00:00,LEAD_ACID,home_001,-0.35,12.253,8.02,7.67,18.7,30.4,,,,
2026-07-29T12:09:32+00:00,LEAD_ACID,home_001,-2.82,12.253,10.31,7.49,18.29,34.0,,,,
2026-07-29T12:09:37+00:00,LEAD_ACID,home_001,-7.66,12.253,15.11,7.45,18.73,31.9,,,,
2026-07-29T12:09:42+00:00,LEAD_ACID,home_001,-6.49,12.253,13.9,7.41,18.29,30.3,,,,
2026-07-29T12:09:47+00:00,LEAD_ACID,home_001,-4.37,12.253,12.32,7.95,18.72,31.5,,,,
2026-07-29T12:09:52+00:00,LEAD_ACID,home_001,-1.2,12.253,8.92,7.72,18.71,33.0,,,,
2026-07-29T12:09:57+00:00,LEAD_ACID,home_001,0.49,12.253,7.43,7.92,18.63,34.6,,,,
2026-07-29T12:10:02+00:00,LEAD_ACID,home_001,-6.33,12.253,14.14,7.81,18.72,29.5,,,,
2026-07-29T12:10:07+00:00,LEAD_ACID,home_001,-0.61,12.253,8.32,7.71,18.61,33.3,,,,
2026-07-29T12:10:12+00:00,LEAD_ACID,home_001,-7.82,12.253,15.61,7.79,18.49,26.4,,,,
2026-07-29T12:10:17+00:00,LEAD_ACID,home_001,-0.13,12.253,7.76,7.63,18.5,28.5,,,,
2026-07-29T12:10:22+00:00,LEAD_ACID,home_001,-0.43,12.253,8.5,8.07,18.37,28.0,,,,
2026-07-29T12:10:27+00:00,LEAD_ACID,home_001,-1.58,12.253,9.75,8.17,18.52,31.8,,,,
2026-07-29T12:10:32+00:00,LEAD_ACID,home_001,-3.35,12.253,11.2,7.85,18.6,27.8,,,,
2026-07-29T12:10:37+00:00,LEAD_ACID,home_001,-7.97,12.253,16.04,8.07,18.29,27.7,,,,
2026-07-29T12:10:42+00:00,LEAD_ACID,home_001,-5.05,12.253,12.56,7.51,18.51,26.7,,,,
2026-07-29T12:10:47+00:00,LEAD_ACID,home_001,-3.24,12.253,11.17,7.93,18.59,30.5,,,,
2026-07-29T12:10:52+00:00,LEAD_ACID,home_001,-1.78,12.253,9.77,7.99,18.62,32.3,,,,
2026-07-29T12:10:57+00:00,LEAD_ACID,home_001,-3.59,12.253,11.78,8.19,18.72,32.8,,,,
2026-07-29T12:11:02+00:00,LEAD_ACID,home_001,-2.28,12.253,10.29,8.01,18.52,33.8,,,,
2026-07-29T12:11:07+00:00,LEAD_ACID,home_001,-2.23,12.253,10.24,8.01,18.65,30.2,,,,
2026-07-29T12:11:12+00:00,LEAD_ACID,home_001,-0.24,12.253,7.77,7.53,18.71,30.7,,,,
2026-07-29T12:11:17+00:00,LEAD_ACID,home_001,-3.54,12.253,11.11,7.57,18.42,26.8,,,,
2026-07-29T12:11:22+00:00,LEAD_ACID,home_001,-2.52,12.253,10.33,7.81,18.45,31.3,,,,
2026-07-29T12:11:27+00:00,LEAD_ACID,home_001,0.43,12.253,7.63,8.06,18.75,32.6,,,,
2026-07-29T12:11:32+00:00,LEAD_ACID,home_001,-2.8,12.253,10.8,8.0,18.42,25.3,,,,
2026-07-29T12:11:37+00:00,LEAD_ACID,home_001,-2.23,12.253,10.39,8.16,18.27,29.9,,,,
2026-07-29T12:11:42+00:00,LEAD_ACID,home_001,-1.75,12.253,9.16,7.41,18.6,25.4,,,,
2026-07-29T12:11:47+00:00,LEAD_ACID,home_001,-0.11,12.253,8.29,8.18,18.65,26.5,,,,
2026-07-29T12:11:52+00:00,LEAD_ACID,home_001,-0.96,12.253,8.85,7.89,18.49,28.7,,,,
2026-07-29T12:11:57+00:00,LEAD_ACID,home_001,-0.43,12.254,8.21,7.78,18.52,31.3,,,,
2026-07-29T12:12:02+00:00,LEAD_ACID,home_001,-1.82,12.254,9.62,7.8,18.32,28.4,,,,
2026-07-29T12:12:07+00:00,LEAD_ACID,home_001,-4.61,12.254,12.39,7.78,18.69,27.6,,,,
2026-07-29T12:12:12+00:00,LEAD_ACID,home_001,-6.5,12.254,14.5,8.0,18.62,31.5,,,,
2026-07-29T12:12:17+00:00,LEAD_ACID,home_001,0.55,12.254,7.18,7.73,18.34,25.4,,,,
2026-07-29T12:12:23+00:00,LEAD_ACID,home_001,-4.89,12.254,12.65,7.76,18.43,25.5,,,,
2026-07-29T12:12:27+00:00,LEAD_ACID,home_001,-0.71,12.254,8.66,7.95,18.25,29.4,,,,
2026-07-29T12:12:33+00:00,LEAD_ACID,home_001,-5.03,12.254,12.48,7.45,18.65,31.0,,,,
2026-07-29T12:12:38+00:00,LEAD_ACID,home_001,-5.58,12.254,13.54,7.96,18.64,29.8,,,,
2026-07-29T12:12:43+00:00,LEAD_ACID,home_001,-3.62,12.254,11.62,8.0,18.28,31.1,,,,
2026-07-29T12:12:48+00:00,LEAD_ACID,home_001,-4.11,12.254,12.17,8.06,18.52,34.9,,,,
2026-07-29T12:12:53+00:00,LEAD_ACID,home_001,-4.38,12.254,12.07,7.69,18.39,33.6,,,,
2026-07-29T12:12:58+00:00,LEAD_ACID,home_001,-2.04,12.254,10.0,7.96,18.75,26.4,,,,
2026-07-29T12:13:03+00:00,LEAD_ACID,home_001,-3.86,12.254,11.9,8.04,18.36,29.3,,,,
2026-07-29T12:13:08+00:00,LEAD_ACID,home_001,-8.91,12.254,16.64,7.73,18.37,28.8,,,,
2026-07-29T12:13:13+00:00,LEAD_ACID,home_001,-0.53,12.254,8.67,8.14,18.35,30.9,,,,
2026-07-29T12:13:18+00:00,LEAD_ACID,home_001,-6.45,12.254,14.52,8.07,18.7,27.2,,,,
2026-07-29T12:13:23+00:00,LEAD_ACID,home_001,-1.57,12.254,9.3,7.73,18.41,28.3,,,,
2026-07-29T12:13:28+00:00,LEAD_ACID,home_001,-6.64,12.254,14.8,8.16,18.73,34.0,,,,
2026-07-29T12:13:33+00:00,LEAD_ACID,home_001,-4.65,12.254,12.72,8.07,18.47,32.7,,,,
2026-07-29T12:13:38+00:00,LEAD_ACID,home_001,-5.85,12.254,13.6,7.75,18.32,27.5,,,,
2026-07-29T12:13:43+00:00,LEAD_ACID,home_001,-8.26,12.254,16.21,7.95,18.75,31.6,,,,
2026-07-29T12:13:48+00:00,LEAD_ACID,home_001,-2.24,12.254,10.38,8.14,18.38,34.6,,,,
2026-07-29T12:13:53+00:00,LEAD_ACID,home_001,-7.42,12.254,14.87,7.45,18.4,33.5,,,,
2026-07-29T12:13:58+00:00,LEAD_ACID,home_001,0.76,12.253,7.18,7.94,18.74,28.5,,,,
2026-07-29T12:14:03+00:00,LEAD_ACID,home_001,-3.5,12.254,11.2,7.7,18.71,29.7,,,,
2026-07-29T12:14:08+00:00,LEAD_ACID,home_001,-7.62,12.254,15.63,8.01,18.52,31.2,,,,
2026-07-29T12:14:13+00:00,LEAD_ACID,home_001,-4.9,12.254,12.8,7.9,18.55,34.0,,,,
2026-07-29T12:14:18+00:00,LEAD_ACID,home_001,-1.69,12.254,9.35,7.66,18.49,32.1,,,,
2026-07-29T12:14:23+00:00,LEAD_ACID,home_001,-1.24,12.254,8.83,7.59,18.25,28.9,,,,
2026-07-29T12:14:28+00:00,LEAD_ACID,home_001,-7.59,12.254,15.2,7.61,18.63,33.5,,,,
2026-07-29T12:14:33+00:00,LEAD_ACID,home_001,-4.64,12.254,12.55,7.91,18.29,29.7,,,,
2026-07-29T12:14:38+00:00,LEAD_ACID,home_001,-7.52,12.254,14.93,7.41,18.63,33.1,,,,
2026-07-29T12:14:43+00:00,LEAD_ACID,home_001,0.03,12.253,8.03,8.06,18.65,26.8,,,,
2026-07-29T12:14:48+00:00,LEAD_ACID,home_001,-1.34,12.254,9.18,7.84,18.41,32.2,,,,
2026-07-29T12:14:53+00:00,LEAD_ACID,home_001,-3.41,12.254,11.14,7.73,18.37,27.3,,,,
2026-07-29T12:14:58+00:00,LEAD_ACID,home_001,-3.44,12.254,10.89,7.45,18.7,33.0,,,,
2026-07-29T12:15:03+00:00,LEAD_ACID,home_001,-8.02,12.254,15.74,7.72,18.52,25.1,,,,
2026-07-29T12:15:08+00:00,LEAD_ACID,home_001,-4.95,12.254,12.75,7.8,18.63,28.1,,,,
2026-07-29T12:15:13+00:00,LEAD_ACID,home_001,-3.78,12.253,11.85,8.07,18.42,25.8,,,,
2026-07-29T12:15:18+00:00,LEAD_ACID,home_001,-5.1,12.254,12.87,7.77,18.28,31.5,,,,
2026-07-29T12:15:23+00:00,LEAD_ACID,home_001,-6.24,12.253,13.97,7.73,18.52,34.5,,,,
2026-07-29T12:15:28+00:00,LEAD_ACID,home_001,-0.36,12.253,7.98,7.62,18.26,33.8,,,,
2026-07-29T12:15:33+00:00,LEAD_ACID,home_001,-7.72,12.254,15.53,7.81,18.35,31.0,,,,
2026-07-29T12:15:38+00:00,LEAD_ACID,home_001,-8.82,12.253,16.54,7.72,18.51,26.3,,,,
2026-07-29T12:15:43+00:00,LEAD_ACID,home_001,-2.93,12.253,10.82,7.89,18.67,31.4,,,,
2026-07-29T12:15:48+00:00,LEAD_ACID,home_001,-5.74,12.253,13.52,7.78,18.71,26.4,,,,
2026-07-29T12:15:53+00:00,LEAD_ACID,home_001,-5.28,12.253,13.3,8.02,18.51,32.5,,,,
2026-07-29T12:15:58+00:00,LEAD_ACID,home_001,0.27,12.253,7.31,7.58,18.52,30.1,,,,
2026-07-29T12:16:03+00:00,LEAD_ACID,home_001,0.24,12.253,7.74,7.98,18.37,32.4,,,,
2026-07-29T12:16:08+00:00,LEAD_ACID,home_001,-6.99,12.253,15.02,8.03,18.3,34.5,,,,
2026-07-29T12:16:13+00:00,LEAD_ACID,home_001,-6.79,12.253,14.48,7.69,18.27,34.8,,,,
2026-07-29T12:16:18+00:00,LEAD_ACID,home_001,-4.55,12.253,12.7,8.15,18.61,31.6,,,,
2026-07-29T12:16:23+00:00,LEAD_ACID,home_001,-2.47,12.253,9.98,7.51,18.53,32.9,,,,
2026-07-29T12:16:28+00:00,LEAD_ACID,home_001,0.6,12.253,7.06,7.66,18.71,30.7,,,,
2026-07-29T12:16:33+00:00,LEAD_ACID,home_001,-6.11,12.253,14.11,8.0,18.41,28.6,,,,
2026-07-29T12:16:38+00:00,LEAD_ACID,home_001,-0.82,12.253,8.5,7.68,18.4,34.5,,,,
2026-07-29T12:16:43+00:00,LEAD_ACID,home_001,-2.79,12.253,10.55,7.76,18.42,26.2,,,,
2026-07-29T12:16:48+00:00,LEAD_ACID,home_001,0.74,12.253,7.37,8.11,18.71,27.3,,,,
2026-07-29T12:16:53+00:00,LEAD_ACID,home_001,-5.79,12.254,13.41,7.62,18.29,34.6,,,,
2026-07-29T12:16:58+00:00,LEAD_ACID,home_001,-6.52,12.254,14.18,7.66,18.57,31.8,,,,
2026-07-29T12:17:03+00:00,LEAD_ACID,home_001,-4.73,12.254,12.31,7.58,18.45,29.5,,,,
2026-07-29T12:17:08+00:00,LEAD_ACID,home_001,-0.17,12.253,7.74,7.57,18.63,32.7,,,,
2026-07-29T12:17:13+00:00,LEAD_ACID,home_001,-0.33,12.254,8.38,8.05,18.38,28.1,,,,
2026-07-29T12:17:18+00:00,LEAD_ACID,home_001,-4.97,12.254,13.03,8.06,18.26,26.8,,,,
2026-07-29T12:17:23+00:00,LEAD_ACID,home_001,-3.33,12.254,11.26,7.93,18.68,33.5,,,,
2026-07-29T12:17:28+00:00,LEAD_ACID,home_001,0.49,12.254,7.42,7.91,18.36,26.2,,,,
2026-07-29T12:17:33+00:00,LEAD_ACID,home_001,-0.42,12.254,8.0,7.58,18.34,28.7,,,,
2026-07-29T12:17:38+00:00,LEAD_ACID,home_001,-7.64,12.254,15.31,7.67,18.36,26.2,,,,
2026-07-29T12:17:43+00:00,LEAD_ACID,home_001,-4.1,12.254,11.95,7.85,18.62,30.9,,,,
2026-07-29T12:17:48+00:00,LEAD_ACID,home_001,1.13,12.254,6.93,8.06,18.66,26.7,,,,
2026-07-29T12:17:53+00:00,LEAD_ACID,home_001,-0.31,12.254,7.86,7.55,18.58,29.4,,,,
2026-07-29T12:17:58+00:00,LEAD_ACID,home_001,-6.48,12.254,13.89,7.41,18.27,32.7,,,,
2026-07-29T12:18:03+00:00,LEAD_ACID,home_001,0.23,12.254,7.37,7.6,18.4,25.5,,,,
2026-07-29T12:18:08+00:00,LEAD_ACID,home_001,-6.61,12.254,14.04,7.43,18.59,28.0,,,,
2026-07-29T12:18:13+00:00,LEAD_ACID,home_001,-3.93,12.254,11.37,7.44,18.59,34.0,,,,
2026-07-29T12:18:18+00:00,LEAD_ACID,home_001,-1.03,12.254,9.0,7.97,18.32,25.2,,,,
2026-07-29T12:18:23+00:00,LEAD_ACID,home_001,-7.43,12.254,15.49,8.06,18.62,33.5,,,,
2026-07-29T12:18:28+00:00,LEAD_ACID,home_001,-6.22,12.254,13.79,7.57,18.72,34.6,,,,
2026-07-29T12:18:33+00:00,LEAD_ACID,home_001,-6.34,12.254,14.23,7.89,18.66,25.1,,,,
2026-07-29T12:18:38+00:00,LEAD_ACID,home_001,-1.54,12.254,9.11,7.57,18.4,32.9,,,,
2026-07-29T12:18:43+00:00,LEAD_ACID,home_001,-6.92,12.254,14.78,7.86,18.34,29.2,,,,
2026-07-29T12:18:48+00:00,LEAD_ACID,home_001,-0.45,12.254,7.96,7.51,18.38,26.5,,,,
2026-07-29T12:18:53+00:00,LEAD_ACID,home_001,-8.67,12.254,16.1,7.43,18.52,31.7,,,,
2026-07-29T12:18:58+00:00,LEAD_ACID,home_001,0.4,12.254,7.39,7.79,18.44,32.0,,,,
2026-07-29T12:19:03+00:00,LEAD_ACID,home_001,-1.82,12.254,9.27,7.45,18.66,32.0,,,,
2026-07-29T12:19:08+00:00,LEAD_ACID,home_001,-7.44,12.254,14.96,7.52,18.29,27.4,,,,
2026-07-29T12:19:13+00:00,LEAD_ACID,home_001,-1.72,12.254,9.27,7.55,18.26,25.5,,,,
2026-07-29T12:19:18+00:00,LEAD_ACID,home_001,-5.53,12.254,13.07,7.54,18.65,34.1,,,,
2026-07-29T12:19:23+00:00,LEAD_ACID,home_001,-3.78,12.254,11.67,7.89,18.55,26.1,,,,
2026-07-29T12:19:28+00:00,LEAD_ACID,home_001,-6.57,12.254,14.63,8.06,18.27,25.5,,,,
2026-07-29T12:19:33+00:00,LEAD_ACID,home_001,-3.28,12.254,10.68,7.4,18.54,25.5,,,,
2026-07-29T12:19:38+00:00,LEAD_ACID,home_001,-0.26,12.254,8.27,8.01,18.33,29.2,,,,
2026-07-29T12:19:43+00:00,LEAD_ACID,home_001,-4.4,12.254,12.15,7.75,18.39,31.2,,,,
2026-07-29T12:19:48+00:00,LEAD_ACID,home_001,-7.28,12.254,15.23,7.95,18.5,33.8,,,,
2026-07-29T12:19:53+00:00,LEAD_ACID,home_001,-2.85,12.254,10.4,7.55,18.62,25.4,,,,
2026-07-29T12:19:58+00:00,LEAD_ACID,home_001,-2.16,12.254,9.98,7.82,18.29,32.1,,,,
2026-07-29T12:20:03+00:00,LEAD_ACID,home_001,0.5,12.254,7.07,7.57,18.38,30.2,,,,
2026-07-29T12:20:08+00:00,LEAD_ACID,home_001,-7.88,12.254,15.54,7.66,18.39,32.0,,,,
2026-07-29T12:20:13+00:00,LEAD_ACID,home_001,-1.57,12.254,9.56,7.99,18.71,25.4,,,,
2026-07-29T12:20:19+00:00,LEAD_ACID,home_001,-8.46,12.254,16.56,8.1,18.37,34.6,,,,
2026-07-29T12:20:23+00:00,LEAD_ACID,home_001,-4.78,12.254,12.2,7.42,18.39,26.0,,,,
2026-07-29T12:20:28+00:00,LEAD_ACID,home_001,-3.19,12.254,11.37,8.18,18.35,28.8,,,,
2026-07-29T12:20:33+00:00,LEAD_ACID,home_001,-6.63,12.254,14.53,7.9,18.6,25.6,,,,
2026-07-29T12:20:38+00:00,LEAD_ACID,home_001,-0.1,12.254,7.89,7.79,18.71,28.0,,,,
2026-07-29T12:20:43+00:00,LEAD_ACID,home_001,-2.03,12.254,9.85,7.82,18.29,30.5,,,,
2026-07-29T12:20:48+00:00,LEAD_ACID,home_001,-7.58,12.254,15.44,7.86,18.59,27.3,,,,
2026-07-29T12:20:53+00:00,LEAD_ACID,home_001,-8.25,12.254,15.92,7.67,18.31,32.6,,,,
2026-07-29T12:20:58+00:00,LEAD_ACID,home_001,-6.22,12.254,13.73,7.51,18.26,31.1,,,,
2026-07-29T12:21:03+00:00,LEAD_ACID,home_001,-8.22,12.254,16.33,8.11,18.3,31.3,,,,
2026-07-29T12:21:08+00:00,LEAD_ACID,home_001,-1.68,12.254,9.19,7.51,18.41,29.3,,,,
2026-07-29T12:21:13+00:00,LEAD_ACID,home_001,-0.4,12.254,8.55,8.15,18.71,34.1,,,,
2026-07-29T12:21:18+00:00,LEAD_ACID,home_001,-8.25,12.254,15.82,7.57,18.7,25.0,,,,
2026-07-29T12:21:23+00:00,LEAD_ACID,home_001,-5.52,12.254,13.0,7.48,18.3,32.3,,,,
2026-07-29T12:21:28+00:00,LEAD_ACID,home_001,-1.96,12.254,10.06,8.1,18.59,34.7,,,,
2026-07-29T12:21:33+00:00,LEAD_ACID,home_001,-4.08,12.254,11.63,7.55,18.53,26.6,,,,
2026-07-29T12:21:39+00:00,LEAD_ACID,home_001,-4.32,12.254,12.35,8.03,18.51,28.9,,,,
2026-07-29T12:21:43+00:00,LEAD_ACID,home_001,-2.22,12.254,9.65,7.43,18.38,33.3,,,,
2026-07-29T12:21:49+00:00,LEAD_ACID,home_001,-5.09,12.254,13.18,8.09,18.4,29.2,,,,
2026-07-29T12:21:53+00:00,LEAD_ACID,home_001,-4.69,12.254,12.64,7.95,18.52,25.7,,,,
2026-07-29T12:21:59+00:00,LEAD_ACID,home_001,1.25,12.254,6.84,8.09,18.59,30.1,,,,
2026-07-29T12:22:04+00:00,LEAD_ACID,home_001,-3.2,12.254,11.17,7.97,18.27,33.6,,,,
2026-07-29T12:22:09+00:00,LEAD_ACID,home_001,-0.48,12.254,8.36,7.88,18.56,28.2,,,,
2026-07-29T12:22:14+00:00,LEAD_ACID,home_001,-3.1,12.254,11.18,8.08,18.49,29.4,,,,
2026-07-29T12:22:19+00:00,LEAD_ACID,home_001,-0.94,12.254,8.52,7.58,18.51,29.8,,,,
2026-07-29T12:22:24+00:00,LEAD_ACID,home_001,-8.0,12.254,15.42,7.42,18.3,27.5,,,,
2026-07-29T12:22:29+00:00,LEAD_ACID,home_001,0.22,12.254,7.18,7.4,18.39,29.0,,,,
2026-07-29T12:22:34+00:00,LEAD_ACID,home_001,-0.5,12.254,8.33,7.83,18.48,33.7,,,,
2026-07-29T12:22:39+00:00,LEAD_ACID,home_001,-5.09,12.254,13.09,8.0,18.67,29.6,,,,
2026-07-29T12:22:44+00:00,LEAD_ACID,home_001,-8.84,12.254,16.5,7.66,18.62,33.2,,,,
2026-07-29T12:22:49+00:00,LEAD_ACID,home_001,-4.97,12.254,12.58,7.61,18.5,34.0,,,,
2026-07-29T12:22:54+00:00,LEAD_ACID,home_001,-0.51,12.254,8.12,7.61,18.52,34.0,,,,
2026-07-29T12:22:59+00:00,LEAD_ACID,home_001,-1.44,12.254,9.41,7.97,18.72,31.5,,,,
2026-07-29T12:23:04+00:00,LEAD_ACID,home_001,-2.62,12.254,10.68,8.06,18.44,28.7,,,,
2026-07-29T12:23:09+00:00,LEAD_ACID,home_001,-5.71,12.254,13.68,7.97,18.37,29.9,,,,
2026-07-29T12:23:14+00:00,LEAD_ACID,home_001,-7.63,12.254,15.73,8.1,18.33,30.7,,,,
2026-07-29T12:23:19+00:00,LEAD_ACID,home_001,-6.44,12.254,13.9,7.46,18.36,33.9,,,,
2026-07-29T12:23:24+00:00,LEAD_ACID,home_001,-5.72,12.254,13.71,7.99,18.54,27.5,,,,
2026-07-29T12:23:29+00:00,LEAD_ACID,home_001,-3.56,12.254,11.14,7.58,18.41,25.8,,,,
2026-07-29T12:23:34+00:00,LEAD_ACID,home_001,-1.22,12.254,9.16,7.94,18.27,28.5,,,,
2026-07-29T12:23:39+00:00,LEAD_ACID,home_001,-4.55,12.254,12.07,7.52,18.74,30.9,,,,
2026-07-29T12:23:44+00:00,LEAD_ACID,home_001,-6.03,12.254,13.84,7.81,18.73,35.0,,,,
2026-07-29T12:23:49+00:00,LEAD_ACID,home_001,-8.54,12.254,16.5,7.96,18.4,31.0,,,,
2026-07-29T12:23:54+00:00,LEAD_ACID,home_001,-3.35,12.254,11.27,7.92,18.33,26.1,,,,
2026-07-29T12:23:59+00:00,LEAD_ACID,home_001,-7.57,12.254,15.5,7.93,18.29,28.3,,,,
2026-07-29T12:24:04+00:00,LEAD_ACID,home_001,-1.82,12.254,9.79,7.97,18.45,33.1,,,,
2026-07-29T12:24:09+00:00,LEAD_ACID,home_001,-8.38,12.254,15.85,7.47,18.52,25.5,,,,
2026-07-29T12:24:14+00:00,LEAD_ACID,home_001,-3.08,12.254,10.96,7.88,18.46,25.5,,,,
2026-07-29T12:24:19+00:00,LEAD_ACID,home_001,0.91,12.254,6.94,7.85,18.5,26.9,,,,
2026-07-29T12:24:24+00:00,LEAD_ACID,home_001,-3.36,12.254,11.06,7.7,18.35,35.0,,,,
2026-07-29T12:24:29+00:00,LEAD_ACID,home_001,-1.82,12.254,9.78,7.96,18.74,29.4,,,,
2026-07-29T12:24:34+00:00,LEAD_ACID,home_001,-0.3,12.254,7.9,7.6,18.64,29.9,,,,
2026-07-29T12:24:39+00:00,LEAD_ACID,home_001,-4.99,12.254,12.55,7.56,18.69,31.6,,,,
2026-07-29T12:24:44+00:00,LEAD_ACID,home_001,0.57,12.254,6.88,7.45,18.44,34.7,,,,
2026-07-29T12:24:49+00:00,LEAD_ACID,home_001,-5.18,12.254,13.15,7.97,18.44,32.3,,,,
2026-07-29T12:24:54+00:00,LEAD_ACID,home_001,-8.61,12.254,16.23,7.62,18.27,31.5,,,,
2026-07-29T12:24:59+00:00,LEAD_ACID,home_001,-7.46,12.254,14.89,7.43,18.57,32.3,,,,
2026-07-29T12:25:04+00:00,LEAD_ACID,home_001,-3.37,12.254,11.5,8.13,18.49,25.5,,,,
2026-07-29T12:25:09+00:00,LEAD_ACID,home_001,-2.17,12.254,9.6,7.43,18.28,28.0,,,,
2026-07-29T12:25:14+00:00,LEAD_ACID,home_001,-6.01,12.254,14.05,8.04,18.33,30.6,,,,
2026-07-29T12:25:19+00:00,LEAD_ACID,home_001,-1.91,12.254,9.87,7.96,18.71,28.3,,,,
2026-07-29T12:25:24+00:00,LEAD_ACID,home_001,-2.49,12.254,10.62,8.13,18.32,29.4,,,,
2026-07-29T12:25:29+00:00,LEAD_ACID,home_001,0.74,12.254,6.74,7.48,18.4,29.5,,,,
2026-07-29T12:25:34+00:00,LEAD_ACID,home_001,-1.98,12.254,10.18,8.2,18.75,32.1,,,,
2026-07-29T12:25:39+00:00,LEAD_ACID,home_001,-6.47,12.254,13.97,7.5,18.63,26.5,,,,
2026-07-29T12:25:44+00:00,LEAD_ACID,home_001,-8.13,12.254,15.8,7.67,18.65,32.0,,,,
2026-07-29T12:25:49+00:00,LEAD_ACID,home_001,-5.07,12.254,12.77,7.7,18.52,29.8,,,,
2026-07-29T12:25:54+00:00,LEAD_ACID,home_001,-7.68,12.254,15.32,7.64,18.5,33.9,,,,
2026-07-29T12:25:59+00:00,LEAD_ACID,home_001,-6.3,12.254,14.08,7.78,18.41,25.9,,,,
2026-07-29T12:26:05+00:00,LEAD_ACID,home_001,-1.98,12.254,9.95,7.97,18.68,26.4,,,,
2026-07-29T12:26:09+00:00,LEAD_ACID,home_001,-0.05,12.254,7.62,7.57,18.73,27.4,,,,
2026-07-29T12:26:14+00:00,LEAD_ACID,home_001,1.02,12.254,6.93,7.95,18.56,27.4,,,,
2026-07-29T12:26:19+00:00,LEAD_ACID,home_001,0.07,12.254,7.69,7.76,18.5,28.3,,,,
2026-07-29T12:26:24+00:00,LEAD_ACID,home_001,-6.52,12.254,13.94,7.42,18.5,29.5,,,,
2026-07-29T12:26:29+00:00,LEAD_ACID,home_001,-3.58,12.254,11.69,8.11,18.5,35.0,,,,
2026-07-29T12:26:34+00:00,LEAD_ACID,home_001,-2.6,12.254,10.44,7.84,18.74,30.2,,,,
2026-07-29T12:26:39+00:00,LEAD_ACID,home_001,-8.4,12.254,16.2,7.8,18.57,32.1,,,,
2026-07-29T12:26:44+00:00,LEAD_ACID,home_001,-4.54,12.254,12.31,7.77,18.67,29.3,,,,
2026-07-29T12:26:49+00:00,LEAD_ACID,home_001,-8.1,12.254,16.09,7.99,18.57,26.4,,,,
2026-07-29T12:26:54+00:00,LEAD_ACID,home_001,-3.1,12.254,10.56,7.46,18.31,32.7,,,,
2026-07-29T12:26:59+00:00,LEAD_ACID,home_001,-5.95,12.254,14.03,8.08,18.48,32.1,,,,
2026-07-29T12:27:04+00:00,LEAD_ACID,home_001,-6.96,12.254,15.09,8.13,18.58,33.5,,,,
2026-07-29T12:27:09+00:00,LEAD_ACID,home_001,-4.43,12.254,12.3,7.87,18.64,32.6,,,,
2026-07-29T12:27:14+00:00,LEAD_ACID,home_001,0.76,12.254,6.74,7.5,18.55,25.9,,,,
2026-07-29T12:27:19+00:00,LEAD_ACID,home_001,-0.6,12.254,8.02,7.42,18.59,31.4,,,,
2026-07-29T12:27:24+00:00,LEAD_ACID,home_001,-4.42,12.254,12.39,7.97,18.53,34.5,,,,
2026-07-29T12:27:29+00:00,LEAD_ACID,home_001,0.53,12.254,7.46,7.99,18.26,34.5,,,,
2026-07-29T12:27:34+00:00,LEAD_ACID,home_001,-6.95,12.254,14.75,7.8,18.49,33.1,,,,
2026-07-29T12:27:39+00:00,LEAD_ACID,home_001,-5.23,12.254,12.82,7.59,18.64,34.0,,,,
2026-07-29T12:27:44+00:00,LEAD_ACID,home_001,-7.78,12.254,15.37,7.59,18.46,25.2,,,,
2026-07-29T12:27:49+00:00,LEAD_ACID,home_001,-7.87,12.254,15.58,7.71,18.7,32.6,,,,
2026-07-29T12:27:54+00:00,LEAD_ACID,home_001,-6.61,12.254,14.29,7.68,18.7,26.6,,,,
2026-07-29T12:27:59+00:00,LEAD_ACID,home_001,-1.32,12.254,9.12,7.8,18.31,29.9,,,,
2026-07-29T12:28:04+00:00,LEAD_ACID,home_001,-5.94,12.254,14.0,8.06,18.37,31.5,,,,
2026-07-29T12:28:09+00:00,LEAD_ACID,home_001,-3.82,12.254,11.64,7.82,18.5,29.3,,,,
2026-07-29T12:28:14+00:00,LEAD_ACID,home_001,-7.09,12.254,14.64,7.55,18.66,26.1,,,,
2026-07-29T12:28:19+00:00,LEAD_ACID,home_001,-3.55,12.254,11.42,7.87,18.59,27.5,,,,
2026-07-29T12:28:24+00:00,LEAD_ACID,home_001,-3.65,12.254,11.75,8.1,18.59,31.5,,,,
2026-07-29T12:28:29+00:00,LEAD_ACID,home_001,0.11,12.254,8.06,8.17,18.53,31.4,,,,
2026-07-29T12:28:34+00:00,LEAD_ACID,home_001,-2.49,12.254,10.23,7.74,18.46,27.4,,,,
2026-07-29T12:28:39+00:00,LEAD_ACID,home_001,-0.57,12.254,8.07,7.5,18.36,27.9,,,,
2026-07-29T12:28:44+00:00,LEAD_ACID,home_001,-1.49,12.254,9.34,7.85,18.69,30.6,,,,
2026-07-29T12:28:49+00:00,LEAD_ACID,home_001,-5.41,12.254,13.34,7.93,18.65,26.0,,,,
2026-07-29T12:28:54+00:00,LEAD_ACID,home_001,-0.97,12.254,8.98,8.01,18.36,31.6,,,,
2026-07-29T12:28:59+00:00,LEAD_ACID,home_001,-1.44,12.254,9.57,8.13,18.54,32.5,,,,
2026-07-29T12:29:04+00:00,LEAD_ACID,home_001,-0.75,12.254,8.24,7.49,18.35,34.4,,,,
2026-07-29T12:29:09+00:00,LEAD_ACID,home_001,-3.84,12.254,11.61,7.77,18.56,33.3,,,,
2026-07-29T12:29:20+00:00,LEAD_ACID,home_001,-0.98,12.254,8.51,7.53,18.27,32.2,,,,
2026-07-29T12:29:24+00:00,LEAD_ACID,home_001,-5.52,12.254,13.19,7.67,18.59,29.5,,,,
2026-07-29T12:29:29+00:00,LEAD_ACID,home_001,-0.01,12.254,8.16,8.15,18.47,25.5,,,,
2026-07-29T12:29:34+00:00,LEAD_ACID,home_001,-2.37,12.254,10.01,7.64,18.66,28.8,,,,
2026-07-29T12:29:39+00:00,LEAD_ACID,home_001,-0.52,12.254,8.32,7.8,18.48,25.1,,,,
2026-07-29T12:29:44+00:00,LEAD_ACID,home_001,-3.0,12.254,11.05,8.05,18.42,30.7,,,,
2026-07-29T12:29:49+00:00,LEAD_ACID,home_001,-3.01,12.254,11.05,8.04,18.27,25.3,,,,
2026-07-29T12:29:55+00:00,LEAD_ACID,home_001,-4.0,12.254,12.09,8.09,18.4,33.3,,,,
2026-07-29T12:29:59+00:00,LEAD_ACID,home_001,-7.88,12.254,15.6,7.72,18.26,33.6,,,,
2026-07-29T12:30:04+00:00,LEAD_ACID,home_001,-7.93,12.254,15.55,7.62,18.4,26.9,,,,
2026-07-29T12:30:09+00:00,LEAD_ACID,home_001,0.48,12.254,7.4,7.88,18.43,34.5,,,,
2026-07-29T12:30:14+00:00,LEAD_ACID,home_001,-7.71,12.254,15.41,7.7,18.46,27.7,,,,
2026-07-29T12:30:19+00:00,LEAD_ACID,home_001,0.53,12.254,7.67,8.2,18.48,29.2,,,,
2026-07-29T12:30:25+00:00,LEAD_ACID,home_001,-6.92,12.254,14.94,8.02,18.56,32.4,,,,
2026-07-29T12:30:30+00:00,LEAD_ACID,home_001,-1.66,12.254,9.71,8.05,18.33,28.9,,,,
2026-07-29T12:30:35+00:00,LEAD_ACID,home_001,-2.11,12.254,9.83,7.72,18.28,27.7,,,,
2026-07-29T12:30:40+00:00,LEAD_ACID,home_001,-0.33,12.254,7.74,7.41,18.37,27.8,,,,
2026-07-29T12:30:45+00:00,LEAD_ACID,home_001,-3.16,12.254,11.13,7.97,18.45,30.7,,,,
2026-07-29T12:30:50+00:00,LEAD_ACID,home_001,-7.64,12.254,15.16,7.52,18.48,29.2,,,,
2026-07-29T12:30:55+00:00,LEAD_ACID,home_001,-0.63,12.254,8.71,8.08,18.26,31.6,,,,
2026-07-29T12:31:00+00:00,LEAD_ACID,home_001,-4.39,12.254,11.9,7.51,18.38,25.0,,,,
2026-07-29T12:31:05+00:00,LEAD_ACID,home_001,0.58,12.254,7.1,7.68,18.46,27.0,,,,
2026-07-29T12:31:10+00:00,LEAD_ACID,home_001,-6.98,12.254,14.57,7.59,18.45,30.3,,,,
2026-07-29T12:31:15+00:00,LEAD_ACID,home_001,-2.81,12.254,10.95,8.14,18.74,34.5,,,,
2026-07-29T12:31:20+00:00,LEAD_ACID,home_001,-5.16,12.254,13.01,7.85,18.36,27.8,,,,
2026-07-29T12:31:25+00:00,LEAD_ACID,home_001,-3.43,12.254,11.29,7.86,18.72,33.9,,,,
2026-07-29T12:31:30+00:00,LEAD_ACID,home_001,-4.25,12.254,12.36,8.11,18.62,29.7,,,,
2026-07-29T12:31:35+00:00,LEAD_ACID,home_001,-2.95,12.254,10.62,7.67,18.64,25.9,,,,
2026-07-29T12:31:40+00:00,LEAD_ACID,home_001,-1.99,12.254,9.97,7.98,18.71,25.7,,,,
2026-07-29T12:31:45+00:00,LEAD_ACID,home_001,-6.74,12.254,14.54,7.8,18.28,26.0,,,,
2026-07-29T12:31:50+00:00,LEAD_ACID,home_001,-7.19,12.254,15.18,7.99,18.69,26.6,,,,
2026-07-29T12:31:55+00:00,LEAD_ACID,home_001,-8.43,12.254,15.87,7.44,18.42,30.3,,,,
2026-07-29T12:32:00+00:00,LEAD_ACID,home_001,-2.68,12.254,10.84,8.16,18.29,25.2,,,,
2026-07-29T12:32:05+00:00,LEAD_ACID,home_001,-0.39,12.254,7.92,7.53,18.47,32.6,,,,
2026-07-29T12:32:10+00:00,LEAD_ACID,home_001,-4.77,12.254,12.41,7.64,18.39,27.5,,,,
2026-07-29T12:32:15+00:00,LEAD_ACID,home_001,-1.22,12.254,8.77,7.55,18.61,26.1,,,,
2026-07-29T12:32:20+00:00,LEAD_ACID,home_001,-0.36,12.254,7.88,7.52,18.52,26.3,,,,
2026-07-29T12:32:25+00:00,LEAD_ACID,home_001,-2.05,12.254,10.06,8.01,18.73,27.2,,,,
2026-07-29T12:32:30+00:00,LEAD_ACID,home_001,-1.4,12.254,9.44,8.04,18.7,26.8,,,,
2026-07-29T12:32:35+00:00,LEAD_ACID,home_001,-0.21,12.254,7.87,7.66,18.52,33.3,,,,
2026-07-29T12:32:40+00:00,LEAD_ACID,home_001,0.43,12.254,7.51,7.94,18.65,32.9,,,,
2026-07-29T12:32:45+00:00,LEAD_ACID,home_001,0.5,12.254,7.36,7.86,18.75,26.3,,,,
2026-07-29T12:32:50+00:00,LEAD_ACID,home_001,-8.26,12.254,16.29,8.03,18.75,26.0,,,,
2026-07-29T12:32:55+00:00,LEAD_ACID,home_001,-3.48,12.254,11.12,7.64,18.4,34.7,,,,
2026-07-29T12:33:00+00:00,LEAD_ACID,home_001,-1.26,12.254,9.21,7.95,18.65,27.6,,,,
2026-07-29T12:33:05+00:00,LEAD_ACID,home_001,-7.29,12.254,15.47,8.18,18.47,26.8,,,,
2026-07-29T12:33:10+00:00,LEAD_ACID,home_001,-7.45,12.254,15.27,7.82,18.36,32.8,,,,
2026-07-29T12:33:15+00:00,LEAD_ACID,home_001,-1.75,12.254,9.37,7.62,18.4,25.8,,,,
2026-07-29T12:33:20+00:00,LEAD_ACID,home_001,0.4,12.254,7.61,8.01,18.37,32.8,,,,
2026-07-29T12:33:25+00:00,LEAD_ACID,home_001,-1.54,12.254,9.05,7.51,18.66,28.7,,,,
2026-07-29T12:33:30+00:00,LEAD_ACID,home_001,-1.77,12.254,9.3,7.53,18.43,29.5,,,,
2026-07-29T12:33:35+00:00,LEAD_ACID,home_001,-1.64,12.254,9.05,7.41,18.43,27.0,,,,
2026-07-29T12:33:40+00:00,LEAD_ACID,home_001,-5.92,12.254,13.52,7.6,18.59,29.5,,,,
2026-07-29T12:33:45+00:00,LEAD_ACID,home_001,0.46,12.254,7.24,7.7,18.27,31.5,,,,
2026-07-29T12:33:50+00:00,LEAD_ACID,home_001,-3.75,12.254,11.9,8.15,18.67,34.9,,,,
2026-07-29T12:33:55+00:00,LEAD_ACID,home_001,-7.1,12.254,15.23,8.13,18.4,27.3,,,,
2026-07-29T12:34:00+00:00,LEAD_ACID,home_001,-4.98,12.254,12.54,7.56,18.72,33.6,,,,
2026-07-29T12:34:05+00:00,LEAD_ACID,home_001,-8.56,12.254,16.56,8.0,18.6,30.4,,,,
2026-07-29T12:34:10+00:00,LEAD_ACID,home_001,-3.26,12.254,11.42,8.16,18.42,32.4,,,,
2026-07-29T12:34:15+00:00,LEAD_ACID,home_001,-4.39,12.254,12.02,7.63,18.26,33.2,,,,
2026-07-29T12:34:20+00:00,LEAD_ACID,home_001,-6.3,12.254,13.87,7.57,18.55,33.4,,,,
2026-07-29T12:34:25+00:00,LEAD_ACID,home_001,-6.08,12.254,13.51,7.43,18.47,31.8,,,,
2026-07-29T12:34:30+00:00,LEAD_ACID,home_001,-0.03,12.254,7.95,7.92,18.66,29.6,,,,
2026-07-29T12:34:35+00:00,LEAD_ACID,home_001,-1.35,12.254,9.19,7.84,18.66,26.3,,,,
2026-07-29T12:34:40+00:00,LEAD_ACID,home_001,0.27,12.254,7.79,8.06,18.33,28.7,,,,
2026-07-29T12:34:45+00:00,LEAD_ACID,home_001,-1.58,12.254,9.24,7.66,18.72,29.0,,,,
2026-07-29T12:34:50+00:00,LEAD_ACID,home_001,-5.03,12.254,13.06,8.03,18.29,30.1,,,,
2026-07-29T12:34:55+00:00,LEAD_ACID,home_001,-4.47,12.254,11.95,7.48,18.46,31.0,,,,
2026-07-29T12:35:00+00:00,LEAD_ACID,home_001,-4.3,12.254,12.42,8.12,18.54,32.3,,,,
2026-07-29T12:35:05+00:00,LEAD_ACID,home_001,-4.55,12.254,12.17,7.62,18.38,31.1,,,,
2026-07-29T12:35:10+00:00,LEAD_ACID,home_001,-8.73,12.254,16.62,7.89,18.65,34.3,,,,
2026-07-29T12:35:15+00:00,LEAD_ACID,home_001,-8.44,12.254,16.0,7.56,18.71,33.9,,,,
2026-07-29T12:35:20+00:00,LEAD_ACID,home_001,-3.95,12.254,11.51,7.56,18.6,32.0,,,,
2026-07-29T12:35:25+00:00,LEAD_ACID,home_001,-6.88,12.254,14.69,7.81,18.42,26.4,,,,
2026-07-29T12:35:30+00:00,LEAD_ACID,home_001,-7.82,12.254,15.83,8.01,18.45,32.4,,,,
2026-07-29T12:35:35+00:00,LEAD_ACID,home_001,-1.36,12.254,8.81,7.45,18.72,30.3,,,,
2026-07-29T12:35:40+00:00,LEAD_ACID,home_001,1.32,12.254,6.85,8.17,18.29,31.9,,,,
2026-07-29T12:35:45+00:00,LEAD_ACID,home_001,-0.35,12.254,8.54,8.19,18.48,34.5,,,,
2026-07-29T12:35:50+00:00,LEAD_ACID,home_001,-4.8,12.254,12.6,7.8,18.65,34.7,,,,
2026-07-29T12:35:55+00:00,LEAD_ACID,home_001,-7.46,12.254,15.45,7.99,18.73,25.6,,,,
2026-07-29T12:36:00+00:00,LEAD_ACID,home_001,-1.52,12.254,9.3,7.78,18.39,25.4,,,,
2026-07-29T12:36:05+00:00,LEAD_ACID,home_001,-6.91,12.254,14.98,8.07,18.59,31.5,,,,
2026-07-29T12:36:10+00:00,LEAD_ACID,home_001,-5.94,12.254,14.0,8.06,18.26,26.2,,,,
2026-07-29T12:36:15+00:00,LEAD_ACID,home_001,-0.27,12.254,8.23,7.96,18.35,32.2,,,,
2026-07-29T12:36:20+00:00,LEAD_ACID,home_001,0.7,12.254,6.84,7.54,18.57,30.6,,,,
2026-07-29T12:36:25+00:00,LEAD_ACID,home_001,-2.12,12.254,10.08,7.96,18.27,29.0,,,,
2026-07-29T12:36:30+00:00,LEAD_ACID,home_001,-7.38,12.254,14.99,7.61,18.74,26.6,,,,
2026-07-29T12:36:35+00:00,LEAD_ACID,home_001,-1.15,12.254,9.02,7.87,18.66,26.3,,,,
2026-07-29T12:36:40+00:00,LEAD_ACID,home_001,-2.72,12.254,10.54,7.82,18.3,31.8,,,,
2026-07-29T12:36:45+00:00,LEAD_ACID,home_001,-7.91,12.254,16.03,8.12,18.42,27.9,,,,
2026-07-29T12:36:50+00:00,LEAD_ACID,home_001,-2.07,12.254,9.71,7.64,18.37,30.0,,,,
2026-07-29T12:36:55+00:00,LEAD_ACID,home_001,-4.11,12.254,11.76,7.65,18.69,33.9,,,,
2026-07-29T12:37:00+00:00,LEAD_ACID,home_001,-4.16,12.254,12.1,7.94,18.39,28.9,,,,
2026-07-29T12:37:05+00:00,LEAD_ACID,home_001,-6.73,12.254,14.52,7.79,18.58,25.9,,,,
2026-07-29T12:37:10+00:00,LEAD_ACID,home_001,-4.21,12.254,11.92,7.71,18.68,31.2,,,,
2026-07-29T12:37:15+00:00,LEAD_ACID,home_001,-3.34,12.254,10.8,7.46,18.6,25.1,,,,
2026-07-29T12:37:20+00:00,LEAD_ACID,home_001,-4.22,12.254,12.14,7.92,18.67,34.9,,,,
2026-07-29T12:37:25+00:00,LEAD_ACID,home_001,-2.94,12.254,10.49,7.55,18.57,33.6,,,,
2026-07-29T12:37:30+00:00,LEAD_ACID,home_001,-4.73,12.254,12.25,7.52,18.68,27.1,,,,
2026-07-29T12:37:35+00:00,LEAD_ACID,home_001,-5.45,12.254,13.44,7.99,18.69,33.7,,,,
2026-07-29T12:37:40+00:00,LEAD_ACID,home_001,0.77,12.254,7.35,8.12,18.38,31.8,,,,
2026-07-29T12:37:45+00:00,LEAD_ACID,home_001,-4.56,12.254,12.53,7.97,18.61,32.6,,,,
2026-07-29T12:37:50+00:00,LEAD_ACID,home_001,-7.1,12.254,15.12,8.02,18.53,33.0,,,,
2026-07-29T12:37:55+00:00,LEAD_ACID,home_001,0.39,12.254,7.22,7.61,18.47,27.0,,,,
2026-07-29T12:38:00+00:00,LEAD_ACID,home_001,-4.88,12.254,12.5,7.62,18.29,30.7,,,,
2026-07-29T12:38:05+00:00,LEAD_ACID,home_001,-1.51,12.254,9.64,8.13,18.66,34.6,,,,
2026-07-29T12:38:10+00:00,LEAD_ACID,home_001,-7.09,12.254,15.09,8.0,18.54,31.1,,,,
2026-07-29T12:38:15+00:00,LEAD_ACID,home_001,-6.31,12.254,14.46,8.15,18.64,25.1,,,,
2026-07-29T12:38:20+00:00,LEAD_ACID,home_001,0.08,12.254,7.58,7.66,18.59,32.0,,,,
2026-07-29T12:38:25+00:00,LEAD_ACID,home_001,-7.0,12.254,14.9,7.9,18.48,28.0,,,,
2026-07-29T12:38:30+00:00,LEAD_ACID,home_001,-4.09,12.254,12.01,7.92,18.38,27.7,,,,
2026-07-29T12:38:35+00:00,LEAD_ACID,home_001,-5.08,12.254,13.03,7.95,18.28,27.4,,,,
2026-07-29T12:38:40+00:00,LEAD_ACID,home_001,0.63,12.254,7.41,8.04,18.73,34.7,,,,
2026-07-29T12:38:45+00:00,LEAD_ACID,home_001,-7.69,12.254,15.34,7.65,18.56,28.2,,,,
2026-07-29T12:38:50+00:00,LEAD_ACID,home_001,-6.26,12.254,14.34,8.08,18.39,31.8,,,,
2026-07-29T12:38:58+00:00,LEAD_ACID,home_001,0.0,12.254,8.14,8.14,18.3,31.7,,,,
2026-07-29T12:39:00+00:00,LEAD_ACID,home_001,-4.35,12.254,11.81,7.46,18.55,31.4,,,,
2026-07-29T12:39:05+00:00,LEAD_ACID,home_001,-4.8,12.254,12.47,7.67,18.36,33.1,,,,
2026-07-29T12:39:10+00:00,LEAD_ACID,home_001,0.58,12.254,6.85,7.43,18.3,28.8,,,,
2026-07-29T12:39:15+00:00,LEAD_ACID,home_001,0.95,12.254,7.08,8.03,18.31,33.9,,,,
2026-07-29T12:39:21+00:00,LEAD_ACID,home_001,-5.66,12.255,13.75,8.09,18.55,34.2,,,,
2026-07-29T12:39:25+00:00,LEAD_ACID,home_001,-5.46,12.255,12.94,7.48,18.59,34.1,,,,
2026-07-29T12:39:30+00:00,LEAD_ACID,home_001,-8.03,12.254,15.43,7.4,18.26,26.1,,,,
2026-07-29T12:39:35+00:00,LEAD_ACID,home_001,-8.25,12.254,16.25,8.0,18.68,25.3,,,,
2026-07-29T12:39:40+00:00,LEAD_ACID,home_001,-2.17,12.254,10.16,7.99,18.26,25.0,,,,
2026-07-29T12:39:45+00:00,LEAD_ACID,home_001,-1.88,12.254,9.35,7.47,18.3,33.9,,,,
2026-07-29T12:39:50+00:00,LEAD_ACID,home_001,-6.74,12.254,14.67,7.93,18.73,27.5,,,,
2026-07-29T12:39:55+00:00,LEAD_ACID,home_001,-0.03,12.254,8.07,8.04,18.42,32.9,,,,
2026-07-29T12:40:01+00:00,LEAD_ACID,home_001,-8.35,12.254,15.86,7.51,18.37,32.2,,,,
2026-07-29T12:40:05+00:00,LEAD_ACID,home_001,-6.53,12.254,14.14,7.61,18.64,32.6,,,,
2026-07-29T12:40:10+00:00,LEAD_ACID,home_001,-1.71,12.254,9.4,7.69,18.39,31.9,,,,
2026-07-29T12:40:15+00:00,LEAD_ACID,home_001,0.93,12.254,6.91,7.84,18.39,29.6,,,,
2026-07-29T12:40:20+00:00,LEAD_ACID,home_001,-5.86,12.254,13.93,8.07,18.64,30.9,,,,
2026-07-29T12:40:25+00:00,LEAD_ACID,home_001,-8.91,12.254,16.57,7.66,18.56,25.5,,,,
2026-07-29T12:40:30+00:00,LEAD_ACID,home_001,-8.97,12.254,16.61,7.64,18.52,32.1,,,,
2026-07-29T12:40:35+00:00,LEAD_ACID,home_001,-4.19,12.254,12.24,8.05,18.42,32.3,,,,
2026-07-29T12:40:40+00:00,LEAD_ACID,home_001,-6.32,12.254,14.47,8.15,18.37,33.0,,,,
2026-07-29T12:40:45+00:00,LEAD_ACID,home_001,-2.37,12.254,10.43,8.06,18.36,33.1,,,,
2026-07-29T12:40:50+00:00,LEAD_ACID,home_001,0.82,12.254,6.97,7.79,18.74,25.9,,,,
2026-07-29T12:40:55+00:00,LEAD_ACID,home_001,-4.26,12.254,12.14,7.88,18.7,31.7,,,,
2026-07-29T12:41:01+00:00,LEAD_ACID,home_001,-0.49,12.254,8.44,7.95,18.49,27.1,,,,
2026-07-29T12:41:05+00:00,LEAD_ACID,home_001,-2.67,12.254,10.86,8.19,18.47,31.3,,,,
2026-07-29T12:41:10+00:00,LEAD_ACID,home_001,-3.18,12.254,11.13,7.95,18.44,34.8,,,,
2026-07-29T12:41:15+00:00,LEAD_ACID,home_001,1.12,12.254,6.73,7.85,18.29,26.3,,,,
2026-07-29T12:41:21+00:00,LEAD_ACID,home_001,-0.83,12.254,8.88,8.05,18.58,26.5,,,,
2026-07-29T12:41:26+00:00,LEAD_ACID,home_001,-3.7,12.255,11.82,8.12,18.38,33.3,,,,
2026-07-29T12:41:30+00:00,LEAD_ACID,home_001,-3.54,12.255,11.31,7.77,18.75,28.4,,,,
2026-07-29T12:41:36+00:00,LEAD_ACID,home_001,-6.07,12.255,14.11,8.04,18.47,31.9,,,,
2026-07-29T12:41:41+00:00,LEAD_ACID,home_001,-3.25,12.255,10.81,7.56,18.39,26.7,,,,
2026-07-29T12:41:46+00:00,LEAD_ACID,home_001,-5.64,12.255,13.81,8.17,18.52,26.4,,,,
2026-07-29T12:41:51+00:00,LEAD_ACID,home_001,-2.41,12.255,9.95,7.54,18.56,31.1,,,,
2026-07-29T12:41:56+00:00,LEAD_ACID,home_001,-6.99,12.255,14.44,7.45,18.67,34.2,,,,
2026-07-29T12:42:01+00:00,LEAD_ACID,home_001,-1.49,12.254,8.93,7.44,18.61,26.0,,,,
2026-07-29T12:42:06+00:00,LEAD_ACID,home_001,0.63,12.255,7.37,8.0,18.72,26.7,,,,
2026-07-29T12:42:11+00:00,LEAD_ACID,home_001,-7.15,12.255,15.06,7.91,18.33,26.1,,,,
2026-07-29T12:42:16+00:00,LEAD_ACID,home_001,0.36,12.255,7.36,7.72,18.41,28.0,,,,
2026-07-29T12:42:21+00:00,LEAD_ACID,home_001,-1.62,12.255,9.03,7.41,18.46,25.7,,,,
2026-07-29T12:42:26+00:00,LEAD_ACID,home_001,-8.63,12.255,16.03,7.4,18.73,27.0,,,,
2026-07-29T12:42:31+00:00,LEAD_ACID,home_001,-1.94,12.255,9.67,7.73,18.33,33.4,,,,
2026-07-29T12:42:36+00:00,LEAD_ACID,home_001,0.11,12.255,7.48,7.59,18.4,27.5,,,,
2026-07-29T12:42:41+00:00,LEAD_ACID,home_001,-7.54,12.255,15.17,7.63,18.71,26.3,,,,
2026-07-29T12:42:46+00:00,LEAD_ACID,home_001,-4.49,12.255,12.15,7.66,18.48,33.0,,,,
2026-07-29T12:42:51+00:00,LEAD_ACID,home_001,-3.2,12.255,11.16,7.96,18.34,25.4,,,,
2026-07-29T12:42:56+00:00,LEAD_ACID,home_001,-2.82,12.255,10.44,7.62,18.34,29.2,,,,
2026-07-29T12:43:01+00:00,LEAD_ACID,home_001,-5.59,12.255,13.21,7.62,18.5,25.5,,,,
2026-07-29T12:43:06+00:00,LEAD_ACID,home_001,-3.19,12.255,11.17,7.98,18.62,27.9,,,,
2026-07-29T12:43:11+00:00,LEAD_ACID,home_001,-3.52,12.255,11.59,8.07,18.67,28.3,,,,
2026-07-29T12:43:16+00:00,LEAD_ACID,home_001,-7.45,12.255,15.37,7.92,18.73,31.1,,,,
2026-07-29T12:43:21+00:00,LEAD_ACID,home_001,-3.69,12.255,11.35,7.66,18.61,31.6,,,,
2026-07-29T12:43:26+00:00,LEAD_ACID,home_001,-3.02,12.255,10.87,7.85,18.29,30.2,,,,
2026-07-29T12:43:31+00:00,LEAD_ACID,home_001,1.09,12.255,6.99,8.08,18.5,32.6,,,,
2026-07-29T12:43:36+00:00,LEAD_ACID,home_001,0.73,12.255,7.13,7.86,18.29,31.9,,,,
2026-07-29T12:43:41+00:00,LEAD_ACID,home_001,-2.67,12.255,10.32,7.65,18.28,33.1,,,,
2026-07-29T12:43:46+00:00,LEAD_ACID,home_001,-6.23,12.255,14.07,7.84,18.32,34.1,,,,
2026-07-29T12:43:51+00:00,LEAD_ACID,home_001,-7.9,12.255,15.45,7.55,18.59,27.4,,,,
2026-07-29T12:43:56+00:00,LEAD_ACID,home_001,-3.62,12.255,11.52,7.9,18.72,26.6,,,,
2026-07-29T12:44:01+00:00,LEAD_ACID,home_001,-4.42,12.255,12.31,7.89,18.41,34.3,,,,
2026-07-29T12:44:06+00:00,LEAD_ACID,home_001,-7.95,12.255,15.7,7.75,18.43,25.6,,,,
2026-07-29T12:44:11+00:00,LEAD_ACID,home_001,-6.41,12.255,14.61,8.2,18.25,29.9,,,,
2026-07-29T12:44:16+00:00,LEAD_ACID,home_001,-1.47,12.255,9.23,7.76,18.54,33.4,,,,
2026-07-29T12:44:21+00:00,LEAD_ACID,home_001,-3.18,12.255,11.08,7.9,18.26,31.8,,,,
2026-07-29T12:44:26+00:00,LEAD_ACID,home_001,-6.95,12.255,14.99,8.04,18.38,30.8,,,,
2026-07-29T12:44:31+00:00,LEAD_ACID,home_001,-3.44,12.255,11.17,7.73,18.66,34.8,,,,
2026-07-29T12:44:36+00:00,LEAD_ACID,home_001,-7.24,12.255,14.91,7.67,18.68,26.7,,,,
2026-07-29T12:44:41+00:00,LEAD_ACID,home_001,-6.67,12.255,14.56,7.89,18.69,31.3,,,,
2026-07-29T12:44:46+00:00,LEAD_ACID,home_001,-0.75,12.254,8.75,8.0,18.3,29.9,,,,
2026-07-29T12:44:51+00:00,LEAD_ACID,home_001,-4.08,12.255,12.17,8.09,18.34,31.7,,,,
2026-07-29T12:44:56+00:00,LEAD_ACID,home_001,0.16,12.255,7.82,7.98,18.42,33.6,,,,
2026-07-29T12:45:01+00:00,LEAD_ACID,home_001,-7.63,12.255,15.82,8.19,18.29,28.1,,,,
2026-07-29T12:45:06+00:00,LEAD_ACID,home_001,-3.8,12.255,11.34,7.54,18.7,27.4,,,,
2026-07-29T12:45:11+00:00,LEAD_ACID,home_001,-1.39,12.255,9.02,7.63,18.34,31.8,,,,
2026-07-29T12:45:16+00:00,LEAD_ACID,home_001,-1.18,12.255,8.91,7.73,18.74,28.3,,,,
2026-07-29T12:45:21+00:00,LEAD_ACID,home_001,-7.62,12.255,15.29,7.67,18.54,31.4,,,,
2026-07-29T12:45:26+00:00,LEAD_ACID,home_001,-1.32,12.255,8.73,7.41,18.48,32.2,,,,
2026-07-29T12:45:31+00:00,LEAD_ACID,home_001,-3.44,12.255,11.26,7.82,18.58,27.9,,,,
2026-07-29T12:45:36+00:00,LEAD_ACID,home_001,-0.3,12.255,8.33,8.03,18.32,26.4,,,,
2026-07-29T12:45:41+00:00,LEAD_ACID,home_001,-2.16,12.255,10.3,8.14,18.5,27.7,,,,
2026-07-29T12:45:46+00:00,LEAD_ACID,home_001,-7.11,12.255,15.15,8.04,18.31,30.7,,,,
2026-07-29T12:45:51+00:00,LEAD_ACID,home_001,-8.31,12.255,16.09,7.78,18.65,34.1,,,,
2026-07-29T12:45:56+00:00,LEAD_ACID,home_001,1.1,12.255,7.07,8.17,18.58,31.5,,,,
2026-07-29T12:46:01+00:00,LEAD_ACID,home_001,-7.34,12.255,14.74,7.4,18.37,26.5,,,,
2026-07-29T12:46:06+00:00,LEAD_ACID,home_001,-4.49,12.255,12.08,7.59,18.26,28.8,,,,
2026-07-29T12:46:11+00:00,LEAD_ACID,home_001,0.41,12.255,7.45,7.86,18.42,31.9,,,,
2026-07-29T12:46:16+00:00,LEAD_ACID,home_001,-1.71,12.255,9.42,7.71,18.31,27.2,,,,
2026-07-29T12:46:21+00:00,LEAD_ACID,home_001,-5.71,12.255,13.35,7.64,18.29,33.8,,,,
2026-07-29T12:46:26+00:00,LEAD_ACID,home_001,-5.82,12.255,13.82,8.0,18.29,25.5,,,,
2026-07-29T12:46:31+00:00,LEAD_ACID,home_001,0.0,12.255,8.11,8.11,18.48,25.8,,,,
2026-07-29T12:46:36+00:00,LEAD_ACID,home_001,-5.89,12.255,13.7,7.81,18.51,29.1,,,,
2026-07-29T12:46:41+00:00,LEAD_ACID,home_001,-3.08,12.255,10.98,7.9,18.34,33.2,,,,
2026-07-29T12:46:46+00:00,LEAD_ACID,home_001,-7.29,12.255,15.42,8.13,18.64,33.9,,,,
2026-07-29T12:46:51+00:00,LEAD_ACID,home_001,0.72,12.255,6.94,7.66,18.52,26.3,,,,
2026-07-29T12:46:56+00:00,LEAD_ACID,home_001,-5.23,12.255,13.24,8.01,18.69,30.2,,,,
2026-07-29T12:47:01+00:00,LEAD_ACID,home_001,0.41,12.255,7.43,7.84,18.41,28.2,,,,
2026-07-29T12:47:06+00:00,LEAD_ACID,home_001,-0.63,12.255,8.64,8.01,18.56,29.7,,,,
2026-07-29T12:47:11+00:00,LEAD_ACID,home_001,-3.24,12.255,11.17,7.93,18.69,30.3,,,,
2026-07-29T12:47:16+00:00,LEAD_ACID,home_001,-3.9,12.255,11.36,7.46,18.62,31.5,,,,
2026-07-29T12:47:21+00:00,LEAD_ACID,home_001,-4.51,12.255,12.59,8.08,18.57,26.7,,,,
2026-07-29T12:47:26+00:00,LEAD_ACID,home_001,-0.07,12.255,7.63,7.56,18.4,28.0,,,,
2026-07-29T12:47:31+00:00,LEAD_ACID,home_001,-8.25,12.255,15.96,7.71,18.7,26.5,,,,
2026-07-29T12:47:43+00:00,LEAD_ACID,home_001,-2.36,12.255,10.05,7.69,18.34,25.4,,,,
2026-07-29T12:47:46+00:00,LEAD_ACID,home_001,-5.81,12.255,13.76,7.95,18.4,33.4,,,,
2026-07-29T12:47:51+00:00,LEAD_ACID,home_001,-4.54,12.255,12.16,7.62,18.69,29.5,,,,
2026-07-29T12:47:56+00:00,LEAD_ACID,home_001,-3.34,12.255,10.88,7.54,18.3,28.5,,,,
2026-07-29T12:48:01+00:00,LEAD_ACID,home_001,-8.62,12.255,16.51,7.89,18.26,32.4,,,,
2026-07-29T12:48:06+00:00,LEAD_ACID,home_001,-4.11,12.255,11.87,7.76,18.44,29.5,,,,
2026-07-29T12:48:11+00:00,LEAD_ACID,home_001,0.71,12.255,7.28,7.99,18.48,33.7,,,,
2026-07-29T12:48:16+00:00,LEAD_ACID,home_001,-3.18,12.255,11.32,8.14,18.5,28.5,,,,
2026-07-29T12:48:21+00:00,LEAD_ACID,home_001,-8.47,12.255,16.54,8.07,18.74,32.3,,,,
2026-07-29T12:48:26+00:00,LEAD_ACID,home_001,-4.11,12.255,11.92,7.81,18.31,25.8,,,,
2026-07-29T12:48:31+00:00,LEAD_ACID,home_001,-2.43,12.255,10.5,8.07,18.69,30.7,,,,
2026-07-29T12:48:36+00:00,LEAD_ACID,home_001,-0.42,12.255,8.19,7.77,18.65,29.1,,,,
2026-07-29T12:48:41+00:00,LEAD_ACID,home_001,-6.78,12.255,14.95,8.17,18.47,29.9,,,,
2026-07-29T12:48:46+00:00,LEAD_ACID,home_001,0.41,12.255,7.3,7.71,18.7,25.7,,,,
2026-07-29T12:48:51+00:00,LEAD_ACID,home_001,-2.31,12.255,9.98,7.67,18.48,34.0,,,,
2026-07-29T12:48:56+00:00,LEAD_ACID,home_001,-4.66,12.255,12.76,8.1,18.34,31.7,,,,
2026-07-29T12:49:01+00:00,LEAD_ACID,home_001,-7.59,12.255,15.13,7.54,18.71,32.9,,,,
2026-07-29T12:49:06+00:00,LEAD_ACID,home_001,-2.89,12.255,11.04,8.15,18.43,34.7,,,,
2026-07-29T12:49:11+00:00,LEAD_ACID,home_001,-2.21,12.255,9.72,7.51,18.67,28.3,,,,
2026-07-29T12:49:16+00:00,LEAD_ACID,home_001,-2.3,12.255,10.16,7.86,18.34,29.8,,,,
2026-07-29T12:49:21+00:00,LEAD_ACID,home_001,-2.14,12.255,9.82,7.68,18.45,34.5,,,,
2026-07-29T12:49:26+00:00,LEAD_ACID,home_001,-4.03,12.255,12.11,8.08,18.35,34.6,,,,
2026-07-29T12:49:31+00:00,LEAD_ACID,home_001,1.03,12.255,6.84,7.87,18.44,29.7,,,,
2026-07-29T12:49:36+00:00,LEAD_ACID,home_001,-3.56,12.255,11.66,8.1,18.35,27.8,,,,
2026-07-29T12:49:41+00:00,LEAD_ACID,home_001,-0.47,12.255,8.5,8.03,18.56,26.4,,,,
2026-07-29T12:49:46+00:00,LEAD_ACID,home_001,-5.24,12.255,13.4,8.16,18.67,30.3,,,,
2026-07-29T12:49:51+00:00,LEAD_ACID,home_001,-3.35,12.255,11.05,7.7,18.74,27.7,,,,
2026-07-29T12:49:56+00:00,LEAD_ACID,home_001,-7.11,12.255,14.76,7.65,18.69,26.9,,,,
2026-07-29T12:50:01+00:00,LEAD_ACID,home_001,-2.31,12.255,10.2,7.89,18.54,26.3,,,,
2026-07-29T12:50:06+00:00,LEAD_ACID,home_001,-7.32,12.255,15.35,8.03,18.37,25.9,,,,
2026-07-29T12:50:11+00:00,LEAD_ACID,home_001,-1.13,12.255,9.14,8.01,18.42,29.8,,,,
2026-07-29T12:50:16+00:00,LEAD_ACID,home_001,-0.89,12.255,8.34,7.45,18.28,26.3,,,,
2026-07-29T12:50:21+00:00,LEAD_ACID,home_001,-8.57,12.255,16.34,7.77,18.57,29.4,,,,
2026-07-29T12:50:26+00:00,LEAD_ACID,home_001,-5.57,12.255,13.71,8.14,18.49,31.0,,,,
2026-07-29T12:50:31+00:00,LEAD_ACID,home_001,-4.48,12.255,12.05,7.57,18.35,31.9,,,,
2026-07-29T12:50:36+00:00,LEAD_ACID,home_001,-3.68,12.255,11.84,8.16,18.48,29.6,,,,
2026-07-29T12:50:41+00:00,LEAD_ACID,home_001,1.14,12.255,6.88,8.02,18.47,32.0,,,,
2026-07-29T12:50:46+00:00,LEAD_ACID,home_001,-2.22,12.255,9.99,7.77,18.5,29.0,,,,
2026-07-29T12:50:51+00:00,LEAD_ACID,home_001,-8.14,12.255,15.78,7.64,18.32,27.2,,,,
2026-07-29T12:50:56+00:00,LEAD_ACID,home_001,-5.6,12.255,13.39,7.79,18.27,25.5,,,,
2026-07-29T12:51:01+00:00,LEAD_ACID,home_001,-4.57,12.255,12.22,7.65,18.44,27.7,,,,
2026-07-29T12:51:06+00:00,LEAD_ACID,home_001,0.69,12.255,7.07,7.76,18.28,28.1,,,,
2026-07-29T12:51:11+00:00,LEAD_ACID,home_001,-2.0,12.255,9.6,7.6,18.33,33.8,,,,
2026-07-29T12:51:16+00:00,LEAD_ACID,home_001,-1.85,12.255,9.78,7.93,18.43,27.4,,,,
2026-07-29T12:51:21+00:00,LEAD_ACID,home_001,-8.34,12.255,16.54,8.2,18.57,27.5,,,,
2026-07-29T12:51:26+00:00,LEAD_ACID,home_001,-5.55,12.255,13.51,7.96,18.28,29.5,,,,
2026-07-29T12:51:31+00:00,LEAD_ACID,home_001,-4.66,12.255,12.62,7.96,18.28,30.8,,,,
2026-07-29T12:51:36+00:00,LEAD_ACID,home_001,-3.85,12.255,11.38,7.53,18.61,30.2,,,,
2026-07-29T12:51:42+00:00,LEAD_ACID,home_001,-4.51,12.255,12.08,7.57,18.75,28.8,,,,
2026-07-29T12:51:46+00:00,LEAD_ACID,home_001,-1.18,12.255,8.78,7.6,18.62,29.7,,,,
2026-07-29T12:51:51+00:00,LEAD_ACID,home_001,-1.05,12.255,8.61,7.56,18.47,27.2,,,,
2026-07-29T12:51:56+00:00,LEAD_ACID,home_001,-8.02,12.255,15.66,7.64,18.38,27.2,,,,
2026-07-29T12:52:01+00:00,LEAD_ACID,home_001,-8.63,12.255,16.25,7.62,18.34,26.2,,,,
2026-07-29T12:52:06+00:00,LEAD_ACID,home_001,-2.47,12.255,10.46,7.99,18.47,33.7,,,,
2026-07-29T12:52:11+00:00,LEAD_ACID,home_001,-3.98,12.255,11.64,7.66,18.44,25.2,,,,
2026-07-29T12:52:17+00:00,LEAD_ACID,home_001,-1.73,12.255,9.32,7.59,18.35,32.5,,,,
2026-07-29T12:52:21+00:00,LEAD_ACID,home_001,0.13,12.255,7.41,7.54,18.62,32.7,,,,
2026-07-29T12:52:26+00:00,LEAD_ACID,home_001,-6.34,12.255,14.37,8.03,18.35,30.0,,,,
2026-07-29T12:52:31+00:00,LEAD_ACID,home_001,-2.16,12.255,9.78,7.62,18.32,28.1,,,,
2026-07-29T12:52:36+00:00,LEAD_ACID,home_001,-5.84,12.255,13.98,8.14,18.29,26.1,,,,
2026-07-29T12:52:41+00:00,LEAD_ACID,home_001,-2.1,12.255,10.21,8.11,18.56,29.9,,,,
2026-07-29T12:52:47+00:00,LEAD_ACID,home_001,-8.03,12.255,15.92,7.89,18.66,31.2,,,,
2026-07-29T12:52:51+00:00,LEAD_ACID,home_001,-6.3,12.255,14.37,8.07,18.59,34.5,,,,
2026-07-29T12:52:56+00:00,LEAD_ACID,home_001,-1.64,12.255,9.4,7.76,18.64,25.2,,,,
2026-07-29T12:53:02+00:00,LEAD_ACID,home_001,-4.08,12.255,11.77,7.69,18.52,31.5,,,,
2026-07-29T12:53:07+00:00,LEAD_ACID,home_001,-6.21,12.255,13.83,7.62,18.55,31.6,,,,
2026-07-29T12:53:12+00:00,LEAD_ACID,home_001,1.05,12.255,6.87,7.92,18.63,35.0,,,,
2026-07-29T12:53:17+00:00,LEAD_ACID,home_001,0.61,12.255,7.21,7.82,18.63,29.1,,,,
2026-07-29T12:53:22+00:00,LEAD_ACID,home_001,-8.75,12.255,16.28,7.53,18.33,27.1,,,,
2026-07-29T12:53:27+00:00,LEAD_ACID,home_001,-5.64,12.255,13.05,7.41,18.46,33.3,,,,
2026-07-29T12:53:32+00:00,LEAD_ACID,home_001,0.28,12.255,7.6,7.88,18.55,28.9,,,,
2026-07-29T12:53:37+00:00,LEAD_ACID,home_001,-2.65,12.255,10.3,7.65,18.66,28.9,,,,
2026-07-29T12:53:42+00:00,LEAD_ACID,home_001,-5.57,12.255,13.72,8.15,18.72,27.1,,,,
2026-07-29T12:53:47+00:00,LEAD_ACID,home_001,-1.96,12.255,9.95,7.99,18.74,28.9,,,,
2026-07-29T12:53:52+00:00,LEAD_ACID,home_001,-5.05,12.255,12.78,7.73,18.64,29.2,,,,
2026-07-29T12:53:58+00:00,LEAD_ACID,home_001,-6.3,12.255,14.22,7.92,18.68,32.4,,,,
2026-07-29T12:54:02+00:00,LEAD_ACID,home_001,-8.61,12.255,16.1,7.49,18.29,31.9,,,,
2026-07-29T12:54:07+00:00,LEAD_ACID,home_001,0.65,12.255,6.9,7.55,18.68,25.1,,,,
2026-07-29T12:54:12+00:00,LEAD_ACID,home_001,-6.77,12.255,14.89,8.12,18.39,28.8,,,,
2026-07-29T12:54:17+00:00,LEAD_ACID,home_001,-1.71,12.255,9.41,7.7,18.54,31.8,,,,
2026-07-29T12:54:22+00:00,LEAD_ACID,home_001,-1.39,12.255,9.5,8.11,18.53,34.8,,,,
2026-07-29T12:54:27+00:00,LEAD_ACID,home_001,-0.7,12.255,8.58,7.88,18.29,25.5,,,,
2026-07-29T12:54:32+00:00,LEAD_ACID,home_001,-3.18,12.255,11.16,7.98,18.59,31.1,,,,
2026-07-29T12:54:37+00:00,LEAD_ACID,home_001,-7.03,12.255,14.63,7.6,18.27,34.2,,,,
2026-07-29T12:54:42+00:00,LEAD_ACID,home_001,-6.23,12.255,13.91,7.68,18.34,26.1,,,,
2026-07-29T12:54:47+00:00,LEAD_ACID,home_001,-6.05,12.255,13.82,7.77,18.3,29.3,,,,
2026-07-29T12:54:52+00:00,LEAD_ACID,home_001,-3.52,12.255,11.35,7.83,18.57,30.5,,,,
2026-07-29T12:54:57+00:00,LEAD_ACID,home_001,-5.31,12.255,13.28,7.97,18.51,32.5,,,,
2026-07-29T12:55:02+00:00,LEAD_ACID,home_001,-3.03,12.255,10.55,7.52,18.3,29.1,,,,
2026-07-29T12:55:07+00:00,LEAD_ACID,home_001,-2.22,12.255,9.78,7.56,18.52,32.0,,,,
2026-07-29T12:55:12+00:00,LEAD_ACID,home_001,-8.57,12.255,16.41,7.84,18.39,26.5,,,,
2026-07-29T12:55:17+00:00,LEAD_ACID,home_001,-8.17,12.255,16.28,8.11,18.45,33.1,,,,
2026-07-29T12:55:22+00:00,LEAD_ACID,home_001,-4.35,12.255,11.86,7.51,18.59,29.3,,,,
2026-07-29T12:55:27+00:00,LEAD_ACID,home_001,-0.16,12.255,7.69,7.53,18.73,25.1,,,,
2026-07-29T12:55:32+00:00,LEAD_ACID,home_001,-7.23,12.255,15.34,8.11,18.71,34.1,,,,
2026-07-29T12:55:37+00:00,LEAD_ACID,home_001,-0.67,12.255,8.62,7.95,18.73,26.2,,,,
2026-07-29T12:55:42+00:00,LEAD_ACID,home_001,-3.96,12.255,11.75,7.79,18.32,34.9,,,,
2026-07-29T12:55:47+00:00,LEAD_ACID,home_001,-2.62,12.255,10.81,8.19,18.69,32.7,,,,
2026-07-29T12:55:52+00:00,LEAD_ACID,home_001,0.1,12.255,7.39,7.49,18.66,25.2,,,,
2026-07-29T12:55:57+00:00,LEAD_ACID,home_001,-0.94,12.255,8.87,7.93,18.6,32.6,,,,
2026-07-29T12:56:02+00:00,LEAD_ACID,home_001,0.05,12.255,7.83,7.88,18.34,27.0,,,,
2026-07-29T12:56:07+00:00,LEAD_ACID,home_001,-4.1,12.255,11.76,7.66,18.36,28.1,,,,
2026-07-29T12:56:12+00:00,LEAD_ACID,home_001,-2.3,12.255,10.28,7.98,18.45,28.7,,,,
2026-07-29T12:56:17+00:00,LEAD_ACID,home_001,-1.66,12.255,9.25,7.59,18.48,33.0,,,,
2026-07-29T12:56:22+00:00,LEAD_ACID,home_001,-0.53,12.255,8.39,7.86,18.64,27.6,,,,
2026-07-29T12:56:27+00:00,LEAD_ACID,home_001,-2.4,12.255,10.27,7.87,18.3,31.8,,,,
2026-07-29T12:56:32+00:00,LEAD_ACID,home_001,-2.11,12.255,10.27,8.16,18.45,28.9,,,,
2026-07-29T12:56:37+00:00,LEAD_ACID,home_001,-3.04,12.255,10.5,7.46,18.75,27.8,,,,
2026-07-29T12:56:42+00:00,LEAD_ACID,home_001,-1.19,12.255,9.39,8.2,18.55,33.1,,,,
2026-07-29T12:56:47+00:00,LEAD_ACID,home_001,-7.18,12.255,14.6,7.42,18.39,29.5,,,,
2026-07-29T12:56:52+00:00,LEAD_ACID,home_001,-8.25,12.255,16.11,7.86,18.61,29.1,,,,
2026-07-29T12:56:57+00:00,LEAD_ACID,home_001,-2.77,12.255,10.27,7.5,18.28,34.7,,,,
2026-07-29T12:57:02+00:00,LEAD_ACID,home_001,-0.04,12.255,7.77,7.73,18.25,27.6,,,,
2026-07-29T12:57:07+00:00,LEAD_ACID,home_001,-4.85,12.255,12.77,7.92,18.53,26.6,,,,
2026-07-29T12:57:12+00:00,LEAD_ACID,home_001,-3.5,12.255,11.21,7.71,18.25,30.9,,,,
2026-07-29T12:57:26+00:00,LEAD_ACID,home_001,0.06,12.255,7.4,7.46,18.63,27.7,,,,
2026-07-29T12:57:46+00:00,LEAD_ACID,home_001,-7.25,12.255,14.91,7.66,18.5,28.5,,,,
2026-07-29T12:57:48+00:00,LEAD_ACID,home_001,-4.1,12.255,12.06,7.96,18.64,29.8,,,,
2026-07-29T12:57:52+00:00,LEAD_ACID,home_001,-0.24,12.255,7.98,7.74,18.3,29.4,,,,
2026-07-29T12:58:03+00:00,LEAD_ACID,home_001,-4.67,12.255,12.5,7.83,18.46,33.1,,,,
2026-07-29T12:58:05+00:00,LEAD_ACID,home_001,-5.54,12.255,13.48,7.94,18.33,32.0,,,,
2026-07-29T12:58:18+00:00,LEAD_ACID,home_001,-7.1,12.255,15.17,8.07,18.41,28.6,,,,
2026-07-29T12:59:15+00:00,LEAD_ACID,home_001,-5.81,12.255,13.4,7.59,18.39,32.3,,,,
2026-07-29T12:59:18+00:00,LEAD_ACID,home_001,-0.91,12.255,8.94,8.03,18.47,29.9,,,,
2026-07-29T12:59:22+00:00,LEAD_ACID,home_001,-8.2,12.255,15.85,7.65,18.54,26.4,,,,
2026-07-29T12:59:27+00:00,LEAD_ACID,home_001,-5.25,12.255,12.7,7.45,18.44,34.6,,,,
2026-07-29T12:59:32+00:00,LEAD_ACID,home_001,-3.83,12.255,11.41,7.58,18.28,32.1,,,,
2026-07-29T12:59:37+00:00,LEAD_ACID,home_001,-8.74,12.255,16.67,7.93,18.5,31.8,,,,
2026-07-29T12:59:42+00:00,LEAD_ACID,home_001,-1.07,12.255,8.51,7.44,18.6,30.3,,,,
2026-07-29T12:59:47+00:00,LEAD_ACID,home_001,-9.22,12.255,16.66,7.44,18.41,34.4,,,,
2026-07-29T12:59:52+00:00,LEAD_ACID,home_001,-4.15,12.255,11.84,7.69,18.65,32.8,,,,
2026-07-29T12:59:57+00:00,LEAD_ACID,home_001,0.44,12.255,7.41,7.85,18.56,29.1,,,,
2026-07-29T13:00:02+00:00,LEAD_ACID,home_001,0.34,12.255,7.58,7.92,18.61,28.8,,,,
2026-07-29T13:00:07+00:00,LEAD_ACID,home_001,-7.95,12.255,16.2,8.25,18.34,33.3,,,,
2026-07-29T13:00:12+00:00,LEAD_ACID,home_001,-5.28,12.255,13.51,8.23,18.59,27.7,,,,
2026-07-29T13:00:17+00:00,LEAD_ACID,home_001,0.74,12.255,7.5,8.24,18.61,26.4,,,,
2026-07-29T13:00:23+00:00,LEAD_ACID,home_001,-2.98,12.255,10.8,7.82,18.39,29.0,,,,
2026-07-29T13:00:27+00:00,LEAD_ACID,home_001,-0.27,12.255,7.98,7.71,18.55,32.2,,,,
2026-07-29T13:00:33+00:00,LEAD_ACID,home_001,0.41,12.255,7.9,8.31,18.45,28.8,,,,
2026-07-29T13:00:37+00:00,LEAD_ACID,home_001,-7.22,12.255,15.42,8.2,18.32,32.7,,,,
2026-07-29T13:00:42+00:00,LEAD_ACID,home_001,-5.74,12.255,14.02,8.28,18.49,32.9,,,,
2026-07-29T13:01:19+00:00,LEAD_ACID,home_001,-4.37,12.255,12.52,8.15,18.64,31.3,,,,
2026-07-29T13:01:23+00:00,LEAD_ACID,home_001,-4.25,12.255,12.63,8.38,18.44,26.1,,,,
2026-07-29T13:01:28+00:00,LEAD_ACID,home_001,-6.13,12.255,14.14,8.01,18.56,27.4,,,,
2026-07-29T13:01:33+00:00,LEAD_ACID,home_001,-4.91,12.255,12.55,7.64,18.59,26.0,,,,
2026-07-29T13:01:38+00:00,LEAD_ACID,home_001,-7.72,12.255,15.42,7.7,18.26,31.8,,,,
2026-07-29T13:01:43+00:00,LEAD_ACID,home_001,-2.97,12.255,11.06,8.09,18.34,27.7,,,,
2026-07-29T13:01:48+00:00,LEAD_ACID,home_001,-5.74,12.255,13.36,7.62,18.63,26.3,,,,
2026-07-29T13:01:53+00:00,LEAD_ACID,home_001,-8.66,12.255,16.37,7.71,18.54,29.5,,,,
2026-07-29T13:01:58+00:00,LEAD_ACID,home_001,0.07,12.255,7.87,7.94,18.58,30.7,,,,
2026-07-29T13:02:03+00:00,LEAD_ACID,home_001,-4.45,12.255,12.66,8.21,18.72,34.4,,,,
2026-07-29T13:02:08+00:00,LEAD_ACID,home_001,0.24,12.255,7.49,7.73,18.36,32.0,,,,
2026-07-29T13:02:13+00:00,LEAD_ACID,home_001,-5.48,12.255,13.29,7.81,18.71,33.8,,,,
2026-07-29T13:02:18+00:00,LEAD_ACID,home_001,-7.4,12.255,15.46,8.06,18.63,28.0,,,,
2026-07-29T13:02:23+00:00,LEAD_ACID,home_001,0.53,12.255,7.11,7.64,18.29,32.0,,,,
2026-07-29T13:02:28+00:00,LEAD_ACID,home_001,-5.31,12.255,13.23,7.92,18.32,31.9,,,,
2026-07-29T13:02:33+00:00,LEAD_ACID,home_001,-4.47,12.255,12.69,8.22,18.59,31.7,,,,
2026-07-29T13:02:38+00:00,LEAD_ACID,home_001,-5.1,12.255,13.44,8.34,18.55,29.9,,,,
2026-07-29T13:02:43+00:00,LEAD_ACID,home_001,-6.58,12.255,14.51,7.93,18.39,31.5,,,,
2026-07-29T13:02:48+00:00,LEAD_ACID,home_001,-8.16,12.255,16.22,8.06,18.65,32.2,,,,
2026-07-29T13:02:53+00:00,LEAD_ACID,home_001,-7.03,12.255,15.28,8.25,18.42,29.5,,,,
2026-07-29T13:02:58+00:00,LEAD_ACID,home_001,-0.96,12.255,8.87,7.91,18.57,29.8,,,,
2026-07-29T13:03:03+00:00,LEAD_ACID,home_001,-4.17,12.255,11.92,7.75,18.31,26.8,,,,
2026-07-29T13:03:08+00:00,LEAD_ACID,home_001,-4.18,12.255,12.35,8.17,18.33,28.9,,,,
2026-07-29T13:03:13+00:00,LEAD_ACID,home_001,1.08,12.255,6.98,8.06,18.61,35.0,,,,
2026-07-29T13:03:18+00:00,LEAD_ACID,home_001,-7.49,12.255,15.39,7.9,18.65,30.4,,,,
2026-07-29T13:03:23+00:00,LEAD_ACID,home_001,-2.43,12.255,10.72,8.29,18.51,28.6,,,,
2026-07-29T13:03:28+00:00,LEAD_ACID,home_001,0.07,12.255,7.75,7.82,18.36,33.2,,,,
2026-07-29T13:03:33+00:00,LEAD_ACID,home_001,-2.32,12.255,10.52,8.2,18.61,28.2,,,,
2026-07-29T13:03:38+00:00,LEAD_ACID,home_001,-6.87,12.255,14.68,7.81,18.58,27.0,,,,
2026-07-29T13:03:43+00:00,LEAD_ACID,home_001,-0.83,12.255,8.62,7.79,18.46,33.3,,,,
2026-07-29T13:03:48+00:00,LEAD_ACID,home_001,-7.27,12.255,14.93,7.66,18.31,34.9,,,,
2026-07-29T13:03:53+00:00,LEAD_ACID,home_001,-6.15,12.255,14.02,7.87,18.29,31.8,,,,
2026-07-29T13:03:58+00:00,LEAD_ACID,home_001,-7.13,12.255,15.29,8.16,18.29,25.9,,,,
2026-07-29T13:04:03+00:00,LEAD_ACID,home_001,-1.57,12.255,9.75,8.18,18.61,27.5,,,,
2026-07-29T13:04:17+00:00,LEAD_ACID,home_001,-6.34,12.255,14.59,8.25,18.44,25.3,,,,
2026-07-29T13:04:19+00:00,LEAD_ACID,home_001,-4.72,12.255,13.07,8.35,18.75,30.2,,,,
2026-07-29T13:04:23+00:00,LEAD_ACID,home_001,-8.72,12.255,16.59,7.87,18.53,27.0,,,,
2026-07-29T13:04:28+00:00,LEAD_ACID,home_001,-4.94,12.255,13.15,8.21,18.52,25.9,,,,
2026-07-29T13:04:33+00:00,LEAD_ACID,home_001,0.56,12.255,7.07,7.63,18.29,33.9,,,,
2026-07-29T13:04:38+00:00,LEAD_ACID,home_001,-0.96,12.255,8.79,7.83,18.74,31.7,,,,
2026-07-29T13:04:43+00:00,LEAD_ACID,home_001,-5.21,12.255,13.4,8.19,18.37,25.8,,,,
2026-07-29T13:04:48+00:00,LEAD_ACID,home_001,-8.49,12.255,16.52,8.03,18.73,27.9,,,,
2026-07-29T13:04:53+00:00,LEAD_ACID,home_001,-5.02,12.255,12.72,7.7,18.39,27.0,,,,
2026-07-29T13:04:58+00:00,LEAD_ACID,home_001,-1.49,12.255,9.51,8.02,18.62,33.0,,,,
2026-07-29T13:05:03+00:00,LEAD_ACID,home_001,-8.67,12.255,16.55,7.88,18.31,29.8,,,,
2026-07-29T13:05:08+00:00,LEAD_ACID,home_001,-2.06,12.255,10.25,8.19,18.7,31.7,,,,
2026-07-29T13:05:13+00:00,LEAD_ACID,home_001,-1.38,12.255,9.33,7.95,18.49,30.6,,,,
2026-07-29T13:05:18+00:00,LEAD_ACID,home_001,-0.52,12.255,8.4,7.88,18.6,28.6,,,,
2026-07-29T13:05:23+00:00,LEAD_ACID,home_001,-5.36,12.255,13.0,7.64,18.46,33.4,,,,
2026-07-29T13:05:28+00:00,LEAD_ACID,home_001,0.04,12.255,8.18,8.22,18.71,25.4,,,,
2026-07-29T13:05:33+00:00,LEAD_ACID,home_001,-1.16,12.255,9.21,8.05,18.65,30.6,,,,
2026-07-29T13:05:38+00:00,LEAD_ACID,home_001,-7.38,12.255,15.4,8.02,18.51,32.4,,,,
2026-07-29T13:05:46+00:00,LEAD_ACID,home_001,-5.78,12.255,14.16,8.38,18.7,28.2,,,,
2026-07-29T13:05:48+00:00,LEAD_ACID,home_001,-0.08,12.255,7.69,7.61,18.48,34.9,,,,
2026-07-29T13:05:53+00:00,LEAD_ACID,home_001,-3.96,12.255,11.78,7.82,18.47,30.3,,,,
2026-07-29T13:06:00+00:00,LEAD_ACID,home_001,-6.87,12.255,14.99,8.12,18.37,32.3,,,,
2026-07-29T13:06:03+00:00,LEAD_ACID,home_001,-5.71,12.255,13.81,8.1,18.39,34.7,,,,
2026-07-29T13:06:08+00:00,LEAD_ACID,home_001,-7.91,12.255,15.91,8.0,18.69,34.5,,,,
2026-07-29T13:06:13+00:00,LEAD_ACID,home_001,-1.58,12.255,9.41,7.83,18.7,27.7,,,,
2026-08-17T11:33:36+00:00,LEAD_ACID,home_001,-3.0,12.5,8.0,5.0,18.5,28.0,,,,
2026-08-19T13:17:15+00:00,LEAD_ACID,sample_home,3.18,12.61,2.32,3.58,19.36,37.6,300,37.6,True,
2026-08-19T13:22:15+00:00,LEAD_ACID,sample_home,3.64,12.63,1.73,3.5,19.34,38.0,300,38.0,True,
2026-08-19T13:27:15+00:00,LEAD_ACID,sample_home,4.34,12.65,1.66,3.92,19.32,36.8,300,36.8,True,
2026-08-19T13:32:15+00:00,LEAD_ACID,sample_home,2.41,12.66,2.09,2.95,19.3,36.3,300,36.3,True,
2026-08-19T13:37:15+00:00,LEAD_ACID,sample_home,4.2,12.68,1.66,3.85,19.28,36.3,300,36.3,True,
2026-08-19T13:42:15+00:00,LEAD_ACID,sample_home,3.13,12.69,1.88,3.3,19.26,37.4,300,37.4,True,
2026-08-19T13:56:21+00:00,LEAD_ACID,sample_home,3.24,12.61,2.18,3.56,19.19,36.9,300,36.9,True,
2026-08-19T14:01:21+00:00,LEAD_ACID,sample_home,2.11,12.62,2.39,2.96,19.16,35.6,300,35.6,True,
2026-08-19T14:02:15+00:00,LEAD_ACID,sample_home,3.67,12.76,1.98,3.76,19.15,35.8,300,35.8,True,
2026-08-19T14:02:30+00:00,LEAD_ACID,sample_home,2.36,12.61,2.31,3.07,19.15,36.2,300,36.2,True,0
2026-08-19T14:06:21+00:00,LEAD_ACID,sample_home,2.07,12.63,2.2,2.82,19.13,37.2,300,37.2,True,
2026-08-19T14:06:22+00:00,LEAD_ACID,sample_home,2.23,12.61,1.87,2.7,19.13,35.3,300,35.3,True,0
2026-08-19T14:07:15+00:00,LEAD_ACID,sample_home,2.73,12.77,1.6,2.89,19.13,36.1,300,36.1,True,
2026-08-19T14:07:30+00:00,LEAD_ACID,sample_home,3.04,12.62,2.1,3.39,19.13,36.0,300,36.0,True,0
2026-08-19T14:11:21+00:00,LEAD_ACID,sample_home,2.35,12.64,2.22,3.02,19.1,36.3,300,36.3,True,
2026-08-19T14:11:22+00:00,LEAD_ACID,sample_home,4.0,12.63,1.68,3.75,19.1,35.4,300,35.4,True,0
2026-08-19T14:14:33+00:00,LEAD_ACID,sample_home,2.74,12.61,2.38,3.38,19.08,35.3,300,35.3,True,0
2026-08-19T14:16:21+00:00,LEAD_ACID,sample_home,2.34,12.65,1.88,2.8,19.07,36.5,300,36.5,True,
2026-08-19T14:16:22+00:00,LEAD_ACID,sample_home,3.23,12.64,2.25,3.63,19.07,35.8,300,35.8,True,0
2026-08-19T14:19:33+00:00,LEAD_ACID,sample_home,3.24,12.62,2.33,3.69,19.05,36.0,300,36.0,True,0
2026-08-19T14:21:21+00:00,LEAD_ACID,sample_home,2.73,12.66,2.06,3.18,19.04,36.5,300,36.5,True,
2026-08-19T14:26:21+00:00,LEAD_ACID,sample_home,2.94,12.67,1.73,3.11,19.01,36.6,300,36.6,True,
2026-08-19T14:31:21+00:00,LEAD_ACID,sample_home,2.7,12.68,2.03,3.16,18.98,35.2,300,35.2,True,
2026-08-19T14:36:21+00:00,LEAD_ACID,sample_home,2.78,12.69,1.75,3.03,18.94,36.1,300,36.1,True,
2026-08-19T14:41:21+00:00,LEAD_ACID,sample_home,2.66,12.7,2.18,3.25,18.91,35.0,300,35.0,True,
2026-08-19T14:46:21+00:00,LEAD_ACID,sample_home,2.47,12.71,1.87,2.92,18.87,34.5,300,34.5,True,
2026-08-19T14:51:21+00:00,LEAD_ACID,sample_home,1.96,12.72,2.01,2.68,18.84,35.3,300,35.3,True,
2026-08-19T14:56:21+00:00,LEAD_ACID,sample_home,1.95,12.73,2.28,2.86,18.8,35.1,300,35.1,True,
2026-08-19T15:01:21+00:00,LEAD_ACID,sample_home,1.78,12.74,2.01,2.57,18.76,35.1,300,35.1,True,
2026-08-19T15:06:21+00:00,LEAD_ACID,sample_home,1.02,12.74,2.32,2.27,18.72,34.9,300,34.9,True,
2026-08-19T15:11:21+00:00,LEAD_ACID,sample_home,1.86,12.75,1.94,2.59,18.68,33.4,300,33.4,True,
2026-08-19T15:16:21+00:00,LEAD_ACID,sample_home,2.33,12.76,1.9,2.89,18.64,32.9,300,32.9,True,
2026-08-19T15:21:21+00:00,LEAD_ACID,sample_home,1.56,12.77,2.27,2.63,18.6,33.5,300,33.5,True,
2026-08-19T15:26:21+00:00,LEAD_ACID,sample_home,1.18,12.77,2.24,2.35,18.56,34.0,300,34.0,True,
2026-08-19T15:31:21+00:00,LEAD_ACID,sample_home,1.22,12.78,1.81,2.09,18.51,33.8,300,33.8,True,
2026-08-19T15:36:21+00:00,LEAD_ACID,sample_home,1.47,12.79,1.7,2.19,18.47,32.9,300,32.9,True,
2026-08-19T15:41:21+00:00,LEAD_ACID,sample_home,0.65,12.79,1.96,1.81,18.42,33.2,300,33.2,True,
2026-08-19T15:46:21+00:00,LEAD_ACID,sample_home,1.85,12.8,1.66,2.44,18.38,33.4,300,33.4,True,
2026-08-19T15:51:21+00:00,LEAD_ACID,sample_home,1.16,12.8,2.11,2.28,18.33,32.5,300,32.5,True,
2026-08-19T18:02:44+00:00,LEAD_ACID,home_001,1.5,12.4,0.8,2.1,18.5,28.5,,,,
2026-08-19T19:15:02+00:00,LEAD_ACID,home_001,1.5,12.4,0.8,2.1,18.5,28.5,,,,
2026-08-19T23:08:45+00:00,LEAD_ACID,home_001,1.5,12.4,0.8,2.1,18.5,28.5,,,,
2026-08-19T23:17:46+00:00,LEAD_ACID,home_001,1.5,12.4,0.8,2.1,18.5,28.5,,,,
2026-08-20T10:13:17+00:00,LEAD_ACID,home_001,1.5,12.4,0.8,2.1,18.5,28.5,,,,
2026-08-22T10:00:00+00:00,LEAD_ACID,debug_test,0.5,12.5,2.0,2.0,18.0,30.0,300,30.0,True,0
2026-08-22T14:23:29+00:00,LEAD_ACID,sample_home,2.55,12.6,1.8,2.88,19.03,36.2,10,36.2,True,0
2026-08-22T14:23:44+00:00,LEAD_ACID,sample_home,2.77,12.6,2.35,3.39,19.03,36.2,10,36.2,True,0
2026-08-22T14:23:59+00:00,LEAD_ACID,sample_home,2.68,12.6,1.73,2.92,19.03,35.6,10,35.6,True,0
2026-08-22T14:24:14+00:00,LEAD_ACID,sample_home,3.05,12.6,1.92,3.29,19.02,35.6,10,35.6,True,0
2026-08-22T14:25:42+00:00,LEAD_ACID,sample_home,2.07,12.6,1.81,2.57,19.02,35.5,10,35.5,True,0
2026-08-22T14:26:04+00:00,LEAD_ACID,sample_home,3.62,12.6,1.8,3.59,19.01,35.9,10,35.9,True,0
2026-08-22T14:26:20+00:00,LEAD_ACID,sample_home,3.42,12.6,1.88,3.51,19.01,35.4,10,35.4,True,0
2026-08-22T14:26:36+00:00,LEAD_ACID,sample_home,3.19,12.6,2.26,3.61,19.01,35.1,10,35.1,True,0
2026-08-22T14:26:53+00:00,LEAD_ACID,sample_home,1.89,12.6,2.39,2.84,19.01,36.1,10,36.1,True,0
2026-08-22T14:27:10+00:00,LEAD_ACID,sample_home,2.72,12.6,1.89,3.06,19.0,36.5,10,36.5,True,0
2026-08-22T14:27:31+00:00,LEAD_ACID,sample_home,2.49,12.6,1.94,2.94,19.0,36.3,10,36.3,True,0
2026-08-22T14:27:48+00:00,LEAD_ACID,sample_home,3.07,12.6,1.63,3.12,19.0,36.4,10,36.4,True,0
2026-08-22T14:28:04+00:00,LEAD_ACID,sample_home,3.04,12.6,2.06,3.38,19.0,34.9,10,34.9,True,0
2026-08-22T14:28:20+00:00,LEAD_ACID,sample_home,2.9,12.6,1.88,3.17,19.0,35.8,10,35.8,True,0
2026-08-22T14:28:39+00:00,LEAD_ACID,sample_home,2.73,12.6,2.38,3.39,19.0,35.1,10,35.1,True,0
2026-08-22T14:28:58+00:00,LEAD_ACID,sample_home,2.89,12.6,2.01,3.25,19.0,36.4,10,36.4,True,0
2026-08-22T14:29:20+00:00,LEAD_ACID,sample_home,2.56,12.6,1.83,2.91,18.99,35.7,10,35.7,True,0
2026-08-22T14:29:41+00:00,LEAD_ACID,sample_home,3.36,12.6,1.6,3.29,18.99,34.7,10,34.7,True,0
2026-08-22T14:30:02+00:00,LEAD_ACID,sample_home,2.88,12.6,2.32,3.45,18.98,36.1,10,36.1,True,0
2026-08-22T14:30:26+00:00,LEAD_ACID,sample_home,3.04,12.6,2.01,3.35,18.98,35.0,10,35.0,True,0
2026-08-22T14:30:45+00:00,LEAD_ACID,sample_home,2.55,12.6,2.35,3.25,18.98,35.5,10,35.5,True,0
2026-08-22T14:31:05+00:00,LEAD_ACID,sample_home,1.76,12.6,2.38,2.75,18.98,35.1,10,35.1,True,0
2026-08-22T14:31:23+00:00,LEAD_ACID,sample_home,3.11,12.6,1.98,3.38,18.98,36.4,10,36.4,True,0
2026-08-22T14:31:45+00:00,LEAD_ACID,sample_home,1.87,12.6,2.17,2.68,18.98,34.9,10,34.9,True,0
2026-08-22T14:32:01+00:00,LEAD_ACID,sample_home,2.81,12.6,2.19,3.32,18.97,35.8,10,35.8,True,0
2026-08-22T14:32:19+00:00,LEAD_ACID,sample_home,3.52,12.6,1.78,3.52,18.97,35.1,10,35.1,True,0
2026-08-22T14:32:41+00:00,LEAD_ACID,sample_home,1.76,12.6,2.34,2.72,18.97,36.1,10,36.1,True,0
2026-08-22T14:33:01+00:00,LEAD_ACID,sample_home,2.04,12.6,1.96,2.66,18.96,34.5,10,34.5,True,0
2026-08-22T14:33:27+00:00,LEAD_ACID,sample_home,3.0,12.6,2.13,3.41,18.96,34.9,10,34.9,True,0
2026-08-22T14:33:46+00:00,LEAD_ACID,sample_home,2.52,12.6,2.25,3.17,18.96,34.8,10,34.8,True,0
2026-08-22T14:34:06+00:00,LEAD_ACID,sample_home,2.92,12.6,2.02,3.28,18.96,34.6,10,34.6,True,0
2026-08-22T14:34:22+00:00,LEAD_ACID,sample_home,2.77,12.6,1.77,3.02,18.96,36.3,10,36.3,True,0
2026-08-22T14:34:44+00:00,LEAD_ACID,sample_home,2.42,12.6,1.88,2.86,18.96,34.8,10,34.8,True,0
2026-08-22T14:35:04+00:00,LEAD_ACID,sample_home,2.8,12.6,2.0,3.19,18.95,35.8,10,35.8,True,0
2026-08-22T14:35:21+00:00,LEAD_ACID,sample_home,1.66,12.6,2.25,2.6,18.95,36.1,10,36.1,True,0
2026-08-22T14:35:40+00:00,LEAD_ACID,sample_home,2.59,12.6,1.83,2.94,18.95,36.3,10,36.3,True,0
2026-08-22T14:35:58+00:00,LEAD_ACID,sample_home,2.93,12.6,1.81,3.15,18.95,35.3,10,35.3,True,0
2026-08-22T14:36:16+00:00,LEAD_ACID,sample_home,3.12,12.6,1.71,3.21,18.94,34.9,10,34.9,True,0
2026-08-22T14:36:36+00:00,LEAD_ACID,sample_home,2.06,12.6,1.74,2.53,18.94,35.6,10,35.6,True,0
2026-08-22T14:36:55+00:00,LEAD_ACID,sample_home,3.46,12.6,1.74,3.46,18.94,35.8,10,35.8,True,0
2026-08-22T14:37:21+00:00,LEAD_ACID,sample_home,2.74,12.6,2.39,3.41,18.94,35.4,10,35.4,True,0
2026-08-22T14:37:45+00:00,LEAD_ACID,sample_home,2.65,12.6,2.12,3.17,18.94,34.4,10,34.4,True,0
2026-08-22T14:38:05+00:00,LEAD_ACID,sample_home,2.32,12.6,2.31,3.08,18.93,35.6,10,35.6,True,0
2026-08-22T14:38:22+00:00,LEAD_ACID,sample_home,2.51,12.6,2.04,3.03,18.93,34.8,10,34.8,True,0
2026-08-22T14:38:41+00:00,LEAD_ACID,sample_home,1.77,12.6,2.18,2.63,18.93,35.6,10,35.6,True,0
2026-08-22T14:38:56+00:00,LEAD_ACID,sample_home,3.42,12.6,1.76,3.45,18.93,34.3,10,34.3,True,0
2026-08-22T14:39:20+00:00,LEAD_ACID,sample_home,1.95,12.6,2.39,2.89,18.92,34.9,10,34.9,True,0
2026-08-22T14:39:43+00:00,LEAD_ACID,sample_home,3.02,12.6,1.63,3.1,18.92,35.4,10,35.4,True,0
2026-08-22T14:40:07+00:00,LEAD_ACID,sample_home,3.24,12.6,1.85,3.39,18.92,34.3,10,34.3,True,0
2026-08-22T14:40:24+00:00,LEAD_ACID,sample_home,2.88,12.6,2.14,3.34,18.92,35.2,10,35.2,True,0
2026-08-22T14:40:45+00:00,LEAD_ACID,sample_home,2.78,12.6,2.37,3.43,18.92,34.7,10,34.7,True,0
2026-08-22T14:41:10+00:00,LEAD_ACID,sample_home,2.27,12.6,1.89,2.77,18.91,34.2,10,34.2,True,0
2026-08-22T14:41:41+00:00,LEAD_ACID,sample_home,2.78,12.6,2.16,3.29,18.91,34.7,10,34.7,True,0
2026-08-22T14:42:04+00:00,LEAD_ACID,sample_home,2.17,12.6,2.39,3.04,18.9,35.9,10,35.9,True,0
2026-08-22T14:42:25+00:00,LEAD_ACID,sample_home,2.07,12.6,1.98,2.7,18.9,35.1,10,35.1,True,0
2026-08-22T14:42:43+00:00,LEAD_ACID,sample_home,1.71,12.6,2.08,2.53,18.9,34.2,10,34.2,True,0
2026-08-22T14:42:59+00:00,LEAD_ACID,sample_home,1.52,12.6,2.27,2.53,18.9,35.6,10,35.6,True,0
2026-08-22T14:43:18+00:00,LEAD_ACID,sample_home,2.47,12.6,2.33,3.2,18.89,34.4,10,34.4,True,0
2026-08-22T14:43:38+00:00,LEAD_ACID,sample_home,2.5,12.6,1.61,2.74,18.89,35.2,10,35.2,True,0
2026-08-22T14:43:59+00:00,LEAD_ACID,sample_home,3.09,12.6,1.72,3.21,18.89,35.1,10,35.1,True,0
2026-08-22T14:44:20+00:00,LEAD_ACID,sample_home,2.71,12.6,1.94,3.1,18.89,35.5,10,35.5,True,0
2026-08-22T14:45:07+00:00,LEAD_ACID,sample_home,2.33,12.6,2.24,3.05,18.88,34.4,10,34.4,True,0
2026-08-22T14:45:51+00:00,LEAD_ACID,sample_home,2.65,12.6,2.31,3.31,18.88,35.7,10,35.7,True,0
2026-08-22T14:46:12+00:00,LEAD_ACID,sample_home,2.96,12.6,2.06,3.35,18.87,34.9,10,34.9,True,0
2026-08-22T14:46:30+00:00,LEAD_ACID,sample_home,1.44,12.6,2.38,2.55,18.87,34.6,10,34.6,True,0
2026-08-22T14:46:52+00:00,LEAD_ACID,sample_home,1.81,12.6,1.78,2.4,18.87,35.5,10,35.5,True,0
2026-08-22T14:47:14+00:00,LEAD_ACID,sample_home,1.84,12.6,2.05,2.6,18.87,35.4,10,35.4,True,0
2026-08-22T14:47:35+00:00,LEAD_ACID,sample_home,2.59,12.6,1.62,2.81,18.87,34.1,10,34.1,True,0
2026-08-22T15:25:53+00:00,LEAD_ACID,sample_home,1.99,12.6,1.81,2.58,18.56,33.1,10,33.1,True,1
2026-08-22T15:26:08+00:00,LEAD_ACID,sample_home,0.91,12.6,2.36,2.22,18.56,32.5,10,32.5,True,1
2026-08-22T15:26:22+00:00,LEAD_ACID,sample_home,1.38,12.6,2.02,2.31,18.56,34.1,10,34.1,True,1
2026-08-22T15:26:29+00:00,LEAD_ACID,sample_home_2,0.73,12.6,2.32,2.07,18.56,33.9,10,33.9,True,0
2026-08-22T15:26:37+00:00,LEAD_ACID,sample_home,1.63,12.6,1.67,2.24,18.56,33.1,10,33.1,True,1
2026-08-22T15:26:44+00:00,LEAD_ACID,sample_home_2,1.81,12.6,2.06,2.63,18.56,33.3,10,33.3,True,0
2026-08-22T15:26:51+00:00,LEAD_ACID,sample_home,1.11,12.6,2.32,2.33,18.56,34.1,10,34.1,True,1
2026-08-22T15:26:59+00:00,LEAD_ACID,sample_home_2,1.51,12.6,1.92,2.33,18.56,32.6,10,32.6,True,0
2026-08-22T15:27:06+00:00,LEAD_ACID,sample_home,1.77,12.6,1.72,2.37,18.55,33.4,10,33.4,True,1
2026-08-22T15:27:13+00:00,LEAD_ACID,sample_home_2,1.21,12.6,1.93,2.13,18.55,33.9,10,33.9,True,0
2026-08-22T15:27:21+00:00,LEAD_ACID,sample_home,1.66,12.6,2.12,2.57,18.55,34.1,10,34.1,True,1
2026-08-22T15:27:28+00:00,LEAD_ACID,sample_home_2,1.52,12.6,2.34,2.62,18.55,33.2,10,33.2,True,0
2026-08-22T15:27:36+00:00,LEAD_ACID,sample_home,1.94,12.6,1.92,2.62,18.55,34.3,10,34.3,True,1
2026-08-22T15:27:43+00:00,LEAD_ACID,sample_home_2,1.58,12.6,2.32,2.65,18.55,34.3,10,34.3,True,0
2026-08-22T15:27:51+00:00,LEAD_ACID,sample_home,1.23,12.6,2.36,2.44,18.55,33.5,10,33.5,True,1
2026-08-22T15:27:57+00:00,LEAD_ACID,sample_home_2,1.66,12.6,2.29,2.68,18.55,33.0,10,33.0,True,0
2026-08-22T15:28:06+00:00,LEAD_ACID,sample_home,1.08,12.6,1.98,2.08,18.54,33.6,10,33.6,True,1
2026-08-22T15:28:12+00:00,LEAD_ACID,sample_home_2,1.45,12.6,1.64,2.1,18.54,33.6,10,33.6,True,0
2026-08-22T16:07:48+00:00,LEAD_ACID,sample_home,-0.06,12.6,2.25,1.52,18.18,31.5,10,31.5,True,1
2026-08-22T16:08:14+00:00,LEAD_ACID,sample_home,0.06,12.6,2.36,1.68,18.17,30.9,10,30.9,True,1
2026-08-22T16:08:39+00:00,LEAD_ACID,sample_home,0.63,12.6,2.38,2.09,18.17,31.3,10,31.3,True,1
2026-08-22T16:09:04+00:00,LEAD_ACID,sample_home,0.41,12.6,1.77,1.51,18.16,30.8,10,30.8,True,1
2026-08-22T16:09:29+00:00,LEAD_ACID,sample_home,0.07,12.6,2.08,1.49,18.16,31.1,10,31.1,True,1
2026-08-22T16:09:53+00:00,LEAD_ACID,sample_home,0.32,12.6,1.83,1.49,18.16,32.1,10,32.1,True,1
2026-08-22T16:10:19+00:00,LEAD_ACID,sample_home,0.92,12.6,1.92,1.97,18.15,31.2,10,31.2,True,1
2026-08-22T16:10:44+00:00,LEAD_ACID,sample_home,0.28,12.6,2.14,1.68,18.15,31.9,10,31.9,True,1
2026-08-22T16:11:09+00:00,LEAD_ACID,sample_home,0.56,12.6,1.69,1.56,18.14,31.5,10,31.5,True,1
2026-08-22T16:11:34+00:00,LEAD_ACID,sample_home,0.3,12.6,2.33,1.83,18.14,31.6,10,31.6,True,1
2026-08-22T16:11:56+00:00,LEAD_ACID,sample_home,0.69,12.6,1.82,1.74,18.14,32.4,10,32.4,True,1
2026-08-22T16:12:14+00:00,LEAD_ACID,sample_home,0.52,12.6,2.37,2.01,18.13,32.1,10,32.1,True,1
2026-08-22T16:12:46+00:00,LEAD_ACID,sample_home,-0.02,12.6,2.15,1.48,18.13,31.1,10,31.1,True,1
2026-08-22T16:13:02+00:00,LEAD_ACID,sample_home,0.05,12.6,2.3,1.63,18.13,30.9,10,30.9,True,1
2026-08-22T16:13:18+00:00,LEAD_ACID,sample_home,0.21,12.6,1.99,1.53,18.13,30.8,10,30.8,True,1
2026-08-22T16:13:34+00:00,LEAD_ACID,sample_home,0.76,12.6,1.66,1.68,18.13,32.1,10,32.1,True,1
2026-08-22T16:13:49+00:00,LEAD_ACID,sample_home,-0.04,12.6,2.14,1.46,18.13,31.2,10,31.2,True,1
2026-08-22T16:14:05+00:00,LEAD_ACID,sample_home,0.68,12.6,2.11,1.94,18.12,32.4,10,32.4,True,1
2026-08-22T16:14:28+00:00,LEAD_ACID,sample_home,0.6,12.6,2.12,1.89,18.12,30.4,10,30.4,True,1
2026-08-22T16:14:45+00:00,LEAD_ACID,sample_home,0.44,12.6,2.12,1.78,18.12,31.3,10,31.3,True,1
2026-08-22T16:15:06+00:00,LEAD_ACID,sample_home,-0.01,12.6,2.37,1.64,18.11,32.0,10,32.0,True,1
2026-08-22T16:15:26+00:00,LEAD_ACID,sample_home,0.33,12.6,1.7,1.41,18.11,32.2,10,32.2,True,1
2026-08-22T16:15:44+00:00,LEAD_ACID,sample_home,0.3,12.6,2.23,1.76,18.11,31.4,10,31.4,True,1
2026-08-22T16:16:03+00:00,LEAD_ACID,sample_home,-0.37,12.6,2.4,1.41,18.1,32.2,10,32.2,True,1
2026-08-22T16:16:27+00:00,LEAD_ACID,sample_home,0.28,12.6,1.89,1.51,18.1,30.8,10,30.8,True,1
2026-08-22T16:16:47+00:00,LEAD_ACID,sample_home,-0.26,12.6,2.36,1.46,18.1,31.8,10,31.8,True,1
2026-08-22T16:17:05+00:00,LEAD_ACID,sample_home,0.37,12.6,2.0,1.65,18.09,31.8,10,31.8,True,1
2026-08-22T16:17:24+00:00,LEAD_ACID,sample_home,0.99,12.6,1.69,1.87,18.09,30.3,10,30.3,True,1
2026-08-22T16:17:43+00:00,LEAD_ACID,sample_home,1.01,12.6,1.62,1.83,18.09,30.9,10,30.9,True,1
2026-08-22T16:18:02+00:00,LEAD_ACID,sample_home,-0.11,12.6,2.29,1.52,18.08,30.4,10,30.4,True,1
2026-08-22T16:18:20+00:00,LEAD_ACID,sample_home,-0.13,12.6,2.4,1.58,18.08,30.9,10,30.9,True,1
2026-08-22T16:18:38+00:00,LEAD_ACID,sample_home,-0.13,12.6,2.08,1.36,18.08,30.3,10,30.3,True,1
2026-08-22T16:18:56+00:00,LEAD_ACID,sample_home,0.54,12.6,2.22,1.92,18.08,31.8,10,31.8,True,1
2026-08-22T16:19:13+00:00,LEAD_ACID,sample_home,0.65,12.6,2.07,1.9,18.07,30.2,10,30.2,True,1
2026-08-22T16:19:30+00:00,LEAD_ACID,sample_home,1.0,12.6,1.71,1.89,18.07,30.5,10,30.5,True,1
2026-08-22T16:19:59+00:00,LEAD_ACID,sample_home,0.45,12.6,2.05,1.74,18.07,31.3,10,31.3,True,1
2026-08-22T16:20:16+00:00,LEAD_ACID,sample_home,0.0,12.6,1.99,1.39,18.06,31.6,10,31.6,True,1
2026-08-22T16:20:40+00:00,LEAD_ACID,sample_home,0.07,12.6,2.14,1.54,18.06,31.8,10,31.8,True,1
2026-08-22T16:20:57+00:00,LEAD_ACID,sample_home,0.4,12.6,1.86,1.58,18.06,30.7,10,30.7,True,1
2026-08-22T16:21:12+00:00,LEAD_ACID,sample_home,0.8,12.6,1.88,1.87,18.05,30.5,10,30.5,True,1
2026-08-22T16:21:27+00:00,LEAD_ACID,sample_home,0.45,12.6,2.16,1.82,18.05,31.8,10,31.8,True,1
2026-08-22T16:21:44+00:00,LEAD_ACID,sample_home,0.45,12.6,1.61,1.44,18.05,30.2,10,30.2,True,1
2026-08-22T16:22:00+00:00,LEAD_ACID,sample_home,0.01,12.6,2.28,1.6,18.04,30.6,10,30.6,True,1
2026-08-22T16:22:16+00:00,LEAD_ACID,sample_home,0.63,12.6,1.65,1.59,18.04,30.8,10,30.8,True,1
2026-08-22T16:22:33+00:00,LEAD_ACID,sample_home,0.15,12.6,2.28,1.7,18.04,31.8,10,31.8,True,1
2026-08-22T16:22:50+00:00,LEAD_ACID,sample_home,0.45,12.6,2.21,1.86,18.04,31.5,10,31.5,True,1
2026-08-22T16:23:10+00:00,LEAD_ACID,sample_home,0.45,12.6,2.14,1.81,18.03,31.3,10,31.3,True,1
2026-08-22T16:23:30+00:00,LEAD_ACID,sample_home,0.1,12.6,2.32,1.69,18.03,30.5,10,30.5,True,1
2026-08-22T16:23:46+00:00,LEAD_ACID,sample_home,0.5,12.6,1.72,1.55,18.03,31.4,10,31.4,True,1
2026-08-22T16:25:09+00:00,LEAD_ACID,sample_home,0.47,12.6,1.97,1.71,18.01,31.6,10,31.6,True,1
2026-08-22T16:25:25+00:00,LEAD_ACID,sample_home,0.08,12.6,1.99,1.45,18.01,31.5,10,31.5,True,1
2026-08-22T16:25:45+00:00,LEAD_ACID,sample_home,0.22,12.6,2.05,1.59,18.01,30.4,10,30.4,True,1
2026-08-22T16:26:01+00:00,LEAD_ACID,sample_home,0.3,12.6,1.96,1.58,18.0,31.3,10,31.3,True,1
2026-08-22T16:26:25+00:00,LEAD_ACID,sample_home,-0.37,12.6,2.31,1.36,18.0,29.8,10,29.8,True,1
2026-08-22T16:27:35+00:00,LEAD_ACID,sample_home,0.03,12.6,2.21,1.57,17.99,29.9,10,29.9,True,1
2026-08-22T16:28:00+00:00,LEAD_ACID,sample_home,0.32,12.6,2.11,1.7,17.98,30.0,10,30.0,True,1
2026-08-22T16:28:22+00:00,LEAD_ACID,sample_home,0.18,12.6,2.26,1.71,17.98,30.5,10,30.5,True,1
2026-08-22T16:28:37+00:00,LEAD_ACID,sample_home,-0.06,12.6,2.07,1.41,17.98,30.6,10,30.6,True,1
2026-08-22T16:28:54+00:00,LEAD_ACID,sample_home,0.65,12.6,1.8,1.72,17.98,30.2,10,30.2,True,1
2026-08-22T16:29:12+00:00,LEAD_ACID,sample_home,0.49,12.6,1.92,1.69,17.97,30.9,10,30.9,True,1
2026-08-22T16:29:33+00:00,LEAD_ACID,sample_home,0.06,12.6,2.39,1.72,17.97,30.8,10,30.8,True,1
2026-08-22T16:29:56+00:00,LEAD_ACID,sample_home,-0.17,12.6,2.05,1.32,17.97,30.8,10,30.8,True,1
2026-08-22T16:30:16+00:00,LEAD_ACID,sample_home,-0.12,12.6,1.93,1.27,17.96,30.7,10,30.7,True,1
2026-08-22T16:30:35+00:00,LEAD_ACID,sample_home,0.16,12.6,1.76,1.35,17.96,31.4,10,31.4,True,1
2026-08-22T16:30:54+00:00,LEAD_ACID,sample_home,-0.24,12.6,2.21,1.38,17.96,30.3,10,30.3,True,1
2026-08-22T16:31:18+00:00,LEAD_ACID,sample_home,-0.56,12.6,2.33,1.24,17.95,30.2,10,30.2,True,1
2026-08-22T16:31:44+00:00,LEAD_ACID,sample_home,-0.47,12.6,2.34,1.31,17.95,31.0,10,31.0,True,1
2026-08-22T16:32:03+00:00,LEAD_ACID,sample_home,0.04,12.6,1.68,1.21,17.94,30.4,10,30.4,True,1
2026-08-22T16:32:24+00:00,LEAD_ACID,sample_home,0.28,12.6,1.84,1.49,17.94,30.8,10,30.8,True,1
2026-08-22T16:32:49+00:00,LEAD_ACID,sample_home,0.44,12.6,1.61,1.44,17.94,30.7,10,30.7,True,1
2026-08-22T16:33:11+00:00,LEAD_ACID,sample_home,0.32,12.6,1.87,1.54,17.93,31.3,10,31.3,True,1
2026-08-22T16:33:29+00:00,LEAD_ACID,sample_home,0.4,12.6,1.68,1.46,17.93,30.7,10,30.7,True,1
2026-08-22T16:35:09+00:00,LEAD_ACID,sample_home,0.13,12.6,2.06,1.54,17.91,29.7,10,29.7,True,1
2026-08-22T16:35:30+00:00,LEAD_ACID,sample_home,-0.04,12.6,2.07,1.43,17.91,29.8,10,29.8,True,1
2026-08-22T16:35:48+00:00,LEAD_ACID,sample_home,0.32,12.6,1.83,1.51,17.91,29.6,10,29.6,True,1
2026-08-22T16:36:08+00:00,LEAD_ACID,sample_home,0.01,12.6,2.19,1.55,17.9,30.2,10,30.2,True,1
2026-08-22T16:36:27+00:00,LEAD_ACID,sample_home,0.14,12.6,2.15,1.61,17.9,29.5,10,29.5,True,1
2026-08-22T16:36:51+00:00,LEAD_ACID,sample_home,-0.59,12.6,2.25,1.17,17.9,29.8,10,29.8,True,1
2026-08-22T16:37:15+00:00,LEAD_ACID,sample_home,0.43,12.6,1.66,1.47,17.89,30.5,10,30.5,True,1
2026-08-22T16:37:32+00:00,LEAD_ACID,sample_home,0.3,12.6,1.67,1.39,17.89,30.3,10,30.3,True,1
2026-08-22T16:37:54+00:00,LEAD_ACID,sample_home,-0.6,12.6,2.4,1.27,17.89,30.8,10,30.8,True,1
2026-08-22T16:38:14+00:00,LEAD_ACID,sample_home,-0.55,12.6,2.28,1.22,17.88,30.8,10,30.8,True,1
2026-08-22T16:38:30+00:00,LEAD_ACID,sample_home,-0.16,12.6,1.81,1.16,17.88,29.4,10,29.4,True,1
2026-08-22T16:40:05+00:00,LEAD_ACID,sample_home,-0.59,12.6,2.16,1.11,17.86,30.3,10,30.3,True,1
2026-08-22T16:40:29+00:00,LEAD_ACID,sample_home,0.11,12.6,1.79,1.34,17.86,30.1,10,30.1,True,1
2026-08-22T16:40:49+00:00,LEAD_ACID,sample_home,-0.5,12.6,2.2,1.2,17.86,29.6,10,29.6,True,1
2026-08-22T16:41:12+00:00,LEAD_ACID,sample_home,0.1,12.6,1.63,1.22,17.84,30.5,10,30.5,True,1
2026-08-22T16:41:35+00:00,LEAD_ACID,sample_home,-0.12,12.6,1.82,1.2,17.84,29.7,10,29.7,True,1
2026-08-22T16:41:59+00:00,LEAD_ACID,sample_home,0.04,12.6,1.86,1.34,17.84,30.1,10,30.1,True,1
2026-08-22T16:42:20+00:00,LEAD_ACID,sample_home,0.14,12.6,1.88,1.43,17.83,29.9,10,29.9,True,1
2026-08-22T16:42:41+00:00,LEAD_ACID,sample_home,-0.22,12.6,1.76,1.09,17.83,29.6,10,29.6,True,1
2026-08-22T16:43:01+00:00,LEAD_ACID,sample_home,-0.3,12.6,2.34,1.44,17.82,29.6,10,29.6,True,1
2026-08-22T16:43:19+00:00,LEAD_ACID,sample_home,0.2,12.6,1.62,1.29,17.82,30.2,10,30.2,True,1
2026-08-22T16:43:39+00:00,LEAD_ACID,sample_home,0.13,12.6,1.78,1.35,17.82,29.2,10,29.2,True,1
2026-08-22T16:45:16+00:00,LEAD_ACID,sample_home,-0.57,12.6,2.34,1.25,17.8,29.8,10,29.8,True,1
2026-08-23T18:00:00+00:00,LEAD_ACID,solar_ems_001,1.8,12.6,3.2,2.1,18.4,31.5,300,31.5,True,0
2026-08-24T17:05:43+00:00,LEAD_ACID,solar_ems_001,-0.0,0.0,0.0,0.0,0.0,31.5,5,-127.0,False,0
2026-08-25T15:11:58+00:00,LEAD_ACID,solar_ems_001,3.534,14.24,0.600459,-0.02,24.09375,34.6875,5,34.6875,True,0
2026-08-25T15:12:03+00:00,LEAD_ACID,solar_ems_001,3.236,14.2275,0.308555,-0.006,24.10625,34.6875,5,-127.0,False,0
2026-08-25T15:12:08+00:00,LEAD_ACID,solar_ems_001,3.502,14.225,0.324724,-0.018,24.095,34.6875,5,-127.0,False,0
2026-08-25T15:15:12+00:00,LEAD_ACID,solar_ems_001,-0.06,14.12125,0.420376,-0.01,23.97,34.6875,5,-127.0,False,0
2026-08-25T15:15:17+00:00,LEAD_ACID,solar_ems_001,-0.82,14.1225,0.317742,-0.008,23.95375,35.25,5,35.25,True,0
2026-08-25T15:15:22+00:00,LEAD_ACID,solar_ems_001,-0.014,14.1225,0.307801,-0.012,23.96375,35.1875,5,35.1875,True,0
2026-08-25T15:15:27+00:00,LEAD_ACID,solar_ems_001,1.056,14.11875,0.351332,-0.008,23.96,35.125,5,35.125,True,0
2026-08-25T15:15:32+00:00,LEAD_ACID,solar_ems_001,0.104,14.11875,0.400059,-0.006,23.9525,35.0,5,35.0,True,0
2026-08-25T15:15:37+00:00,LEAD_ACID,solar_ems_001,-0.712,14.115,0.302758,-0.016,23.945,34.9375,5,34.9375,True,0
2026-08-25T15:15:42+00:00,LEAD_ACID,solar_ems_001,0.178,14.11375,0.306689,-0.014,23.9625,34.6875,5,34.6875,True,0
2026-08-25T15:15:47+00:00,LEAD_ACID,solar_ems_001,-0.664,14.1125,0.308883,-0.01,23.96625,34.5,5,34.5,True,0
2026-08-25T15:15:52+00:00,LEAD_ACID,solar_ems_001,0.272,14.11,0.331502,-0.016,23.96625,34.4375,5,34.4375,True,0
2026-08-25T15:15:57+00:00,LEAD_ACID,solar_ems_001,-0.614,14.1075,0.362588,-0.01,23.96875,34.4375,5,34.4375,True,0
2026-08-25T15:16:02+00:00,LEAD_ACID,solar_ems_001,0.372,14.1075,0.465147,-0.014,23.9525,34.4375,5,34.4375,True,0
2026-08-25T15:16:07+00:00,LEAD_ACID,solar_ems_001,-0.552,14.10375,0.372077,-0.004,23.9475,34.5,5,34.5,True,0
2026-08-25T15:16:12+00:00,LEAD_ACID,solar_ems_001,0.472,14.1025,0.395229,-0.002,23.93125,34.5,5,34.5,True,0
2026-08-25T15:16:17+00:00,LEAD_ACID,solar_ems_001,-0.492,14.0975,0.33186,-0.004,23.9325,34.5,5,34.5,True,0
2026-08-25T15:17:54+00:00,LEAD_ACID,solar_ems_001,0.55,14.0675,0.371696,-0.012,23.49625,34.5,300,-127.0,False,0
2026-08-25T15:18:16+00:00,LEAD_ACID,solar_ems_001,-0.522,14.06625,0.359758,-0.016,23.41625,34.5,300,-127.0,False,0
2026-08-25T15:22:44+00:00,LEAD_ACID,solar_ems_001,-0.96,13.99625,0.543956,-0.008,23.05625,34.5,300,-127.0,False,0
2026-08-25T15:54:18+00:00,LEAD_ACID,solar_ems_001,-0.0,1.43875,0.627165,0.028,0.0,34.5,300,-127.0,False,0
2026-08-25T15:54:40+00:00,LEAD_ACID,solar_ems_001,-0.004,1.57125,0.639759,0.036,0.0,34.5,300,-127.0,False,0
2026-08-25T15:56:37+00:00,LEAD_ACID,solar_ems_001,-0.004,0.85625,0.673821,-0.026,0.00125,34.5,300,-127.0,False,0
2026-08-25T16:00:42+00:00,LEAD_ACID,solar_ems_001,-0.0,0.0,5.666451,0.0,0.0,34.5,300,-127.0,False,0
2026-08-25T16:02:03+00:00,LEAD_ACID,solar_ems_001,-0.0,0.0,0.0,0.0,0.0,34.5,5,-127.0,False,0
2026-08-25T16:02:08+00:00,LEAD_ACID,solar_ems_001,-0.0,0.0,0.0,0.0,0.0,34.5,5,-127.0,False,0
2026-08-25T16:02:13+00:00,LEAD_ACID,solar_ems_001,-0.0,0.0,0.0,0.0,0.0,34.5,5,-127.0,False,0
2026-08-25T16:02:18+00:00,LEAD_ACID,solar_ems_001,-0.0,0.0,0.0,0.0,0.0,34.5,5,-127.0,False,0
2026-08-25T16:02:23+00:00,LEAD_ACID,solar_ems_001,-0.0,0.0,0.0,0.0,0.0,34.5,5,-127.0,False,0
2026-08-25T16:02:28+00:00,LEAD_ACID,solar_ems_001,-0.0,0.0,0.0,0.0,0.0,34.5,5,-127.0,False,0
2026-08-25T16:02:33+00:00,LEAD_ACID,solar_ems_001,-0.0,0.0,0.0,0.0,0.0,34.5,5,-127.0,False,0
2026-08-25T16:02:38+00:00,LEAD_ACID,solar_ems_001,-0.0,0.0,0.0,0.0,0.0,34.5,5,-127.0,False,0
2026-08-25T16:02:43+00:00,LEAD_ACID,solar_ems_001,-0.0,0.0,0.0,0.0,0.0,34.5,5,-127.0,False,0
2026-08-25T16:02:48+00:00,LEAD_ACID,solar_ems_001,-0.0,0.0,0.0,0.0,0.0,34.5,5,-127.0,False,0
2026-08-25T16:02:53+00:00,LEAD_ACID,solar_ems_001,-0.0,0.0,0.0,0.0,0.0,34.5,5,-127.0,False,0
2026-08-25T16:02:58+00:00,LEAD_ACID,solar_ems_001,-0.0,0.0,0.0,0.0,0.0,34.5,5,-127.0,False,0
2026-08-25T16:03:03+00:00,LEAD_ACID,solar_ems_001,-0.0,0.0,0.0,0.0,0.0,34.5,5,-127.0,False,0
2026-08-25T16:03:08+00:00,LEAD_ACID,solar_ems_001,-0.0,0.0,0.0,0.0,0.0,34.5,5,-127.0,False,0
2026-08-25T16:03:13+00:00,LEAD_ACID,solar_ems_001,-0.0,0.0,0.0,0.0,0.0,34.5,5,-127.0,False,0
2026-08-25T16:03:18+00:00,LEAD_ACID,solar_ems_001,-0.0,0.0,0.0,0.0,0.0,34.5,5,-127.0,False,0
2026-08-25T16:03:23+00:00,LEAD_ACID,solar_ems_001,-0.0,0.0,0.0,0.0,0.0,34.5,5,-127.0,False,0
2026-08-25T16:05:03+00:00,LEAD_ACID,solar_ems_001,-0.0,0.0,0.0,0.0,0.0,34.5,5,-127.0,False,0
2026-08-25T16:05:08+00:00,LEAD_ACID,solar_ems_001,-0.0,0.0,0.0,0.0,0.0,34.5,5,-127.0,False,0
2026-08-25T16:05:13+00:00,LEAD_ACID,solar_ems_001,-0.0,0.0,0.0,0.0,0.0,34.5,5,-127.0,False,0
2026-08-25T16:05:18+00:00,LEAD_ACID,solar_ems_001,-0.0,0.0,0.0,0.0,0.0,34.5,5,-127.0,False,0
2026-08-25T16:05:23+00:00,LEAD_ACID,solar_ems_001,-0.0,0.0,0.0,0.0,0.0,34.5,5,-127.0,False,0
2026-08-25T16:05:28+00:00,LEAD_ACID,solar_ems_001,-0.0,0.0,0.0,0.0,0.0,34.5,5,-127.0,False,0
2026-08-25T16:05:33+00:00,LEAD_ACID,solar_ems_001,-0.0,0.0,0.0,0.0,0.0,34.5,5,-127.0,False,0
2026-08-25T16:05:38+00:00,LEAD_ACID,solar_ems_001,-0.0,0.0,0.0,0.0,0.0,34.5,5,-127.0,False,0
2026-08-25T16:05:43+00:00,LEAD_ACID,solar_ems_001,-0.0,0.0,0.0,0.0,0.0,34.5,5,-127.0,False,0
2026-08-25T16:05:48+00:00,LEAD_ACID,solar_ems_001,-0.0,0.0,0.0,0.0,0.0,34.5,5,-127.0,False,0
2026-08-25T16:05:53+00:00,LEAD_ACID,solar_ems_001,-0.0,0.0,0.0,0.0,0.0,34.5,5,-127.0,False,0
2026-08-25T16:05:58+00:00,LEAD_ACID,solar_ems_001,-0.0,0.0,0.0,0.0,0.0,34.5,5,-127.0,False,0
2026-08-25T16:06:03+00:00,LEAD_ACID,solar_ems_001,-0.0,0.0,0.0,0.0,0.0,34.5,5,-127.0,False,0
2026-08-25T16:06:08+00:00,LEAD_ACID,solar_ems_001,-0.0,0.0,0.0,0.0,0.0,34.5,5,-127.0,False,0
2026-08-25T16:06:13+00:00,LEAD_ACID,solar_ems_001,-0.0,0.0,0.0,0.0,0.0,34.5,5,-127.0,False,0
2026-08-25T16:06:18+00:00,LEAD_ACID,solar_ems_001,-0.0,0.0,0.0,0.0,0.0,34.5,5,-127.0,False,0
2026-08-25T16:06:23+00:00,LEAD_ACID,solar_ems_001,-0.0,0.0,0.0,0.0,0.0,34.5,5,-127.0,False,0
2026-08-25T16:06:28+00:00,LEAD_ACID,solar_ems_001,-0.0,0.0,0.0,0.0,0.0,34.5,5,-127.0,False,0
2026-08-25T16:10:03+00:00,LEAD_ACID,solar_ems_001,-0.0,0.0,0.0,0.0,0.0,34.5,5,-127.0,False,0
2026-08-25T16:10:08+00:00,LEAD_ACID,solar_ems_001,-0.0,0.0,0.0,0.0,0.0,34.5,5,-127.0,False,0
2026-08-25T16:10:13+00:00,LEAD_ACID,solar_ems_001,-0.0,0.0,0.0,0.0,0.0,34.5,5,-127.0,False,0
2026-08-25T16:10:18+00:00,LEAD_ACID,solar_ems_001,-0.0,0.0,0.0,0.0,0.0,34.5,5,-127.0,False,0
2026-08-25T16:10:23+00:00,LEAD_ACID,solar_ems_001,-0.0,0.0,0.0,0.0,0.0,34.5,5,-127.0,False,0
2026-08-25T16:10:28+00:00,LEAD_ACID,solar_ems_001,-0.0,0.0,0.0,0.0,0.0,34.5,5,-127.0,False,0
2026-08-25T16:10:33+00:00,LEAD_ACID,solar_ems_001,-0.0,0.0,0.0,0.0,0.0,34.5,5,-127.0,False,0
2026-08-25T16:10:38+00:00,LEAD_ACID,solar_ems_001,-0.0,0.0,0.0,0.0,0.0,34.5,5,-127.0,False,0
2026-08-25T16:10:43+00:00,LEAD_ACID,solar_ems_001,-0.0,0.0,0.0,0.0,0.0,34.5,5,-127.0,False,0
2026-08-25T16:10:48+00:00,LEAD_ACID,solar_ems_001,-0.0,0.0,0.0,0.0,0.0,34.5,5,-127.0,False,0
2026-08-25T16:10:53+00:00,LEAD_ACID,solar_ems_001,-0.0,0.0,0.0,0.0,0.0,34.5,5,-127.0,False,0
2026-08-25T16:10:58+00:00,LEAD_ACID,solar_ems_001,-0.0,0.0,0.0,0.0,0.0,34.5,5,-127.0,False,0
2026-08-25T16:11:03+00:00,LEAD_ACID,solar_ems_001,-0.0,0.0,0.0,0.0,0.0,34.5,5,-127.0,False,0
2026-08-25T16:11:08+00:00,LEAD_ACID,solar_ems_001,-0.0,0.0,0.0,0.0,0.0,34.5,5,-127.0,False,0
2026-08-25T16:11:13+00:00,LEAD_ACID,solar_ems_001,-0.0,0.0,0.0,0.0,0.0,34.5,5,-127.0,False,0
2026-08-25T16:11:18+00:00,LEAD_ACID,solar_ems_001,-0.0,0.0,0.0,0.0,0.0,34.5,5,-127.0,False,0
2026-08-25T16:11:23+00:00,LEAD_ACID,solar_ems_001,-0.0,0.0,0.0,0.0,0.0,34.5,5,-127.0,False,0
2026-08-25T16:11:28+00:00,LEAD_ACID,solar_ems_001,-0.0,0.0,0.0,0.0,0.0,34.5,5,-127.0,False,0
2026-08-25T16:41:10+00:00,LEAD_ACID,solar_ems_001,-0.58,13.67625,0.408368,-0.016,23.47375,34.5,300,-127.0,False,0
2026-08-25T16:46:10+00:00,LEAD_ACID,solar_ems_001,-0.2,13.6425,0.45896,-0.036,23.17375,34.5,300,-127.0,False,0
2026-08-25T16:51:10+00:00,LEAD_ACID,solar_ems_001,1.118,13.6175,0.385615,-0.024,22.80625,34.5,300,-127.0,False,0
2026-08-25T16:56:10+00:00,LEAD_ACID,solar_ems_001,3.374,13.59,0.453123,-0.006,22.6925,34.5,300,-127.0,False,0
2026-08-25T17:01:10+00:00,LEAD_ACID,solar_ems_001,3.022,13.57375,0.450703,-0.006,22.725,34.5,300,-127.0,False,0
2026-08-25T17:06:10+00:00,LEAD_ACID,solar_ems_001,-0.544,13.56,0.485025,-0.006,22.6425,34.5,300,-127.0,False,0
2026-08-25T17:11:10+00:00,LEAD_ACID,solar_ems_001,-0.42,13.53625,0.404924,-0.016,22.68125,26.9375,300,26.9375,True,0
2026-08-25T17:16:10+00:00,LEAD_ACID,solar_ems_001,1.182,13.5225,0.445172,-0.018,22.91,26.9375,300,-127.0,False,0
2026-08-25T17:21:10+00:00,LEAD_ACID,solar_ems_001,3.232,13.50125,0.527556,-0.03,23.05375,26.9375,300,-127.0,False,0
2026-08-25T17:26:10+00:00,LEAD_ACID,solar_ems_001,2.848,13.48625,0.528167,0.294,22.14625,26.9375,300,-127.0,False,0
2026-08-25T17:31:10+00:00,LEAD_ACID,solar_ems_001,1.274,13.48,0.487785,0.552,18.9475,26.9375,300,-127.0,False,0
2026-08-25T17:36:10+00:00,LEAD_ACID,solar_ems_001,-0.256,13.475,0.577156,0.074,21.44,26.9375,300,-127.0,False,0
2026-08-25T17:41:10+00:00,LEAD_ACID,solar_ems_001,0.236,13.4625,0.499436,0.046,21.12375,26.9375,300,-127.0,False,0
2026-08-25T17:46:10+00:00,LEAD_ACID,solar_ems_001,0.796,13.4425,0.59911,-0.004,20.17625,26.9375,300,-127.0,False,0
2026-08-25T17:51:10+00:00,LEAD_ACID,solar_ems_001,3.51,13.4275,0.459184,0.026,17.6325,26.9375,300,-127.0,False,0
2026-08-25T17:56:10+00:00,LEAD_ACID,solar_ems_001,3.548,13.415,0.532042,0.0,16.5075,26.9375,300,-127.0,False,0
2026-08-25T18:01:10+00:00,LEAD_ACID,solar_ems_001,0.16,13.415,0.525028,-0.012,13.98,26.9375,300,-127.0,False,0
2026-08-25T18:06:10+00:00,LEAD_ACID,solar_ems_001,-1.008,13.40625,0.457227,-0.016,9.51375,26.9375,300,-127.0,False,0
2026-08-25T18:11:10+00:00,LEAD_ACID,solar_ems_001,-1.056,13.39375,0.379104,-0.01,5.18125,26.9375,300,-127.0,False,0
2026-08-25T18:16:10+00:00,LEAD_ACID,solar_ems_001,2.95,13.38,0.477047,-0.014,2.02,26.9375,300,-127.0,False,0
2026-08-25T18:21:10+00:00,LEAD_ACID,solar_ems_001,2.558,13.3775,0.489762,-0.026,0.855,26.9375,300,-127.0,False,0
2026-08-25T18:26:10+00:00,LEAD_ACID,solar_ems_001,3.166,13.37375,0.378161,-0.026,0.58875,26.9375,300,-127.0,False,0
2026-08-25T18:31:10+00:00,LEAD_ACID,solar_ems_001,0.98,13.3675,0.550194,-0.032,0.535,26.9375,300,-127.0,False,0
2026-08-25T18:36:10+00:00,LEAD_ACID,solar_ems_001,-1.096,13.36625,0.454523,-0.012,0.5675,26.9375,300,-127.0,False,0
2026-08-25T18:41:10+00:00,LEAD_ACID,solar_ems_001,1.246,13.35125,0.52188,-0.02,0.50625,26.9375,300,-127.0,False,0
2026-08-25T18:46:10+00:00,LEAD_ACID,solar_ems_001,3.006,13.34375,0.392942,0.0,0.565,26.9375,300,-127.0,False,0
2026-08-25T18:51:10+00:00,LEAD_ACID,solar_ems_001,3.286,13.33625,0.431385,-0.016,0.495,26.9375,300,-127.0,False,0
2026-08-25T18:56:10+00:00,LEAD_ACID,solar_ems_001,2.968,13.33875,0.470503,-0.01,0.53875,26.9375,300,-127.0,False,0
2026-08-25T19:01:10+00:00,LEAD_ACID,solar_ems_001,-1.198,13.33625,0.718035,-0.016,0.39625,26.9375,300,-127.0,False,0
2026-08-25T19:06:10+00:00,LEAD_ACID,solar_ems_001,-1.082,13.33125,0.471678,-0.018,0.50125,26.9375,300,-127.0,False,0
2026-08-25T19:11:10+00:00,LEAD_ACID,solar_ems_001,1.36,13.32,0.512777,-0.016,0.31125,26.9375,300,-127.0,False,0
2026-08-25T19:16:10+00:00,LEAD_ACID,solar_ems_001,2.436,13.315,0.410686,0.002,0.4875,26.9375,300,-127.0,False,0
2026-08-25T19:21:10+00:00,LEAD_ACID,solar_ems_001,2.802,13.30625,0.452031,-0.07,0.51,24.8125,300,24.8125,True,0
2026-08-25T19:26:10+00:00,LEAD_ACID,solar_ems_001,1.702,13.31625,0.561651,-0.086,0.59125,24.8125,300,-127.0,False,0
2026-08-25T19:31:10+00:00,LEAD_ACID,solar_ems_001,-1.138,13.3175,0.396452,-0.04,0.60125,24.8125,300,-127.0,False,0
2026-08-25T19:36:10+00:00,LEAD_ACID,solar_ems_001,-0.962,13.32125,0.558071,0.016,0.5925,24.8125,300,-127.0,False,0
2026-08-25T19:41:10+00:00,LEAD_ACID,solar_ems_001,1.372,13.3075,0.532566,-0.01,0.61625,24.8125,300,-127.0,False,0
2026-08-25T19:46:10+00:00,LEAD_ACID,solar_ems_001,3.278,13.30375,0.59049,-0.004,0.635,24.8125,300,-127.0,False,0
2026-08-25T19:51:10+00:00,LEAD_ACID,solar_ems_001,0.818,13.3025,0.494741,-0.004,0.585,24.8125,300,-127.0,False,0
2026-08-25T19:56:10+00:00,LEAD_ACID,solar_ems_001,-1.208,13.30875,0.509465,-0.01,0.60625,24.8125,300,-127.0,False,0
2026-08-25T20:01:10+00:00,LEAD_ACID,solar_ems_001,-0.056,13.31125,0.532535,-0.014,0.4825,24.1875,300,24.1875,True,0
2026-08-25T20:06:10+00:00,LEAD_ACID,solar_ems_001,-0.49,13.30375,0.463343,-0.014,0.48875,24.1875,300,-127.0,False,0
2026-08-25T20:11:10+00:00,LEAD_ACID,solar_ems_001,3.24,13.295,0.405355,0.006,0.4975,24.1875,300,-127.0,False,0
2026-08-25T20:16:10+00:00,LEAD_ACID,solar_ems_001,2.96,13.29,0.581154,-0.004,0.53375,24.1875,300,-127.0,False,0
2026-08-25T20:21:10+00:00,LEAD_ACID,solar_ems_001,1.104,13.305,0.479871,-0.044,0.62875,24.1875,300,-127.0,False,0
2026-08-25T20:26:10+00:00,LEAD_ACID,solar_ems_001,-0.844,13.305,0.47137,-0.032,0.6475,23.9375,300,23.9375,True,0
2026-08-25T20:31:10+00:00,LEAD_ACID,solar_ems_001,-1.154,13.30625,0.612158,0.004,0.66,23.9375,300,-127.0,False,0
2026-08-25T20:36:10+00:00,LEAD_ACID,solar_ems_001,1.798,13.3,0.471159,-0.014,0.6625,23.9375,300,-127.0,False,0
2026-08-25T20:41:10+00:00,LEAD_ACID,solar_ems_001,2.968,13.29375,0.551626,-0.012,0.7025,23.9375,300,-127.0,False,0
2026-08-25T20:46:10+00:00,LEAD_ACID,solar_ems_001,1.424,13.29375,0.552411,-0.012,0.64375,23.9375,300,-127.0,False,0
2026-08-25T20:51:10+00:00,LEAD_ACID,solar_ems_001,-0.284,13.3025,0.42193,-0.012,0.63625,23.9375,300,-127.0,False,0
2026-08-25T20:56:10+00:00,LEAD_ACID,solar_ems_001,-1.118,13.30125,0.510737,-0.018,0.58625,23.9375,300,23.9375,True,0
2026-08-25T21:01:10+00:00,LEAD_ACID,solar_ems_001,0.686,13.3,0.674284,-0.012,0.4775,23.9375,300,-127.0,False,0
2026-08-25T21:06:10+00:00,LEAD_ACID,solar_ems_001,1.528,13.29,0.435408,-0.012,0.475,23.9375,300,-127.0,False,0
2026-08-25T21:11:10+00:00,LEAD_ACID,solar_ems_001,2.658,13.285,0.422964,-0.044,0.6175,23.9375,300,-127.0,False,0
2026-08-25T21:16:10+00:00,LEAD_ACID,solar_ems_001,2.518,13.29125,0.473773,-0.052,0.6325,23.9375,300,-127.0,False,0
2026-08-25T21:21:10+00:00,LEAD_ACID,solar_ems_001,-1.196,13.29875,0.702023,-0.026,0.65875,23.9375,300,-127.0,False,0
2026-08-25T21:26:10+00:00,LEAD_ACID,solar_ems_001,-1.118,13.29375,0.709496,-0.07,0.62625,23.9375,300,-127.0,False,0
2026-08-25T21:31:10+00:00,LEAD_ACID,solar_ems_001,1.006,13.30125,0.439087,-0.036,0.63,23.9375,300,-127.0,False,0
2026-08-25T21:36:10+00:00,LEAD_ACID,solar_ems_001,1.156,13.29125,0.461073,-0.026,0.6575,23.9375,300,-127.0,False,0
2026-08-25T21:41:10+00:00,LEAD_ACID,solar_ems_001,3.318,13.29,0.411053,-0.012,0.68625,23.9375,300,-127.0,False,0
2026-08-25T21:46:10+00:00,LEAD_ACID,solar_ems_001,1.822,13.3,0.421139,-0.012,0.63625,23.9375,300,-127.0,False,0
2026-08-25T21:51:10+00:00,LEAD_ACID,solar_ems_001,-1.174,13.3,0.730057,-0.012,0.6725,23.9375,300,-127.0,False,0
2026-08-25T21:56:10+00:00,LEAD_ACID,solar_ems_001,-0.14,13.28875,0.46927,-0.014,0.54875,23.9375,300,-127.0,False,0
2026-08-25T22:01:10+00:00,LEAD_ACID,solar_ems_001,1.408,13.275,0.441808,-0.014,0.47875,23.9375,300,-127.0,False,0
2026-08-25T22:06:10+00:00,LEAD_ACID,solar_ems_001,3.216,13.2775,0.444174,-0.014,0.46625,23.9375,300,-127.0,False,0
2026-08-25T22:11:10+00:00,LEAD_ACID,solar_ems_001,3.036,13.28875,0.456658,0.016,0.57,23.9375,300,-127.0,False,0
2026-08-25T22:16:10+00:00,LEAD_ACID,solar_ems_001,1.13,13.29,0.527802,0.026,0.6175,23.9375,300,-127.0,False,0
2026-08-25T22:21:10+00:00,LEAD_ACID,solar_ems_001,-0.97,13.2975,0.3728,-0.012,0.5625,23.9375,300,-127.0,False,0
2026-08-25T22:26:09+00:00,LEAD_ACID,solar_ems_001,0.836,13.29375,0.519306,-0.028,0.61125,23.9375,300,-127.0,False,0
2026-08-25T22:31:09+00:00,LEAD_ACID,solar_ems_001,2.51,13.2875,0.546471,0.01,0.59,23.9375,300,-127.0,False,0
2026-08-25T22:36:09+00:00,LEAD_ACID,solar_ems_001,3.294,13.2875,0.530107,-0.006,0.58125,23.9375,300,-127.0,False,0
2026-08-25T22:41:09+00:00,LEAD_ACID,solar_ems_001,2.99,13.2925,0.442183,-0.002,0.59625,23.9375,300,-127.0,False,0
2026-08-25T22:46:09+00:00,LEAD_ACID,solar_ems_001,1.686,13.295,0.594615,-0.006,0.58875,23.9375,300,-127.0,False,0
2026-08-25T22:51:09+00:00,LEAD_ACID,solar_ems_001,-0.736,13.2925,0.459022,-0.012,0.46125,23.5,300,23.5,True,0
2026-08-25T22:56:09+00:00,LEAD_ACID,solar_ems_001,-0.076,13.2925,0.541711,-0.022,0.53,23.5,300,-127.0,False,0
2026-08-25T23:01:09+00:00,LEAD_ACID,solar_ems_001,3.138,13.28625,0.360844,-0.01,0.49375,23.5,300,-127.0,False,0
2026-08-25T23:06:09+00:00,LEAD_ACID,solar_ems_001,3.318,13.285,0.367861,0.0,0.53875,23.5,300,-127.0,False,0
2026-08-25T23:11:09+00:00,LEAD_ACID,solar_ems_001,-0.12,13.28375,0.343249,0.012,0.63125,23.5,300,-127.0,False,0
2026-08-25T23:16:09+00:00,LEAD_ACID,solar_ems_001,-0.766,13.295,0.483869,0.006,0.5975,23.5,300,-127.0,False,0
2026-08-25T23:21:09+00:00,LEAD_ACID,solar_ems_001,-0.1,13.30125,0.485284,0.024,0.5775,23.5,300,-127.0,False,0
2026-08-25T23:26:09+00:00,LEAD_ACID,solar_ems_001,0.396,13.285,0.39047,0.004,0.605,23.5,300,-127.0,False,0
2026-08-25T23:31:09+00:00,LEAD_ACID,solar_ems_001,2.896,13.28625,0.415191,0.01,0.58875,23.5,300,-127.0,False,0
2026-08-25T23:36:09+00:00,LEAD_ACID,solar_ems_001,3.13,13.2875,0.40534,0.004,0.59375,23.5,300,-127.0,False,0
2026-08-25T23:41:09+00:00,LEAD_ACID,solar_ems_001,1.772,13.295,0.337681,0.006,0.57875,23.25,300,23.25,True,0
2026-08-25T23:46:09+00:00,LEAD_ACID,solar_ems_001,-1.082,13.29375,0.729804,0.002,0.48,23.25,300,-127.0,False,0
2026-08-25T23:51:09+00:00,LEAD_ACID,solar_ems_001,-0.952,13.29375,0.699127,0.002,0.425,23.25,300,-127.0,False,0
2026-08-25T23:56:09+00:00,LEAD_ACID,solar_ems_001,0.974,13.29,0.518754,-0.01,0.48375,23.25,300,-127.0,False,0
2026-08-26T00:01:09+00:00,LEAD_ACID,solar_ems_001,3.236,13.27875,0.430894,-0.01,0.50375,23.1875,300,23.1875,True,0
2026-08-26T00:06:09+00:00,LEAD_ACID,solar_ems_001,2.71,13.29,0.628076,-0.006,0.57125,23.1875,300,-127.0,False,0
2026-08-26T00:11:09+00:00,LEAD_ACID,solar_ems_001,-0.376,13.3,0.347264,-0.036,0.5475,23.1875,300,-127.0,False,0
2026-08-26T00:16:09+00:00,LEAD_ACID,solar_ems_001,-1.184,13.295,0.687568,-0.014,0.54375,23.1875,300,-127.0,False,0
2026-08-26T00:21:09+00:00,LEAD_ACID,solar_ems_001,-0.336,13.29,0.46044,-0.002,0.59,23.1875,300,-127.0,False,0
2026-08-26T00:26:09+00:00,LEAD_ACID,solar_ems_001,3.202,13.2875,0.340329,0.002,0.58625,23.1875,300,-127.0,False,0
2026-08-26T00:31:09+00:00,LEAD_ACID,solar_ems_001,3.26,13.28625,0.563794,-0.006,0.565,23.1875,300,-127.0,False,0
2026-08-26T00:36:09+00:00,LEAD_ACID,solar_ems_001,2.798,13.29,0.455285,0.014,0.53875,23.1875,300,-127.0,False,0
2026-08-26T00:41:09+00:00,LEAD_ACID,solar_ems_001,-1.18,13.2925,0.373871,-0.002,0.49625,23.1875,300,-127.0,False,0
2026-08-26T00:46:09+00:00,LEAD_ACID,solar_ems_001,-1.072,13.2925,0.419587,-0.006,0.38125,23.1875,300,-127.0,False,0
2026-08-26T00:51:09+00:00,LEAD_ACID,solar_ems_001,1.662,13.28375,0.309761,0.002,0.3875,23.1875,300,-127.0,False,0
2026-08-26T00:56:09+00:00,LEAD_ACID,solar_ems_001,3.03,13.2925,0.837339,0.002,0.4125,23.1875,300,-127.0,False,0
2026-08-26T01:01:09+00:00,LEAD_ACID,solar_ems_001,3.186,13.28375,0.310521,-0.02,0.535,23.1875,300,-127.0,False,0
2026-08-26T01:06:09+00:00,LEAD_ACID,solar_ems_001,1.99,13.2875,0.301449,-0.046,0.58125,23.1875,300,-127.0,False,0
2026-08-26T01:11:09+00:00,LEAD_ACID,solar_ems_001,-1.076,13.28625,0.560159,0.006,0.52875,23.1875,300,-127.0,False,0
2026-08-26T01:16:09+00:00,LEAD_ACID,solar_ems_001,-0.386,13.28875,0.544478,0.028,0.5275,23.1875,300,-127.0,False,0
2026-08-26T01:21:09+00:00,LEAD_ACID,solar_ems_001,1.616,13.28125,0.429243,-0.03,0.52625,23.1875,300,-127.0,False,0
2026-08-26T01:26:09+00:00,LEAD_ACID,solar_ems_001,3.316,13.285,0.468179,0.008,0.51125,23.1875,300,-127.0,False,0
2026-08-26T01:31:09+00:00,LEAD_ACID,solar_ems_001,1.336,13.285,0.336172,0.002,0.49125,23.1875,300,-127.0,False,0
2026-08-26T01:36:09+00:00,LEAD_ACID,solar_ems_001,1.696,13.29125,0.308603,0.004,0.48,23.1875,300,-127.0,False,0
2026-08-26T01:41:09+00:00,LEAD_ACID,solar_ems_001,-1.236,13.295,0.424498,-0.002,0.36625,23.1875,300,-127.0,False,0
2026-08-26T01:46:09+00:00,LEAD_ACID,solar_ems_001,0.074,13.2975,0.347519,0.006,0.34875,23.1875,300,-127.0,False,0
2026-08-26T01:51:09+00:00,LEAD_ACID,solar_ems_001,2.352,13.28,0.472561,0.006,0.35,23.1875,300,-127.0,False,0
2026-08-26T01:56:09+00:00,LEAD_ACID,solar_ems_001,3.222,13.2825,0.30811,0.018,0.4625,23.1875,300,-127.0,False,0
2026-08-26T08:26:09+00:00,LEAD_ACID,solar_ems_001,-6.316,13.40625,0.65662,3.504,22.2825,23.1875,300,-127.0,False,0
2026-08-26T08:31:09+00:00,LEAD_ACID,solar_ems_001,-6.744,13.41375,0.98488,4.362,22.42625,23.1875,300,-127.0,False,0
2026-08-26T08:36:09+00:00,LEAD_ACID,solar_ems_001,-5.618,13.40625,0.760332,4.2,22.40875,23.1875,300,-127.0,False,0
2026-08-26T08:41:09+00:00,LEAD_ACID,solar_ems_001,-3.724,13.4125,0.571334,4.138,22.90875,23.1875,300,-127.0,False,0
2026-08-26T08:46:09+00:00,LEAD_ACID,solar_ems_001,-3.364,13.41375,0.563758,3.406,24.17875,23.1875,300,-127.0,False,0
2026-08-26T08:51:09+00:00,LEAD_ACID,solar_ems_001,-5.098,13.41625,0.916861,3.372,23.8225,23.1875,300,-127.0,False,0
2026-08-26T08:56:09+00:00,LEAD_ACID,solar_ems_001,-5.806,13.41375,0.532838,3.224,23.14625,23.1875,300,-127.0,False,0
2026-08-26T09:01:09+00:00,LEAD_ACID,solar_ems_001,-4.324,13.41,0.8903,3.032,22.84375,23.1875,300,-127.0,False,0
2026-08-26T09:06:09+00:00,LEAD_ACID,solar_ems_001,-5.796,13.4225,0.556328,4.02,23.12375,23.1875,300,-127.0,False,0
2026-08-26T09:11:09+00:00,LEAD_ACID,solar_ems_001,-1.676,13.405,0.76129,2.868,23.2275,23.1875,300,-127.0,False,0
2026-08-26T09:16:09+00:00,LEAD_ACID,solar_ems_001,-3.474,13.41875,0.688067,4.062,23.34625,23.1875,300,-127.0,False,0
2026-08-26T09:21:09+00:00,LEAD_ACID,solar_ems_001,-4.274,13.4225,0.674921,3.456,23.355,23.1875,300,-127.0,False,0
2026-08-26T09:26:09+00:00,LEAD_ACID,solar_ems_001,-5.306,13.42125,0.647355,2.764,23.51,29.3125,300,29.3125,True,0
2026-08-26T09:31:09+00:00,LEAD_ACID,solar_ems_001,-3.9,13.43125,0.660332,2.91,23.9975,29.3125,300,-127.0,False,0
2026-08-26T09:36:09+00:00,LEAD_ACID,solar_ems_001,-2.094,13.4125,0.591312,2.638,23.09875,29.3125,300,-127.0,False,0
2026-08-26T09:41:09+00:00,LEAD_ACID,solar_ems_001,-1.288,13.42125,0.543405,3.014,21.6275,29.3125,300,-127.0,False,0
2026-08-26T09:46:09+00:00,LEAD_ACID,solar_ems_001,-3.216,13.43625,0.548346,3.93,22.1125,29.3125,300,-127.0,False,0
2026-08-26T09:51:09+00:00,LEAD_ACID,solar_ems_001,-5.852,13.4575,0.624749,3.472,23.4875,29.3125,300,-127.0,False,0
2026-08-26T09:56:09+00:00,LEAD_ACID,solar_ems_001,-5.852,13.44125,0.608897,3.048,23.84625,29.3125,300,-127.0,False,0
2026-08-26T10:01:09+00:00,LEAD_ACID,solar_ems_001,-4.228,13.43375,0.565463,2.474,23.7975,29.3125,300,-127.0,False,0
2026-08-26T10:06:09+00:00,LEAD_ACID,solar_ems_001,-2.626,13.42875,0.550998,2.222,23.56375,29.3125,300,-127.0,False,0
2026-08-26T10:11:09+00:00,LEAD_ACID,solar_ems_001,-0.716,13.42375,0.602649,2.324,23.20125,29.3125,300,-127.0,False,0
2026-08-26T10:16:09+00:00,LEAD_ACID,solar_ems_001,-1.556,13.44125,0.527355,2.678,24.275,29.3125,300,-127.0,False,0
2026-08-26T10:21:09+00:00,LEAD_ACID,solar_ems_001,-5.676,13.4575,0.475094,3.532,23.30875,31.3125,300,31.3125,True,0
2026-08-26T10:26:09+00:00,LEAD_ACID,solar_ems_001,-5.19,13.45125,0.512875,2.718,23.12875,31.3125,300,-127.0,False,0
2026-08-26T10:31:09+00:00,LEAD_ACID,solar_ems_001,-3.318,13.4525,0.617436,2.978,23.19,31.3125,300,-127.0,False,0
2026-08-26T10:36:09+00:00,LEAD_ACID,solar_ems_001,-3.114,13.4475,0.731741,2.398,23.27625,31.3125,300,-127.0,False,0
2026-08-26T10:41:09+00:00,LEAD_ACID,solar_ems_001,-1.426,13.45875,0.678491,2.78,23.6675,31.3125,300,-127.0,False,0
2026-08-26T10:46:09+00:00,LEAD_ACID,solar_ems_001,-0.538,13.46375,0.551569,2.188,23.21625,31.3125,300,-127.0,False,0
2026-08-26T10:51:09+00:00,LEAD_ACID,solar_ems_001,-4.556,13.46625,0.553976,2.414,23.51625,31.3125,300,-127.0,False,0
2026-08-26T10:56:09+00:00,LEAD_ACID,solar_ems_001,-5.02,13.4575,0.54057,2.612,23.115,31.3125,300,-127.0,False,0
2026-08-26T11:01:09+00:00,LEAD_ACID,solar_ems_001,-1.03,13.45875,0.535687,1.3,23.0425,31.3125,300,-127.0,False,0
2026-08-26T11:06:09+00:00,LEAD_ACID,solar_ems_001,-0.696,13.45125,0.602072,1.376,23.095,31.3125,300,-127.0,False,0
2026-08-26T11:11:09+00:00,LEAD_ACID,solar_ems_001,0.698,13.46375,0.537853,1.366,24.0275,31.3125,300,-127.0,False,0
2026-08-26T11:16:09+00:00,LEAD_ACID,solar_ems_001,-2.35,13.475,0.583346,1.874,23.4425,31.3125,300,-127.0,False,0
2026-08-26T11:21:09+00:00,LEAD_ACID,solar_ems_001,-3.942,13.48625,0.593898,2.39,22.9275,35.8125,300,35.8125,True,0
2026-08-26T11:26:09+00:00,LEAD_ACID,solar_ems_001,-0.924,13.47625,0.542163,0.98,23.1725,35.8125,300,-127.0,False,0
2026-08-26T11:31:09+00:00,LEAD_ACID,solar_ems_001,-0.658,13.4875,0.561745,0.968,23.0275,34.0625,300,34.0625,True,0
2026-08-26T11:36:09+00:00,LEAD_ACID,solar_ems_001,-1.152,13.4775,0.48705,1.55,23.14625,34.0625,300,-127.0,False,0
2026-08-26T11:41:09+00:00,LEAD_ACID,solar_ems_001,0.36,13.4975,0.687194,1.586,23.7075,34.0625,300,-127.0,False,0
2026-08-26T11:46:09+00:00,LEAD_ACID,solar_ems_001,1.426,13.5,0.751266,0.818,24.56375,34.0625,300,-127.0,False,0
2026-08-26T11:51:09+00:00,LEAD_ACID,solar_ems_001,-0.866,13.48625,0.570325,0.63,23.89625,34.0625,300,-127.0,False,0
2026-08-26T11:56:09+00:00,LEAD_ACID,solar_ems_001,-1.992,13.485,0.637729,0.83,23.84,34.0625,300,-127.0,False,0
2026-08-26T12:01:09+00:00,LEAD_ACID,solar_ems_001,-0.806,13.48,0.481413,0.602,23.62875,34.0625,300,-127.0,False,0
2026-08-26T12:06:09+00:00,LEAD_ACID,solar_ems_001,1.396,13.47375,0.707443,0.602,23.42625,34.0625,300,-127.0,False,0
2026-08-26T12:11:09+00:00,LEAD_ACID,solar_ems_001,1.338,13.4775,0.496651,0.938,23.18875,34.0625,300,-127.0,False,0
2026-08-26T12:16:09+00:00,LEAD_ACID,solar_ems_001,1.206,13.48375,0.480639,0.74,23.72625,34.0625,300,-127.0,False,0
2026-08-26T12:21:09+00:00,LEAD_ACID,solar_ems_001,-1.886,13.48875,0.604884,0.746,23.12375,34.125,300,34.125,True,0
2026-08-26T12:26:09+00:00,LEAD_ACID,solar_ems_001,-1.406,13.485,0.537438,0.59,23.325,34.125,300,-127.0,False,0
2026-08-26T12:31:09+00:00,LEAD_ACID,solar_ems_001,0.774,13.4725,0.651238,0.692,23.36,31.6875,300,31.6875,True,0
2026-08-26T12:36:09+00:00,LEAD_ACID,solar_ems_001,1.408,13.485,0.609709,1.054,23.4625,31.6875,300,-127.0,False,0
2026-08-26T12:41:09+00:00,LEAD_ACID,solar_ems_001,-0.496,13.50125,0.487679,1.506,24.06125,31.6875,300,-127.0,False,0
2026-08-26T12:46:09+00:00,LEAD_ACID,solar_ems_001,-1.752,13.50875,0.539313,1.252,24.64875,31.6875,300,-127.0,False,0
2026-08-26T12:51:09+00:00,LEAD_ACID,solar_ems_001,-0.674,13.5125,0.568857,0.292,25.35,31.6875,300,-127.0,False,0
2026-08-26T13:21:09+00:00,LEAD_ACID,solar_ems_001,-1.962,13.50625,0.563913,1.234,23.56875,30.0,300,-127.0,False,1
2026-08-26T13:26:09+00:00,LEAD_ACID,solar_ems_001,-1.05,13.4975,0.688276,1.052,24.90875,30.0,300,-127.0,False,1
2026-08-26T13:31:08+00:00,LEAD_ACID,solar_ems_001,1.23,13.49,0.403632,0.196,24.1275,30.0,300,-127.0,False,1
2026-08-26T13:36:08+00:00,LEAD_ACID,solar_ems_001,2.696,13.48125,0.480767,0.412,22.7525,30.0,300,-127.0,False,1
2026-08-26T13:41:08+00:00,LEAD_ACID,solar_ems_001,0.424,13.49375,0.524756,1.146,23.8,30.0,300,-127.0,False,1
2026-08-26T13:46:08+00:00,LEAD_ACID,solar_ems_001,-2.128,13.4925,0.481406,0.938,23.28125,30.0,300,-127.0,False,1
2026-08-26T13:51:08+00:00,LEAD_ACID,solar_ems_001,-0.566,13.48875,0.59162,0.53,23.68625,30.0,300,-127.0,False,1
2026-08-26T13:56:08+00:00,LEAD_ACID,solar_ems_001,-0.544,13.48625,0.560583,0.61,23.5075,30.0,300,-127.0,False,1
2026-08-26T14:01:08+00:00,LEAD_ACID,solar_ems_001,1.316,13.48375,0.477352,0.838,23.63125,30.0,300,-127.0,False,1
2026-08-26T14:06:08+00:00,LEAD_ACID,solar_ems_001,1.796,13.48375,0.532882,0.766,23.90625,30.0,300,-127.0,False,1
2026-08-26T14:11:08+00:00,LEAD_ACID,solar_ems_001,-0.488,13.48875,0.528318,0.55,23.39875,30.0,300,-127.0,False,1
2026-08-26T14:16:09+00:00,LEAD_ACID,solar_ems_001,-2.536,13.49375,0.550571,1.168,23.4325,30.0,300,-127.0,False,1
2026-08-26T14:21:09+00:00,LEAD_ACID,solar_ems_001,0.202,13.50125,0.558983,0.34,24.5425,30.0,300,-127.0,False,1
2026-08-26T14:26:09+00:00,LEAD_ACID,solar_ems_001,0.656,13.47375,0.444478,0.402,24.00875,30.0,300,-127.0,False,1
2026-08-26T14:31:09+00:00,LEAD_ACID,solar_ems_001,1.492,13.48,0.537049,0.55,23.835,30.0,300,-127.0,False,1
2026-08-26T14:36:09+00:00,LEAD_ACID,solar_ems_001,1.328,13.47375,0.476034,0.654,23.72875,30.0,300,-127.0,False,1
2026-08-26T14:41:08+00:00,LEAD_ACID,solar_ems_001,-1.21,13.48625,0.530304,0.894,23.715,30.0,300,-127.0,False,1
2026-08-26T14:46:08+00:00,LEAD_ACID,solar_ems_001,-1.914,13.4825,0.790026,0.776,23.41,30.0,300,-127.0,False,1
2026-08-26T14:51:08+00:00,LEAD_ACID,solar_ems_001,-0.086,13.47625,0.451337,0.648,22.925,30.0,300,-127.0,False,1
2026-08-26T14:56:08+00:00,LEAD_ACID,solar_ems_001,0.262,13.47125,0.558983,0.674,22.9175,30.0,300,-127.0,False,1
2026-08-26T15:01:09+00:00,LEAD_ACID,solar_ems_001,1.56,13.47875,0.819676,1.056,22.8675,30.0,300,-127.0,False,1
2026-08-26T15:06:08+00:00,LEAD_ACID,solar_ems_001,-0.066,13.49625,0.625821,1.486,22.9275,30.0,300,-127.0,False,1
2026-08-26T15:11:09+00:00,LEAD_ACID,solar_ems_001,-2.396,13.51125,0.657781,1.378,23.7625,30.0,300,-127.0,False,1
2026-08-26T15:16:09+00:00,LEAD_ACID,solar_ems_001,-2.552,13.5125,0.567131,1.058,24.62625,24.5625,300,24.5625,True,1
2026-08-26T15:21:09+00:00,LEAD_ACID,solar_ems_001,-0.802,13.50625,0.571927,0.496,24.5975,24.5625,300,-127.0,False,1
2026-08-26T15:26:08+00:00,LEAD_ACID,solar_ems_001,0.874,13.4975,0.526683,0.272,24.3175,24.5625,300,-127.0,False,1
2026-08-26T15:31:08+00:00,LEAD_ACID,solar_ems_001,1.466,13.48875,0.577289,0.962,24.80125,24.5625,300,-127.0,False,1
2026-08-26T15:36:08+00:00,LEAD_ACID,solar_ems_001,1.804,13.49875,0.608418,0.654,24.84,24.5625,300,-127.0,False,1
2026-08-26T15:41:08+00:00,LEAD_ACID,solar_ems_001,-1.224,13.495,0.46695,0.556,24.39125,24.5625,300,-127.0,False,1
2026-08-26T15:46:08+00:00,LEAD_ACID,solar_ems_001,-0.678,13.49125,0.54353,0.448,24.34125,24.5625,300,-127.0,False,1
2026-08-26T15:51:08+00:00,LEAD_ACID,solar_ems_001,0.366,13.49875,0.561452,0.556,24.4475,24.5625,300,-127.0,False,1
2026-08-26T15:56:08+00:00,LEAD_ACID,solar_ems_001,2.328,13.47375,0.460508,0.606,23.8325,24.5625,300,-127.0,False,1
2026-08-26T16:01:09+00:00,LEAD_ACID,solar_ems_001,2.058,13.47875,0.528702,0.746,23.70125,24.5625,300,-127.0,False,1
2026-08-26T16:06:09+00:00,LEAD_ACID,solar_ems_001,-0.586,13.485,0.50874,0.778,23.64625,28.0,300,28.0,True,1
2026-08-26T16:11:09+00:00,LEAD_ACID,solar_ems_001,-2.918,13.50125,0.602571,1.444,23.82875,28.3125,300,28.3125,True,1
2026-08-26T16:16:09+00:00,LEAD_ACID,solar_ems_001,-2.028,13.49125,0.604306,0.8,23.6875,28.3125,300,-127.0,False,1
2026-08-26T16:21:09+00:00,LEAD_ACID,solar_ems_001,-0.94,13.485,0.494773,0.996,23.82625,28.125,300,28.125,True,1
2026-08-26T16:26:08+00:00,LEAD_ACID,solar_ems_001,1.298,13.49875,0.494734,0.996,23.84125,28.125,300,-127.0,False,1
2026-08-26T16:31:08+00:00,LEAD_ACID,solar_ems_001,1.412,13.51125,0.59009,0.926,23.78375,28.125,300,-127.0,False,1
2026-08-26T16:36:08+00:00,LEAD_ACID,solar_ems_001,-0.554,13.51,0.477241,0.904,23.73125,28.125,300,-127.0,False,1
2026-08-26T16:41:08+00:00,LEAD_ACID,solar_ems_001,-1.868,13.52,0.615014,1.044,24.27375,28.125,300,-127.0,False,1
2026-08-26T16:46:08+00:00,LEAD_ACID,solar_ems_001,0.074,13.49875,0.405353,0.192,23.59125,28.125,300,-127.0,False,1
2026-08-26T16:51:08+00:00,LEAD_ACID,solar_ems_001,0.702,13.485,0.53018,0.296,23.505,28.125,300,-127.0,False,1
2026-08-26T16:56:08+00:00,LEAD_ACID,solar_ems_001,2.528,13.48,0.625197,0.53,22.9575,28.125,300,-127.0,False,1
2026-08-26T17:01:08+00:00,LEAD_ACID,solar_ems_001,2.234,13.4775,0.703431,0.708,22.88375,28.125,300,-127.0,False,1
2026-08-26T17:06:08+00:00,LEAD_ACID,solar_ems_001,0.398,13.48375,0.527063,0.756,22.57375,28.125,300,-127.0,False,1
2026-08-26T17:11:08+00:00,LEAD_ACID,solar_ems_001,-1.364,13.48375,0.573473,0.718,22.2475,28.125,300,-127.0,False,1
2026-08-26T17:16:08+00:00,LEAD_ACID,solar_ems_001,-0.614,13.495,0.590313,0.756,22.1525,26.9375,300,26.9375,True,1
2026-08-26T17:31:08+00:00,LEAD_ACID,solar_ems_001,-0.238,13.48125,0.578362,0.742,20.91,26.9375,300,-127.0,False,1
2026-08-26T17:36:08+00:00,LEAD_ACID,solar_ems_001,0.776,13.475,0.810615,0.088,21.9325,26.9375,300,-127.0,False,1
2026-08-26T17:41:08+00:00,LEAD_ACID,solar_ems_001,-0.954,13.45875,0.574331,0.0,21.695,26.9375,300,-127.0,False,1
2026-08-26T17:46:08+00:00,LIFEPO4,solar_ems_001,-0.54,13.4475,0.470236,0.264,13.47,26.9375,300,-127.0,False,1
2026-08-26T17:51:08+00:00,LIFEPO4,solar_ems_001,2.932,13.4275,0.481412,0.132,13.45375,26.9375,300,-127.0,False,1
2026-08-26T17:56:08+00:00,LIFEPO4,solar_ems_001,3.534,13.415,0.426028,0.012,17.4475,26.9375,300,-127.0,False,1
2026-08-26T18:01:08+00:00,LIFEPO4,solar_ems_001,1.006,13.405,0.645653,-0.012,15.0325,26.9375,300,-127.0,False,1
2026-08-26T18:06:08+00:00,LIFEPO4,solar_ems_001,1.06,13.40625,0.702354,-0.016,11.8175,26.9375,300,-127.0,False,1
2026-08-26T18:11:08+00:00,LIFEPO4,solar_ems_001,-1.2,13.39875,0.456899,-0.006,6.53375,24.125,300,24.125,True,1
2026-08-26T18:16:08+00:00,LIFEPO4,solar_ems_001,-0.304,13.38375,0.806291,-0.004,3.11375,24.125,300,-127.0,False,1
2026-08-26T18:21:08+00:00,LIFEPO4,solar_ems_001,3.192,13.37,0.357649,-0.01,1.20625,24.125,300,-127.0,False,1
2026-08-26T18:26:08+00:00,LIFEPO4,solar_ems_001,3.146,13.36625,0.453984,0.046,0.68875,24.125,300,-127.0,False,1
2026-08-26T18:31:08+00:00,LIFEPO4,solar_ems_001,2.836,13.36625,0.413573,-0.034,0.52375,24.125,300,-127.0,False,1
2026-08-26T18:36:08+00:00,LIFEPO4,solar_ems_001,-1.186,13.36,0.504898,-0.026,0.5025,24.125,300,-127.0,False,1
2026-08-26T18:41:08+00:00,LIFEPO4,solar_ems_001,-1.026,13.3575,0.393624,-0.05,0.535,24.125,300,-127.0,False,1
2026-08-26T18:46:08+00:00,LIFEPO4,solar_ems_001,1.358,13.34125,0.462695,0.006,0.57125,24.125,300,-127.0,False,1
2026-08-26T18:51:08+00:00,LIFEPO4,solar_ems_001,3.286,13.33625,0.416944,-0.012,0.57375,24.125,300,-127.0,False,1
2026-08-26T18:56:08+00:00,LIFEPO4,solar_ems_001,3.26,13.33125,0.548385,-0.006,0.53375,24.125,300,-127.0,False,1
2026-08-26T19:01:08+00:00,LIFEPO4,solar_ems_001,0.568,13.3375,0.468347,-0.01,0.48875,24.125,300,-127.0,False,1
2026-08-26T19:06:08+00:00,LIFEPO4,solar_ems_001,-1.21,13.33375,0.388834,-0.008,0.475,24.125,300,-127.0,False,1
2026-08-26T19:11:08+00:00,LIFEPO4,solar_ems_001,-0.208,13.32625,0.424631,-0.008,0.47625,23.375,300,23.375,True,1
2026-08-26T19:16:08+00:00,LIFEPO4,solar_ems_001,1.156,13.3175,0.371726,-0.012,0.3875,23.4375,300,23.4375,True,1
2026-08-26T19:21:08+00:00,LIFEPO4,solar_ems_001,3.058,13.31125,0.357008,-0.014,0.48625,23.4375,300,-127.0,False,1
2026-08-26T19:26:08+00:00,LIFEPO4,solar_ems_001,3.166,13.31375,0.726233,-0.03,0.49625,23.4375,300,-127.0,False,1
2026-08-26T19:31:08+00:00,LIFEPO4,solar_ems_001,-1.116,13.32375,0.422474,-0.026,0.48625,23.4375,300,-127.0,False,1
2026-08-26T19:36:08+00:00,LIFEPO4,solar_ems_001,-0.906,13.315,0.414568,-0.014,0.51375,23.4375,300,-127.0,False,1
2026-08-26T19:41:08+00:00,LIFEPO4,solar_ems_001,0.054,13.30875,0.498532,0.016,0.53625,23.4375,300,-127.0,False,1
2026-08-26T19:46:08+00:00,LIFEPO4,solar_ems_001,3.308,13.305,0.771535,-0.018,0.6825,23.4375,300,-127.0,False,1
2026-08-26T19:51:08+00:00,LIFEPO4,solar_ems_001,3.094,13.3075,0.407556,0.004,0.53625,23.4375,300,-127.0,False,1
2026-08-26T19:56:08+00:00,LIFEPO4,solar_ems_001,2.37,13.30875,0.404566,-0.006,0.5025,23.4375,300,-127.0,False,1
2026-08-26T20:01:08+00:00,LIFEPO4,solar_ems_001,-1.202,13.31125,0.452318,-0.016,0.5675,23.4375,300,-127.0,False,1
2026-08-26T20:06:08+00:00,LIFEPO4,solar_ems_001,-0.878,13.30875,0.384117,-0.008,0.4775,23.8125,300,23.8125,True,1
2026-08-26T20:11:08+00:00,LIFEPO4,solar_ems_001,1.958,13.305,0.631324,-0.014,0.4175,23.8125,300,-127.0,False,1
2026-08-26T20:16:08+00:00,LIFEPO4,solar_ems_001,2.792,13.30125,0.380606,0.036,0.515,23.8125,300,-127.0,False,1
2026-08-26T20:21:08+00:00,LIFEPO4,solar_ems_001,2.426,13.30625,0.40774,-0.022,0.64,23.8125,300,-127.0,False,1
2026-08-26T20:26:08+00:00,LIFEPO4,solar_ems_001,1.412,13.3025,0.681335,0.026,0.67375,23.8125,300,-127.0,False,1
2026-08-26T20:31:08+00:00,LIFEPO4,solar_ems_001,-1.092,13.30625,0.415921,-0.018,0.58125,23.8125,300,-127.0,False,1
2026-08-26T20:36:08+00:00,LIFEPO4,solar_ems_001,1.092,13.30125,0.493601,0.006,0.5425,23.8125,300,-127.0,False,1
2026-08-26T20:41:08+00:00,LIFEPO4,solar_ems_001,1.232,13.29625,0.448137,-0.044,0.54625,23.8125,300,-127.0,False,1
2026-08-26T20:56:08+00:00,LIFEPO4,solar_ems_001,-1.202,13.30375,0.354184,-0.006,0.505,23.8125,300,-127.0,False,1
2026-08-26T21:01:08+00:00,LIFEPO4,solar_ems_001,-1.206,13.30375,0.5972,-0.006,0.45375,23.8125,300,23.8125,True,1
2026-08-26T21:06:08+00:00,LIFEPO4,solar_ems_001,0.314,13.30125,0.519508,-0.012,0.46875,23.8125,300,-127.0,False,1
2026-08-26T21:11:08+00:00,LIFEPO4,solar_ems_001,2.548,13.3,0.393567,-0.004,0.46625,23.8125,300,-127.0,False,1
2026-08-26T21:16:08+00:00,LIFEPO4,solar_ems_001,3.218,13.29125,0.36119,0.014,0.655,23.6875,300,23.6875,True,1
2026-08-26T21:21:08+00:00,LIFEPO4,solar_ems_001,1.69,13.31,0.422959,0.004,0.72,23.6875,300,-127.0,False,1
2026-08-26T21:26:08+00:00,LIFEPO4,solar_ems_001,-0.832,13.3075,0.810895,0.016,0.75,23.6875,300,-127.0,False,1
2026-08-26T21:31:08+00:00,LIFEPO4,solar_ems_001,-1.12,13.29625,0.645507,0.056,0.69625,23.6875,300,-127.0,False,1
2026-08-26T21:36:08+00:00,LIFEPO4,solar_ems_001,2.254,13.2975,0.359263,0.004,0.73,23.6875,300,-127.0,False,1
2026-08-26T21:41:08+00:00,LIFEPO4,solar_ems_001,3.218,13.2925,0.570158,0.002,0.70375,23.6875,300,-127.0,False,1
2026-08-26T21:46:08+00:00,LIFEPO4,solar_ems_001,3.238,13.29375,0.625181,-0.006,0.65,23.6875,300,-127.0,False,1
2026-08-26T21:51:08+00:00,LIFEPO4,solar_ems_001,-0.796,13.29625,0.470177,0.006,0.58125,23.6875,300,-127.0,False,1
2026-08-26T21:56:08+00:00,LIFEPO4,solar_ems_001,-1.21,13.3,0.360792,-0.012,0.485,23.6875,300,-127.0,False,1
2026-08-26T22:01:08+00:00,LIFEPO4,solar_ems_001,0.686,13.30125,0.642996,-0.01,0.425,23.6875,300,-127.0,False,1
2026-08-26T22:06:08+00:00,LIFEPO4,solar_ems_001,1.106,13.3025,0.487323,-0.014,0.3775,23.6875,300,-127.0,False,1
2026-08-26T22:11:08+00:00,LIFEPO4,solar_ems_001,3.256,13.29125,0.396549,-0.092,0.375,23.6875,300,-127.0,False,1
2026-08-26T22:16:08+00:00,LIFEPO4,solar_ems_001,-0.026,13.2875,0.401507,-0.066,0.48,23.6875,300,-127.0,False,1
2026-08-26T22:21:08+00:00,LIFEPO4,solar_ems_001,-0.336,13.3025,0.432803,-0.006,0.5,23.6875,300,-127.0,False,1
2026-08-26T22:26:08+00:00,LIFEPO4,solar_ems_001,-0.766,13.29375,0.484728,-0.01,0.605,23.6875,300,-127.0,False,1
2026-08-26T22:31:08+00:00,LIFEPO4,solar_ems_001,1.256,13.29625,0.663583,-0.014,0.6275,23.6875,300,-127.0,False,1
2026-08-26T22:36:08+00:00,LIFEPO4,solar_ems_001,1.458,13.29,0.51169,-0.022,0.555,23.6875,300,-127.0,False,1
2026-08-26T22:41:08+00:00,LIFEPO4,solar_ems_001,3.316,13.29,0.443992,-0.01,0.525,23.6875,300,-127.0,False,1
2026-08-26T22:46:08+00:00,LIFEPO4,solar_ems_001,1.708,13.2975,0.430299,-0.01,0.4375,23.6875,300,-127.0,False,1
2026-08-26T22:51:08+00:00,LIFEPO4,solar_ems_001,-1.11,13.3,0.465345,-0.012,0.4275,23.6875,300,-127.0,False,1
2026-08-26T22:56:08+00:00,LIFEPO4,solar_ems_001,-0.326,13.295,0.517313,-0.01,0.36,23.6875,300,-127.0,False,1
2026-08-26T23:01:08+00:00,LIFEPO4,solar_ems_001,1.292,13.3,0.405483,-0.01,0.32875,23.4375,300,23.4375,True,1
2026-08-26T23:06:08+00:00,LIFEPO4,solar_ems_001,3.158,13.28875,0.352844,-0.016,0.42875,23.4375,300,-127.0,False,1
2026-08-26T23:11:08+00:00,LIFEPO4,solar_ems_001,2.818,13.29125,0.668824,-0.01,0.48625,23.4375,300,-127.0,False,1
2026-08-26T23:16:08+00:00,LIFEPO4,solar_ems_001,-0.018,13.29125,0.466391,0.002,0.58375,23.4375,300,-127.0,False,1
2026-08-26T23:21:08+00:00,LIFEPO4,solar_ems_001,-1.208,13.3,0.476148,-0.006,0.5975,23.4375,300,-127.0,False,1
2026-08-26T23:26:08+00:00,LIFEPO4,solar_ems_001,-0.356,13.29375,0.598942,-0.008,0.6125,23.4375,300,-127.0,False,1
2026-08-26T23:31:08+00:00,LIFEPO4,solar_ems_001,1.006,13.29125,0.437278,-0.006,0.675,23.4375,300,-127.0,False,1
2026-08-26T23:36:08+00:00,LIFEPO4,solar_ems_001,2.888,13.2875,0.425259,0.006,0.72,23.4375,300,-127.0,False,1
2026-08-26T23:41:08+00:00,LIFEPO4,solar_ems_001,0.806,13.29,0.406177,0.0,0.66,23.4375,300,-127.0,False,1
2026-08-26T23:46:08+00:00,LIFEPO4,solar_ems_001,-0.826,13.2975,0.332302,-0.002,0.675,23.4375,300,-127.0,False,1
2026-08-26T23:51:08+00:00,LIFEPO4,solar_ems_001,-1.22,13.29625,0.426093,0.006,0.51875,23.25,300,23.25,True,1
2026-08-26T23:56:08+00:00,LIFEPO4,solar_ems_001,1.278,13.29375,0.786597,-0.004,0.61625,23.25,300,-127.0,False,1
2026-08-27T00:01:08+00:00,LIFEPO4,solar_ems_001,2.466,13.28875,0.58319,-0.01,0.7425,23.25,300,-127.0,False,1
2026-08-27T00:06:08+00:00,LIFEPO4,solar_ems_001,2.89,13.29,0.306313,0.028,0.6375,23.25,300,-127.0,False,1
2026-08-27T00:11:08+00:00,LIFEPO4,solar_ems_001,2.652,13.29375,0.351584,-0.004,0.75625,23.25,300,-127.0,False,1
2026-08-27T00:16:08+00:00,LIFEPO4,solar_ems_001,-1.204,13.29375,0.390423,0.02,0.735,23.25,300,-127.0,False,1
2026-08-27T00:21:08+00:00,LIFEPO4,solar_ems_001,0.418,13.295,0.362891,-0.006,0.7075,23.25,300,-127.0,False,1
2026-08-27T00:26:08+00:00,LIFEPO4,solar_ems_001,0.396,13.28875,0.272525,-0.016,0.71875,23.25,300,-127.0,False,1
2026-08-27T00:31:08+00:00,LIFEPO4,solar_ems_001,2.868,13.2875,0.480282,0.004,0.765,23.125,300,23.125,True,1
2026-08-27T00:36:08+00:00,LIFEPO4,solar_ems_001,2.996,13.29125,0.370039,-0.004,0.74375,23.125,300,-127.0,False,1
2026-08-27T00:41:08+00:00,LIFEPO4,solar_ems_001,-0.462,13.2975,0.722965,0.006,0.6525,23.125,300,-127.0,False,1
2026-08-27T00:46:08+00:00,LIFEPO4,solar_ems_001,-1.02,13.3,0.516987,0.004,0.59375,23.125,300,-127.0,False,1
2026-08-27T00:51:08+00:00,LIFEPO4,solar_ems_001,0.556,13.29625,0.388792,-0.002,0.5275,23.125,300,-127.0,False,1
2026-08-27T00:56:08+00:00,LIFEPO4,solar_ems_001,2.742,13.295,0.758856,0.004,0.4875,23.125,300,-127.0,False,1
2026-08-27T01:01:08+00:00,LIFEPO4,solar_ems_001,3.172,13.28125,0.552196,-0.01,0.4925,23.125,300,-127.0,False,1
2026-08-27T01:06:08+00:00,LIFEPO4,solar_ems_001,1.83,13.2925,0.530949,-0.026,0.61875,23.125,300,-127.0,False,1
2026-08-27T01:11:08+00:00,LIFEPO4,solar_ems_001,-0.93,13.3,0.378252,0.0,0.565,23.125,300,-127.0,False,1
2026-08-27T01:16:08+00:00,LIFEPO4,solar_ems_001,-1.026,13.29625,0.40714,-0.03,0.585,23.125,300,-127.0,False,1
2026-08-27T01:21:08+00:00,LIFEPO4,solar_ems_001,-0.012,13.29125,0.26096,-0.022,0.5925,23.125,300,-127.0,False,1
2026-08-27T01:26:08+00:00,LIFEPO4,solar_ems_001,3.306,13.28625,0.345973,0.012,0.5975,23.125,300,-127.0,False,1
2026-08-27T01:31:08+00:00,LIFEPO4,solar_ems_001,2.968,13.28875,0.408055,-0.002,0.57375,23.125,300,-127.0,False,1
2026-08-27T01:36:08+00:00,LIFEPO4,solar_ems_001,1.47,13.2925,0.312499,0.004,0.54125,23.125,300,-127.0,False,1
2026-08-27T01:41:08+00:00,LIFEPO4,solar_ems_001,-0.9,13.29625,0.379642,-0.004,0.46625,23.125,300,-127.0,False,1
2026-08-27T01:46:08+00:00,LIFEPO4,solar_ems_001,-0.198,13.295,0.48468,0.0,0.475,23.125,300,-127.0,False,1
2026-08-27T01:51:08+00:00,LIFEPO4,solar_ems_001,0.628,13.30125,0.624559,0.0,0.38125,23.0,300,23.0,True,1
2026-08-27T01:56:08+00:00,LIFEPO4,solar_ems_001,3.284,13.25875,0.298867,-0.004,0.4075,23.0,300,-127.0,False,1
2026-08-27T02:01:08+00:00,LIFEPO4,solar_ems_001,2.982,13.28875,0.574052,0.016,0.48375,23.0,300,-127.0,False,1
2026-08-27T02:06:08+00:00,LIFEPO4,solar_ems_001,-1.038,13.295,0.360606,0.05,0.4875,23.0,300,-127.0,False,1
2026-08-27T02:11:08+00:00,LIFEPO4,solar_ems_001,-1.202,13.29625,0.463692,0.024,0.45875,23.0,300,-127.0,False,1
2026-08-27T02:16:08+00:00,LIFEPO4,solar_ems_001,0.506,13.28875,0.431051,0.04,0.46,23.0,300,-127.0,False,1
2026-08-27T02:21:08+00:00,LIFEPO4,solar_ems_001,3.092,13.28625,0.553909,-0.006,0.51,23.0,300,-127.0,False,1
2026-08-27T02:26:08+00:00,LIFEPO4,solar_ems_001,3.118,13.285,0.437941,0.002,0.49375,23.0,300,-127.0,False,1
2026-08-27T02:31:08+00:00,LIFEPO4,solar_ems_001,2.63,13.29125,0.685319,-0.006,0.41875,23.0,300,-127.0,False,1
2026-08-27T02:36:08+00:00,LIFEPO4,solar_ems_001,-0.888,13.29375,0.700237,0.0,0.3625,23.0,300,-127.0,False,1
2026-08-27T02:41:08+00:00,LIFEPO4,solar_ems_001,-0.452,13.295,0.381483,-0.016,0.3125,23.0,300,-127.0,False,1
2026-08-27T02:46:08+00:00,LIFEPO4,solar_ems_001,1.548,13.2875,0.494477,-0.016,0.285,23.0,300,-127.0,False,1
2026-08-27T02:51:08+00:00,LIFEPO4,solar_ems_001,1.292,13.27875,0.513675,-0.006,0.295,23.0,300,-127.0,False,1
2026-08-27T02:56:08+00:00,LIFEPO4,solar_ems_001,3.316,13.2875,0.560635,-0.006,0.335,23.0,300,-127.0,False,1
2026-08-27T03:01:08+00:00,LIFEPO4,solar_ems_001,2.088,13.3,0.435728,-0.004,0.4625,23.0,300,-127.0,False,1
2026-08-27T03:06:08+00:00,LIFEPO4,solar_ems_001,-0.836,13.29625,0.421497,0.008,0.39875,23.0,300,-127.0,False,1
2026-08-27T03:11:08+00:00,LIFEPO4,solar_ems_001,-0.878,13.29,0.564589,0.012,0.44125,23.0,300,-127.0,False,1
2026-08-27T03:16:08+00:00,LIFEPO4,solar_ems_001,0.548,13.2875,0.534429,0.006,0.4225,23.0,300,-127.0,False,1
2026-08-27T03:21:08+00:00,LIFEPO4,solar_ems_001,1.99,13.285,0.640781,0.006,0.40875,23.0,300,-127.0,False,1
2026-08-27T03:26:08+00:00,LIFEPO4,solar_ems_001,2.12,13.28375,0.470875,-0.002,0.375,23.0,300,-127.0,False,1
2026-08-27T03:31:08+00:00,LIFEPO4,solar_ems_001,-0.356,13.2925,0.459512,-0.006,0.3075,23.0,300,-127.0,False,1
2026-08-27T03:36:08+00:00,LIFEPO4,solar_ems_001,-1.19,13.2925,0.816474,-0.016,0.23625,23.0625,300,23.0625,True,1
2026-08-27T03:41:08+00:00,LIFEPO4,solar_ems_001,-0.994,13.28375,0.444151,-0.012,0.2075,23.0625,300,-127.0,False,1
2026-08-27T03:46:08+00:00,LIFEPO4,solar_ems_001,1.81,13.26625,0.46919,-0.012,0.20375,23.0625,300,-127.0,False,1
2026-08-27T03:51:08+00:00,LIFEPO4,solar_ems_001,2.848,13.28375,0.395082,-0.01,0.20625,23.0625,300,-127.0,False,1
2026-08-27T03:56:08+00:00,LIFEPO4,solar_ems_001,2.502,13.29375,0.369241,-0.016,0.3925,23.0625,300,-127.0,False,1
2026-08-27T04:01:08+00:00,LIFEPO4,solar_ems_001,1.186,13.2925,0.420346,-0.026,0.3625,23.0625,300,-127.0,False,1
2026-08-27T04:06:08+00:00,LIFEPO4,solar_ems_001,-0.976,13.29,0.575173,-0.026,0.34625,23.0625,300,-127.0,False,1
2026-08-27T04:11:08+00:00,LIFEPO4,solar_ems_001,-0.526,13.28875,0.589617,-0.006,0.40625,23.0625,300,-127.0,False,1
2026-08-27T04:16:08+00:00,LIFEPO4,solar_ems_001,2.352,13.2775,0.615607,-0.008,0.425,23.0625,300,-127.0,False,1
2026-08-27T04:21:08+00:00,LIFEPO4,solar_ems_001,2.92,13.2825,0.460137,-0.002,0.38625,23.0625,300,-127.0,False,1
2026-08-27T04:26:08+00:00,LIFEPO4,solar_ems_001,2.518,13.29,0.461119,-0.006,0.37125,23.0625,300,-127.0,False,1
2026-08-27T04:31:08+00:00,LIFEPO4,solar_ems_001,-1.22,13.29,0.497563,-0.008,0.27,23.0625,300,-127.0,False,1
2026-08-27T04:36:08+00:00,LIFEPO4,solar_ems_001,-1.208,13.28875,0.422972,-0.016,0.1925,23.0625,300,-127.0,False,1
2026-08-27T04:41:08+00:00,LIFEPO4,solar_ems_001,0.816,13.2975,0.812573,-0.006,0.17,23.0625,300,-127.0,False,1
2026-08-27T04:46:08+00:00,LIFEPO4,solar_ems_001,3.322,13.26625,0.385497,-0.096,0.18125,23.0625,300,-127.0,False,1
2026-08-27T04:51:08+00:00,LIFEPO4,solar_ems_001,3.298,13.27875,0.487397,0.002,0.305,23.0625,300,-127.0,False,1
2026-08-27T04:56:08+00:00,LIFEPO4,solar_ems_001,0.374,13.2925,0.380927,-0.032,0.34875,23.0625,300,-127.0,False,1
2026-08-27T05:01:08+00:00,LIFEPO4,solar_ems_001,-1.07,13.2875,0.459138,-0.002,0.425,23.0625,300,-127.0,False,1
2026-08-27T05:06:08+00:00,LIFEPO4,solar_ems_001,0.738,13.285,0.507129,-0.01,0.69375,23.0625,300,-127.0,False,1
2026-08-27T05:11:08+00:00,LIFEPO4,solar_ems_001,0.54,13.285,0.401315,-0.024,2.205,23.0625,300,-127.0,False,1
2026-08-27T05:16:08+00:00,LIFEPO4,solar_ems_001,2.66,13.28125,0.669179,-0.016,6.2375,23.0625,300,-127.0,False,1
2026-08-27T05:21:08+00:00,LIFEPO4,solar_ems_001,3.178,13.28,0.456117,-0.012,10.88,23.0625,300,-127.0,False,1
2026-08-27T05:26:08+00:00,LIFEPO4,solar_ems_001,0.684,13.29,0.44205,-0.01,14.94,23.0625,300,-127.0,False,1
2026-08-27T05:31:08+00:00,LIFEPO4,solar_ems_001,-0.95,13.29,0.517412,0.0,15.42375,23.0625,300,-127.0,False,1
2026-08-27T05:36:08+00:00,LIFEPO4,solar_ems_001,-0.036,13.28125,0.83675,0.018,17.1575,23.0625,300,-127.0,False,1
2026-08-27T05:41:08+00:00,LIFEPO4,solar_ems_001,1.444,13.26125,0.476963,0.146,15.91625,22.8125,300,22.8125,True,1
2026-08-27T05:46:08+00:00,LIFEPO4,solar_ems_001,3.018,13.2725,0.441951,0.372,14.69375,22.8125,300,-127.0,False,1
2026-08-27T05:51:08+00:00,LIFEPO4,solar_ems_001,2.656,13.28375,0.560969,0.588,15.045,22.8125,300,-127.0,False,1
2026-08-27T05:56:08+00:00,LIFEPO4,solar_ems_001,-1.88,13.29375,0.486165,0.824,16.1125,22.8125,300,-127.0,False,1
2026-08-27T06:01:08+00:00,LIFEPO4,solar_ems_001,-0.724,13.29375,0.479191,0.784,17.605,22.8125,300,-127.0,False,1
2026-08-27T06:06:08+00:00,LIFEPO4,solar_ems_001,0.656,13.2925,0.543572,0.894,19.3775,22.8125,300,-127.0,False,1
2026-08-27T06:11:08+00:00,LIFEPO4,solar_ems_001,2.268,13.285,0.587178,0.722,21.70875,22.8125,300,-127.0,False,1
2026-08-27T06:16:08+00:00,LIFEPO4,solar_ems_001,2.924,13.2825,0.398942,0.136,23.19125,22.8125,300,-127.0,False,1
2026-08-27T06:21:08+00:00,LIFEPO4,solar_ems_001,0.358,13.285,0.695383,0.118,23.48875,22.8125,300,-127.0,False,1
2026-08-27T06:26:08+00:00,LIFEPO4,solar_ems_001,-1.186,13.29625,0.476939,0.11,23.80375,22.8125,300,-127.0,False,1
2026-08-27T12:31:07+00:00,LIFEPO4,solar_ems_001,0.48,13.5,0.550277,1.212,24.18375,22.8125,300,-127.0,False,1
2026-08-27T12:36:07+00:00,LIFEPO4,solar_ems_001,1.316,13.50625,0.770232,1.178,24.14875,22.8125,300,-127.0,False,1
2026-08-27T12:41:07+00:00,LIFEPO4,solar_ems_001,1.024,13.51,0.61553,1.172,24.46375,22.8125,300,-127.0,False,1
2026-08-27T12:46:07+00:00,LIFEPO4,solar_ems_001,-2.448,13.505,0.482042,1.072,24.4075,22.8125,300,-127.0,False,1
2026-08-27T12:51:07+00:00,LIFEPO4,solar_ems_001,-1.674,13.50625,0.428389,0.904,24.39625,22.8125,300,-127.0,False,1
2026-08-27T12:56:07+00:00,LIFEPO4,solar_ems_001,-0.892,13.5,0.478432,0.436,24.1775,22.8125,300,-127.0,False,1
2026-08-27T13:01:07+00:00,LIFEPO4,solar_ems_001,2.57,13.4925,0.490899,0.34,23.88,22.8125,300,-127.0,False,1
2026-08-27T13:06:07+00:00,LIFEPO4,solar_ems_001,2.192,13.48125,0.514898,0.636,23.58625,22.8125,300,-127.0,False,1
2026-08-27T13:11:07+00:00,LIFEPO4,solar_ems_001,0.412,13.4875,0.437267,0.848,23.625,22.8125,300,-127.0,False,1
2026-08-27T13:16:07+00:00,LIFEPO4,solar_ems_001,-1.35,13.4925,0.525727,0.824,23.62,30.9375,300,30.9375,True,1
2026-08-27T13:21:07+00:00,LIFEPO4,solar_ems_001,-1.878,13.49125,0.549107,1.298,23.82125,30.75,300,30.75,True,1
2026-08-27T13:26:07+00:00,LIFEPO4,solar_ems_001,-0.786,13.52125,0.635445,0.908,24.31875,29.8125,300,29.8125,True,1
2026-08-27T13:31:07+00:00,LIFEPO4,solar_ems_001,1.748,13.49125,0.504441,0.436,24.0625,31.25,300,31.25,True,1
2026-08-27T13:36:07+00:00,LIFEPO4,solar_ems_001,2.51,13.48125,0.516972,0.442,23.8725,31.25,300,-127.0,False,1
2026-08-27T14:01:07+00:00,LIFEPO4,solar_ems_001,1.802,13.4725,0.512359,0.64,23.22875,31.25,300,-127.0,False,1
2026-08-27T14:06:07+00:00,LIFEPO4,solar_ems_001,2.002,13.47,0.554001,0.728,23.16875,31.25,300,-127.0,False,1
2026-08-27T14:11:07+00:00,LIFEPO4,solar_ems_001,1.148,13.485,0.60555,0.816,22.92,31.25,300,-127.0,False,1
2026-08-27T14:16:07+00:00,LIFEPO4,solar_ems_001,-2.108,13.4825,0.56526,0.846,22.6125,26.8125,300,26.8125,True,1
2026-08-27T14:21:07+00:00,LIFEPO4,solar_ems_001,-1.546,13.4775,0.596644,0.856,22.61375,26.8125,300,-127.0,False,1
2026-08-27T14:26:07+00:00,LIFEPO4,solar_ems_001,-1.106,13.48375,0.54967,1.076,22.7475,26.4375,300,26.4375,True,1
2026-08-27T14:31:07+00:00,LIFEPO4,solar_ems_001,-0.896,13.49,0.783394,1.562,22.825,26.4375,300,-127.0,False,1
2026-08-27T14:36:07+00:00,LIFEPO4,solar_ems_001,1.046,13.50875,0.707348,1.088,22.85125,26.4375,300,-127.0,False,1
2026-08-27T14:41:07+00:00,LIFEPO4,solar_ems_001,0.06,13.51375,0.529567,0.828,22.77375,26.4375,300,-127.0,False,1
2026-08-27T14:46:07+00:00,LIFEPO4,solar_ems_001,-0.72,13.4925,0.517515,0.232,21.36625,26.4375,300,-127.0,False,1
2026-08-27T14:51:07+00:00,LIFEPO4,solar_ems_001,-0.578,13.48625,0.483054,0.596,19.9475,26.4375,300,-127.0,False,1
2026-08-27T14:56:07+00:00,LIFEPO4,solar_ems_001,0.336,13.4775,0.44949,0.074,22.30625,26.4375,300,-127.0,False,1
2026-08-27T15:46:07+00:00,LIFEPO4,solar_ems_001,-0.962,13.36875,0.724575,0.046,20.02375,26.4375,300,-127.0,False,1
2026-08-27T15:51:07+00:00,LIFEPO4,solar_ems_001,0.078,13.36125,0.80622,0.066,20.97125,26.4375,300,-127.0,False,1
2026-08-27T15:56:07+00:00,LIFEPO4,solar_ems_001,1.172,13.345,0.513282,0.088,21.15375,26.4375,300,-127.0,False,1
2026-08-27T16:01:07+00:00,LIFEPO4,solar_ems_001,3.056,13.3425,0.593509,0.088,21.185,26.4375,300,-127.0,False,1
2026-08-27T16:06:07+00:00,LIFEPO4,solar_ems_001,1.57,13.34625,0.636592,0.086,21.21,26.4375,300,-127.0,False,1
2026-08-27T16:11:07+00:00,LIFEPO4,solar_ems_001,-0.286,13.34375,0.510692,0.096,21.28625,26.4375,300,-127.0,False,1
2026-08-27T16:16:07+00:00,LIFEPO4,solar_ems_001,0.226,13.3375,0.662178,0.09,21.32875,26.4375,300,-127.0,False,1
2026-08-27T16:21:07+00:00,LIFEPO4,solar_ems_001,1.016,13.33,0.493149,0.04,18.3975,22.375,300,22.375,True,1
2026-08-27T16:26:07+00:00,LIFEPO4,solar_ems_001,1.346,13.3275,0.527595,0.332,19.66375,22.375,300,-127.0,False,1
2026-08-27T16:31:07+00:00,LIFEPO4,solar_ems_001,2.87,13.3325,0.688504,0.3,20.5775,22.375,300,-127.0,False,1
2026-08-27T16:36:07+00:00,LIFEPO4,solar_ems_001,0.056,13.31,0.611525,0.156,21.79125,22.4375,300,22.4375,True,1
2026-08-27T16:41:07+00:00,LIFEPO4,solar_ems_001,-1.13,13.34125,0.53629,0.106,22.0925,22.4375,300,-127.0,False,1
2026-08-27T16:46:07+00:00,LIFEPO4,solar_ems_001,0.068,13.33375,0.818853,0.104,21.98,22.4375,300,-127.0,False,1
2026-08-27T16:51:07+00:00,LIFEPO4,solar_ems_001,1.612,13.31375,0.829147,0.094,21.75,22.4375,300,-127.0,False,1
2026-08-27T16:56:07+00:00,LIFEPO4,solar_ems_001,3.06,13.30875,0.629098,0.086,21.68625,22.3125,300,22.3125,True,1
2026-08-27T17:01:07+00:00,LIFEPO4,solar_ems_001,3.368,13.31,0.819052,0.122,21.67375,22.3125,300,-127.0,False,1
2026-08-27T17:06:07+00:00,LIFEPO4,solar_ems_001,-0.368,13.32375,0.605308,0.09,21.6175,22.3125,300,-127.0,False,1
2026-08-27T17:11:07+00:00,LIFEPO4,solar_ems_001,-1.016,13.31625,0.685094,0.104,21.61625,22.3125,300,-127.0,False,1
2026-08-27T17:16:07+00:00,LIFEPO4,solar_ems_001,-1.014,13.30125,0.677304,0.086,21.57125,22.3125,300,22.3125,True,1
2026-08-27T17:21:07+00:00,LIFEPO4,solar_ems_001,2.064,13.29625,0.541602,0.066,21.66125,22.3125,300,-127.0,False,1
2026-08-27T18:21:07+00:00,LIFEPO4,solar_ems_001,1.366,13.2975,0.652416,-0.006,0.32,22.5,300,22.5,True,1
2026-08-27T18:26:07+00:00,LIFEPO4,solar_ems_001,3.062,13.30875,0.929073,-0.054,0.375,22.5,300,-127.0,False,1
2026-08-27T18:31:07+00:00,LIFEPO4,solar_ems_001,2.566,13.2975,0.700297,0.036,0.4725,22.5,300,-127.0,False,1
2026-08-27T18:36:07+00:00,LIFEPO4,solar_ems_001,-1.168,13.3075,0.657378,0.004,0.51125,22.5,300,-127.0,False,1
2026-08-27T18:41:07+00:00,LIFEPO4,solar_ems_001,-1.188,13.30875,0.766859,-0.026,0.53,22.5,300,-127.0,False,1
2026-08-27T18:46:07+00:00,LIFEPO4,solar_ems_001,1.026,13.2875,0.597378,-0.056,0.57875,22.5,300,-127.0,False,1
2026-08-27T18:51:07+00:00,LIFEPO4,solar_ems_001,3.284,13.30125,0.680982,-0.022,0.58875,22.5,300,-127.0,False,1
2026-08-27T18:56:07+00:00,LIFEPO4,solar_ems_001,3.226,13.28875,0.79405,0.0,0.535,22.5,300,-127.0,False,1
2026-08-27T19:01:07+00:00,LIFEPO4,solar_ems_001,-0.138,13.2975,0.76538,0.026,0.47875,22.5,300,-127.0,False,1
2026-08-27T19:06:07+00:00,LIFEPO4,solar_ems_001,-0.524,13.30125,0.654946,-0.068,0.44,22.5,300,-127.0,False,1
2026-08-27T19:11:07+00:00,LIFEPO4,solar_ems_001,-0.346,13.30375,0.713072,-0.006,0.32875,22.5,300,-127.0,False,1
2026-08-27T19:16:07+00:00,LIFEPO4,solar_ems_001,2.514,13.3,0.526473,-0.006,0.33125,22.5,300,-127.0,False,1
2026-08-27T19:21:07+00:00,LIFEPO4,solar_ems_001,2.964,13.28625,0.679511,0.004,0.4175,22.5,300,-127.0,False,1
2026-08-27T19:26:07+00:00,LIFEPO4,solar_ems_001,2.218,13.295,0.47609,-0.024,0.55,22.5,300,-127.0,False,1
2026-08-27T19:31:06+00:00,LIFEPO4,solar_ems_001,-1.202,13.295,0.568741,-0.074,0.5625,22.5,300,-127.0,False,1
2026-08-27T19:36:06+00:00,LIFEPO4,solar_ems_001,-1.166,13.3,0.627733,-0.036,0.5275,22.5,300,-127.0,False,1
2026-08-27T19:41:06+00:00,LIFEPO4,solar_ems_001,0.642,13.29375,0.658308,-0.008,0.575,22.5,300,-127.0,False,1
2026-08-27T19:46:06+00:00,LIFEPO4,solar_ems_001,3.16,13.2925,0.502239,-0.006,0.5725,22.5,300,-127.0,False,1
2026-08-27T19:51:06+00:00,LIFEPO4,solar_ems_001,2.606,13.29,0.488661,-0.014,0.53875,22.5,300,-127.0,False,1
2026-08-27T19:56:06+00:00,LIFEPO4,solar_ems_001,2.84,13.295,0.636858,-0.006,0.49,22.5,300,-127.0,False,1
2026-08-27T20:01:06+00:00,LIFEPO4,solar_ems_001,-0.362,13.29875,0.687777,-0.008,0.45875,22.8125,300,22.8125,True,1
2026-08-27T20:06:06+00:00,LIFEPO4,solar_ems_001,-1.084,13.29875,0.605267,-0.014,0.3475,22.8125,300,-127.0,False,1
2026-08-27T20:11:06+00:00,LIFEPO4,solar_ems_001,0.416,13.3075,0.493691,-0.008,0.39375,22.8125,300,-127.0,False,1
2026-08-27T20:16:06+00:00,LIFEPO4,solar_ems_001,2.428,13.29125,0.606679,0.024,0.50375,22.8125,300,-127.0,False,1
2026-08-27T20:21:06+00:00,LIFEPO4,solar_ems_001,3.284,13.2975,0.575568,-0.002,0.6525,22.8125,300,-127.0,False,1
2026-08-27T20:26:06+00:00,LIFEPO4,solar_ems_001,-1.032,13.29375,0.649512,-0.014,0.67625,22.8125,300,-127.0,False,1
2026-08-27T20:31:06+00:00,LIFEPO4,solar_ems_001,-0.79,13.29375,0.474605,-0.026,0.61875,22.8125,300,-127.0,False,1
2026-08-27T20:36:06+00:00,LIFEPO4,solar_ems_001,0.476,13.29375,0.822067,-0.008,0.6875,22.8125,300,-127.0,False,1
2026-08-27T20:41:06+00:00,LIFEPO4,solar_ems_001,1.798,13.29,0.507404,0.012,0.8175,22.8125,300,-127.0,False,1
2026-08-27T20:46:06+00:00,LIFEPO4,solar_ems_001,3.148,13.2875,0.472497,-0.004,0.7575,22.8125,300,-127.0,False,1
2026-08-27T20:51:06+00:00,LIFEPO4,solar_ems_001,0.112,13.28875,0.455233,-0.008,0.71875,22.8125,300,-127.0,False,1
2026-08-27T20:56:06+00:00,LIFEPO4,solar_ems_001,-1.096,13.29625,0.641932,-0.004,0.48625,22.8125,300,-127.0,False,1
2026-08-27T21:01:06+00:00,LIFEPO4,solar_ems_001,-1.064,13.2925,0.478091,-0.008,0.39625,22.875,300,22.875,True,1
2026-08-27T21:06:06+00:00,LIFEPO4,solar_ems_001,1.758,13.2975,0.593842,-0.01,0.39875,22.8125,300,22.8125,True,1
2026-08-27T21:11:06+00:00,LIFEPO4,solar_ems_001,3.044,13.29625,0.563885,-0.016,0.43375,22.8125,300,-127.0,False,1
2026-08-27T21:16:06+00:00,LIFEPO4,solar_ems_001,3.318,13.28375,0.49661,0.034,0.53125,22.8125,300,-127.0,False,1
2026-08-27T21:21:06+00:00,LIFEPO4,solar_ems_001,-0.296,13.28625,0.602942,-0.022,0.55625,22.8125,300,-127.0,False,1
2026-08-27T21:26:06+00:00,LIFEPO4,solar_ems_001,-0.966,13.31,0.445619,-0.016,0.68625,22.8125,300,-127.0,False,1
2026-08-27T21:31:06+00:00,LIFEPO4,solar_ems_001,0.328,13.2925,0.776533,-0.058,0.71875,22.8125,300,-127.0,False,1
2026-08-27T21:36:06+00:00,LIFEPO4,solar_ems_001,0.884,13.29,0.697891,-0.038,0.6275,22.8125,300,-127.0,False,1
